v-sweep,v(out),i(VDD)
0.15,0.1513606761509142,-0.0002063024373459097
0.2,0.2011009653831856,-0.0002134070826899238
0.25,0.250951609875192,-0.0002167122637651896
0.3,0.3008623789039571,-0.0002184163689924113
0.35,0.3508086721355568,-0.0002192843676627002
0.4,0.4007766289124228,-0.0002196777628604002
0.45,0.4507575576476541,-0.0002197984286624191
0.4999999999999999,0.5007458695609275,-0.000219765989917436
0.5499999999999999,0.5507383568152782,-0.0002196489419718255
0.6,0.6007331269136542,-0.000219484254792816
0.65,0.6507292950693577,-0.0002192913995361371
0.7000000000000001,0.7007263178377485,-0.0002190807875344306
0.7500000000000001,0.750723888941728,-0.0002188582082533831
0.8000000000000002,0.8007218529266776,-0.0002186271022789378
0.8500000000000002,0.8507201149135627,-0.0002183895495348025
0.9000000000000002,0.9007185541524972,-0.0002181469185809273
0.9500000000000003,0.9507171697997443,-0.0002179001211369963
1.0,1.000715916404425,-0.0002176497774857192
1.05,1.050714771153543,-0.0002173963465985703
1.1,1.10071371975847,-0.0002171401223147147
1.15,1.150712740057034,-0.0002168813465565192
1.2,1.200711804076199,-0.0002166201880974434
1.25,1.250710942017703,-0.0002163567604174941
1.3,1.300710125455366,-0.0002160911519279503
1.350000000000001,1.350709345637892,-0.0002158233977244157
1.400000000000001,1.400708621066575,-0.0002155535342705582
1.450000000000001,1.450707882985183,-0.0002152815603023814
1.500000000000001,1.500707206465881,-0.000215007469185404
1.550000000000001,1.550706559389532,-0.0002147312192540304
1.600000000000001,1.600705910831417,-0.0002144527769791869
1.650000000000001,1.650705314824384,-0.0002141720640164376
1.700000000000001,1.70070472349563,-0.0002138890302915709
1.750000000000001,1.750704137340188,-0.0002136035526923549
1.800000000000001,1.80070356966624,-0.0002133155380230278
1.850000000000001,1.850703037372095,-0.000213024871081863
1.900000000000001,1.900702501153571,-0.0002127313872293457
1.950000000000001,1.950701972426969,-0.0002124349309492934
2.000000000000001,2.000701485403189,-0.0002121353137453096
2.050000000000001,2.050700971013246,-0.0002118323126240927
2.100000000000001,2.100700491766527,-0.0002115256864283983
2.15,2.150700016918572,-0.000211215154268379
2.2,2.200699537717869,-0.0002109003852716569
2.25,2.250699088239454,-0.0002105810133831538
2.3,2.300698622870829,-0.000210256603164219
2.35,2.350698172233645,-0.0002099266390386749
2.399999999999999,2.400697718087784,-0.0002095905351189697
2.449999999999999,2.450697281147284,-0.0002092475810534019
2.499999999999999,2.500696840311021,-0.0002088969095701741
2.549999999999999,2.550696409780539,-0.0002085374895883181
2.599999999999999,2.600695969960057,-0.0002081680143948249
2.649999999999999,2.650695542906965,-0.0002077868400268192
2.699999999999998,2.70069510130972,-0.0002073917934564193
2.749999999999998,2.750694662188041,-0.0002069799796954093
2.799999999999998,2.800694213220633,-0.0002065471958948335
2.849999999999998,2.850693758682302,-0.0002060871549718041
2.899999999999998,2.90069329642389,-0.0002055893669312032
2.949999999999998,2.950692796802856,-0.0002050342416112927
2.999999999999997,3.000692260971472,-0.0002043785098304565
3.049999999999997,3.050691626764939,-0.0002035027929928547
3.099999999999997,3.100690691701994,-0.0002019712067186157
3.149999999999997,3.150688611067942,-0.0001977983483158525
