frequency_Hz,real_Aol,imag_Aol
1.0,81291.9767393189,-2235.19696922283
1.03912230383517,81287.0791104104,-2322.50321864084
1.07977516232771,81281.783869497,-2413.20758644695
1.12201845430196,81276.0751424493,-2507.44183756182
1.16591440117983,81269.911900874,-2605.34129103863
1.21152765862859,81263.2580349066,-2707.04672629206
1.25892541179417,81256.0745786732,-2812.70411293709
1.30817747426019,81248.3058434705,-2922.46379270221
1.35935639087852,81239.9337533904,-3036.48453832421
1.41253754462275,81230.8957150697,-3154.92793840152
1.46779926762207,81221.1389229474,-3277.96238478458
1.52522295653902,81210.6064118643,-3405.76229527225
1.58489319246111,81199.2367340086,-3538.50828150428
1.64689786548287,81186.9636114175,-3676.38731528117
1.71132830416178,81173.7019571431,-3819.59160915212
1.77827941003892,81159.4019029626,-3968.3238593074
1.84784979742229,81143.9667144143,-4122.78984878917
1.9201419386388,81127.299248188,-4283.20278677268
1.99526231496888,81109.3043640791,-4449.78387326597
2.07332157348595,81089.8975463968,-4622.76366004902
2.15443469003188,81068.9529689648,-4802.37647089372
2.23872113856834,81046.3361351371,-4988.86386949102
2.32630506715362,81021.9438184214,-5182.47993414912
2.4173154808041,80995.6145917762,-5383.48047225479
2.51188643150958,80967.1987273405,-5592.13164683747
2.61015721568253,80936.5529290862,-5808.70991747487
2.71227257933202,80903.4749186849,-6033.49284933061
2.81838293126445,80867.8029795752,-6266.77337691137
2.92864456462523,80829.2997290818,-6508.84261775736
3.04321988710772,80787.7885372882,-6760.01097189851
3.16227766016837,80743.0002303844,-7020.58370105194
3.28599324760065,80694.6883235719,-7290.87931501483
3.4145488738336,80642.5962535676,-7571.22460898664
3.54813389233575,80586.4309961523,-7861.94963835997
3.68694506451957,80525.8675761238,-8163.38779363637
3.83118684955728,80460.5758833496,-8475.88075950515
3.98107170553496,80390.1880467542,-8799.77158913919
4.1368204023885,80314.3189193316,-9135.40833565898
4.29866234708227,80232.5659243823,-9483.14376765051
4.46683592150962,80144.4793683469,-9843.3277006776
4.64158883361277,80049.5784070666,-10216.3093910598
4.8231784822393,79947.3666184411,-10602.4406493118
5.01187233627271,79837.282195957,-11002.0615177752
5.20794832859545,79718.7583127497,-11415.5147708199
5.41169526546462,79591.1763015551,-11843.1317781978
5.62341325190348,79453.8767544376,-12285.2333186498
5.84341413373516,79306.1575917369,-12742.1266998117
6.07202195690987,79147.2721692174,-13214.1025441451
6.30957344480191,78976.4149325162,-13701.4267372314
6.55641849417977,78792.7505414329,-14204.3470334054
6.81292069057959,78595.401979401,-14723.0860279176
7.07945784384136,78383.4135936419,-15257.8226735692
7.35642254459639,78155.7859410116,-15808.6999543064
7.64422274252598,77911.4840328332,-16375.8238262005
7.94328234724279,77649.4068973647,-16959.2448920255
8.25404185268016,77368.3880939246,-17558.9508662421
8.57695898590891,77067.2316926397,-18174.8758962339
8.91250938133743,76744.6712006868,-18806.8733976701
9.2611872812879,76399.3975135473,-19454.720161159
9.62350626398085,76030.0512323192,-20118.1028086221
9.99999999999996,75635.2189589061,-20796.6042107964
10.3912230383517,75213.4817351841,-21489.7201437735
10.7977516232771,74763.3404793964,-22196.8022500087
11.2201845430196,74283.3086966429,-22917.1000968587
11.6591440117983,73771.8541902784,-23649.7098875982
12.1152765862858,73227.4414854395,-24393.5849100838
12.5892541179416,72648.5493323535,-25147.5318118023
13.0817747426019,72033.6712324383,-25910.193607445
13.5935639087852,71381.3143871425,-26680.0277925958
14.1253754462275,70690.0661119429,-27455.3411975284
14.6779926762206,69958.5480851706,-28234.2301946997
15.2522295653901,69185.4755911078,-29014.6089248556
15.8489319246111,68369.6944454239,-29794.2254267145
16.4689786548286,67510.1652237518,-30570.6246466955
17.1132830416177,66606.0071817527,-31341.1705055216
17.7827941003892,65656.5288574956,-32103.0602415942
18.4784979742228,64661.2373091673,-32853.3151391443
19.2014193863879,63619.887413876,-33588.8252995059
19.9526231496887,62532.4749661801,-34306.3245345258
20.7332157348595,61399.2979471929,-35002.4662340917
21.5443469003187,60220.9531054688,-35673.8152232771
22.3872113856833,58998.3570637212,-36316.8788384626
23.2630506715361,57732.7739500593,-36928.163695868
24.1731548080409,56425.8173847633,-37504.1981688369
25.1188643150957,55079.4528885364,-38041.56127192
26.1015721568252,53696.0124586419,-38536.9572492882
27.1227257933201,52278.1835831428,-38987.2520456017
28.1838293126444,50828.9872334068,-39389.4844098371
29.2864456462522,49351.7735941769,-39740.9511763053
30.4321988710771,47850.1933919809,-40039.246614259
31.6227766016836,46328.1599837202,-40282.2734946902
32.8599324760064,44789.8169022307,-40468.2983437763
34.1454887383358,43239.4936064288,-40595.9741457845
35.4813389233573,41681.6587499785,-40664.3713229616
36.8694506451955,40120.8684534603,-40672.9920297699
38.3118684955727,38561.7130851438,-40621.7741854369
39.8107170553495,37008.7645360217,-40511.084780294
41.3682040238848,35466.521557169,-40341.7384204258
42.9866234708225,33939.3590121055,-40114.9604846413
44.668359215096,32431.4783658826,-39832.377334516
46.4158883361275,30946.8643355416,-39495.9806525146
48.2317848223928,29489.2455987272,-39108.0963390166
50.1187233627269,28062.0596122267,-38671.3523552365
52.0794832859543,26668.4286680321,-38188.6260164198
54.116952654646,25311.1362254937,-37663.0113259823
56.2341325190346,23992.6148984026,-37097.7682277965
58.4341413373514,22714.9390143991,-36496.278832886
60.7202195690985,21479.8235811404,-35862.0038978215
63.0957344480189,20288.6309096234,-35198.4377802375
65.5641849417975,19142.376323143,-34509.0771222939
68.1292069057957,18041.7470641153,-33797.376533067
70.7945784384133,16987.1216254127,-33066.7157109059
73.5642254459636,15978.5836645337,-32320.3818325083
76.4422274252595,15015.955746982,-31561.530577121
79.4328234724276,14098.8125439701,-30793.1818897832
82.5404185268013,13226.5166541836,-30018.190790963
85.7695898590888,12398.2413821308,-29239.240006708
89.1250938133739,11612.9913135745,-28458.836707142
92.6118728128787,10869.6362550697,-27679.29788671
96.2350626398082,10166.9266552202,-26902.756923896
99.9999999999993,9503.51993570367,-26131.1599823759
103.912230383516,8878.00178011168,-25366.2685679641
107.97751623277,8288.9055707751,-24609.6641575015
112.201845430196,7734.72544520683,-23862.757718333
116.591440117982,7213.93830213637,-23126.7921334159
121.152765862858,6725.01277089903,-22402.8542616525
125.892541179416,6266.42193874033,-21691.8832575324
130.817747426018,5836.65671852237,-20994.6780785812
135.935639087852,5434.23310593885,-20311.9083386181
141.253754462274,5057.69584574924,-19644.126095063
146.779926762206,4705.63035525888,-18991.7719489795
152.522295653901,4376.66626417385,-18355.1854137359
158.48931924611,4069.47802378091,-17734.6156625618
164.689786548286,3782.79024076892,-17130.22885792
171.132830416177,3515.3795280409,-16542.1165320482
177.827941003891,3266.07589569261,-15970.3033925217
184.784979742228,3033.76241400721,-15414.7550788922
192.014193863879,2817.37674545193,-14875.3843850812
199.526231496886,2615.90806045356,-14352.0587083591
207.332157348594,2428.40059746929,-13844.6041924403
215.443469003187,2253.94788687433,-13352.8129458024
223.872113856832,2091.69456915956,-12876.4467535107
232.630506715361,1940.83424332157,-12415.2418360553
241.731548080408,1800.60628450763,-11968.9134071521
251.188643150956,1670.29622549449,-11537.1586415108
261.015721568252,1549.2323011171,-11119.6605024449
271.227257933201,1436.78406333509,-10716.0905429554
281.838293126443,1332.36087564258,-10326.1114459507
292.864456462521,1235.40872339213,-9949.37973611599
304.32198871077,1145.40986105619,-9585.54745125102
316.227766016835,1061.87956131616,-9234.26435410237
328.599324760063,984.365456696244,-8895.17926739377
341.454887383357,912.4443940571,-8567.94181592451
354.813389233572,845.722219305236,-8252.20332159406
368.694506451955,783.830623813889,-7947.6182074445
383.118684955726,726.426769199898,-7653.84465417294
398.107170553494,673.191028924118,-7370.54554587858
413.682040238847,623.825542719986,-7097.38912640055
429.866234708224,578.053422082464,-6834.0494494009
446.683592150959,535.61668116613,-6580.20697883599
464.158883361274,496.275438291759,-6335.54888423882
482.317848223926,459.80660930202,-6099.76936167932
501.187233627268,426.002831583489,-5872.56986303614
520.794832859542,394.671241580461,-5653.65929251733
541.169526546459,365.6328054137,-5442.75408061941
562.341325190344,338.721221063832,-5239.57828945285
584.341413373512,313.78195788003,-5043.86365450504
607.202195690983,290.671489956651,-4855.34957824126
630.957344480187,269.256712862473,-4673.78308080101
655.641849417973,249.414033194218,-4498.918766486
681.292069057955,231.028684524676,-4330.51874886106
707.945784384131,213.994193855252,-4168.35254000591
735.642254459634,198.211855460545,-4012.19693499729
764.422274252593,183.590091789935,-3861.83589617586
794.328234724274,170.043870362481,-3717.06042179693
825.40418526801,157.49443969246,-3577.66838127157
857.695898590886,145.868726242576,-3443.46437569899
891.250938133737,135.098933243455,-3314.25958151188
926.118728128784,125.122298766157,-3189.87157132508
962.350626398079,115.880573393761,-3070.12416803459
999.99999999999,107.31974882087,-2954.84726687691
1039.12230383516,99.3897957699562,-2843.87666643368
1079.7751623277,92.044352572676,-2737.05390170147
1122.01845430195,85.240428864341,-2634.22607898978
1165.91440117982,78.9381361455344,-2535.2457104217
1211.52765862858,73.1006016255086,-2439.97053654931
1258.92541179415,67.6936133145002,-2348.26337735418
1308.17747426018,62.6854603265242,-2259.99196664532
1359.35639087851,58.0467555103569,-2175.02879292125
1412.53754462274,53.7502946110744,-2093.25094525163
1467.79926762205,49.7708631992843,-2014.53996141695
1525.222956539,46.0850847202503,-1938.78168326501
1584.8931924611,42.67131140114,-1865.86610542279
1646.89786548285,39.5095064488923,-1795.68723989638
1711.32830416176,36.5810815805287,-1728.1429762645
1778.2794100389,33.8688196196419,-1663.13494817205
1847.84979742227,31.3567812332238,-1600.56840240067
1920.14193863878,29.0301993709443,-1540.35207356328
1995.26231496886,26.8753849309758,-1482.39806173394
2073.32157348593,24.8796738990276,-1426.62171265825
2154.43469003186,23.031320220103,-1372.9415024351
2238.72113856831,21.3194473306775,-1321.27892729826
2326.3050671536,19.733988367005,-1271.55839197612
2417.31548080408,18.2656122293234,-1223.7071088086
2511.88643150955,16.9056707423519,-1177.65499528551
2610.15721568251,15.6461601597046,-1133.33457451663
2712.272579332,14.4796756283041,-1090.68088116251
2818.38293126442,13.3993410089034,-1049.63137219746
2928.6445646252,12.3987955962246,-1010.12583642827
3043.21988710769,11.4721457814487,-972.106307961068
3162.27766016834,10.6139448777812,-935.516987483208
3285.99324760062,9.81913143309115,-900.304158471422
3414.54887383356,9.08302505461276,-866.416114096027
3548.13389233571,8.40129365012996,-833.803080832904
3686.94506451953,7.76991630907968,-802.41714826697
3831.18684955724,7.18517922763812,-772.212199232132
3981.07170553493,6.64363449300457,-743.143844349256
4136.82040238846,6.14209506738146,-715.169356848903
4298.66234708223,5.67760355891825,-688.247612070652
4466.83592150958,5.24742464289883,-662.339026591343
4641.58883361272,4.84902351278588,-637.405502612257
4823.17848223925,4.4800534669629,-613.41037099328
5011.87233627266,4.13834045108348,-590.318338632785
5207.9483285954,3.8218710783234,-568.095437322077
5411.69526546457,3.5287792481665,-546.708974062433
5623.41325190342,3.25734150215953,-526.127483854772
5843.4141337351,3.0059562502236,-506.320682945632
6072.02195690981,2.77314147696367,-487.25942593894
6309.57344480185,2.55752638858022,-468.915661838976
6556.41849417971,2.35784006321856,-451.262394033598
6812.92069057953,2.17290551617461,-434.273640412499
7079.45784384129,2.00163418455308,-417.924395655336
7356.42254459632,1.84301576174952,-402.19059415824
7644.22274252591,1.6961158982537,-387.04907552171
7943.28234724271,1.56006834588363,-372.477549751975
8254.04185268008,1.43407159583594,-358.454565322007
8576.95898590883,1.31738379733494,-344.959477298781
8912.50938133734,1.20931659312963,-331.972417440185
9261.18728128781,1.10923293994138,-319.474264598562
9623.50626398076,1.01654376116999,-307.44661691391
9999.99999999987,0.930702549626815,-295.871764785131
10391.2230383516,0.8512026749718,-284.732665107217
10797.751623277,0.777576340271022,-274.012915548252
11220.1845430195,0.709389585691351,-263.696731187699
11659.1440117982,0.646240655744103,-253.768921050328
12115.2765862857,0.587757026682164,-244.214865755787
12589.2541179415,0.533593989094292,-235.020495928714
13081.7747426018,0.483432760273802,-226.172271744158
13593.5639087851,0.436977284183756,-217.657162912172
14125.3754462274,0.393953935114504,-209.462629569551
14677.9926762205,0.35410926904355,-201.576603619517
15252.22956539,0.317208368657309,-193.987471374855
15848.9319246109,0.283033636553289,-186.684056150128
16468.9786548285,0.251383712743205,-179.65560185618
17113.2830416176,0.222072164242173,-172.891757457514
17782.794100389,0.194926209987493,-166.382561312935
18478.4979742226,0.169785688638453,-160.118426882022
19201.4193863878,0.146502668842349,-154.090128399918
19952.6231496885,0.124939669217442,-148.288787391622
20733.2157348593,0.10496987608045,-142.70585964361
21544.3469003185,0.0864754903230171,-137.333122451208
22387.2113856831,0.0693473967640429,-132.162662763395
23263.0506715359,0.053484731818969,-127.186865359712
24173.1548080407,0.0387940656363996,-122.398401651262
25118.8643150954,0.0251886720728265,-117.790218965223
26101.572156825,0.0125884601765241,-113.355530208121
27122.7257933199,0.000919174046096416,-109.087803575771
28183.8293126441,-0.00988802134429366,-104.980753377399
29286.4456462519,-0.0198967372101104,-101.028330410728
30432.1988710768,-0.0291660550892177,-97.2247133585696
31622.7766016833,-0.0377505612255823,-93.5642998332353
32859.9324760061,-0.0457008205734766,-90.041698505406
34145.4887383355,-0.0530637472491274,-86.6517210883985
35481.338923357,-0.0598827401732145,-83.389374417653
36869.4506451952,-0.0661979300960047,-80.2498534461904
38311.8684955723,-0.0720465922965108,-77.2285339819011
39810.7170553491,-0.077463172075094,-74.3209659529575
41368.2040238844,-0.0824796035485961,-71.5228667928488
42986.6234708221,-0.0871254560639894,-68.8301151495672
44668.3592150956,-0.091428095640107,-66.2387448888273
46415.8883361271,-0.0954129039248918,-63.7449391739959
48231.7848223923,-0.0991033515947668,-61.3450248478722
50118.7233627265,-0.102521192957243,-59.0354670407838
52079.4832859538,-0.105686563884026,-56.8128639806202
54116.9526546455,-0.108618129190182,-54.6739419991371
56234.132519034,-0.111333180547388,-52.6155506199085
58434.1413373508,-0.113847693241868,-50.6346580089318
60720.2195690979,-0.116176508596971,-48.7283465040278
63095.7344480184,-0.11833334009313,-46.8938082343818
65564.1849417969,-0.120330903654749,-45.1283410851998
68129.2069057951,-0.122180977500109,-43.4293446829171
70794.5784384127,-0.123894453468289,-41.7943165174995
73564.225445963,-0.125481443859307,-40.2208483395702
76442.2274252588,-0.126951294571777,-38.7066225454892
79432.8234724269,-0.128312675270218,-37.2494088047171
82540.4185268005,-0.129573604911934,-35.8470607433874
85769.589859088,-0.130741505727572,-34.4975128214885
89125.0938133731,-0.131823285568999,-33.1987772559657
92611.8728128779,-0.132825300120715,-31.9489411199178
96235.0626398073,-0.133753460000134,-30.7461634685416
99999.9999999984,-0.134613237947234,-29.58867273379
103912.230383515,-0.135409700988977,-28.4747639846868
107977.516232769,-0.136147540293078,-27.4027965353054
112201.845430195,-0.136831110684021,-26.371191467378
116591.440117981,-0.137464435938571,-25.3784292836551
121152.765862857,-0.138051248708008,-24.4230477232618
125892.541179415,-0.138595008307949,-23.5036395803817
130817.747426017,-0.139098923251421,-22.6188506281445
135935.63908785,-0.139565957170867,-21.7673776450254
141253.754462273,-0.139998869856975,-20.9479664690236
146779.926762205,-0.140400207040529,-20.1594101664711
152522.295653899,-0.140772338306575,-19.4005472527429
158489.319246109,-0.141117454413201,-18.6702599661632
164689.786548284,-0.141437587634678,-17.9674726572104
171132.830416175,-0.141734628307374,-17.2911501575999
177827.941003889,-0.142010327630853,-16.6402963110751
184784.979742226,-0.142266306656464,-16.013952438209
192014.193863877,-0.142504076825338,-15.4111959788258
199526.231496885,-0.142725038182881,-14.8311391260293
207332.157348592,-0.14293049468518,-14.2729274833241
215443.469003185,-0.143121656474299,-13.7357388508326
223872.11385683,-0.143299649815275,-13.2187819863263
232630.506715359,-0.143465524423581,-12.7212954460135
241731.548080406,-0.143620256553915,-12.242546457292
251188.643150954,-0.143764759257121,-11.7818298633251
261015.721568249,-0.143899883443292,-11.3384670527014
271227.257933198,-0.144026426396838,-10.9118049900366
281838.29312644,-0.144145134023642,-10.501215226252
292864.456462518,-0.144256704558104,-10.1060929823989
304321.988710767,-0.144361795741065,-9.72585626785849
316227.766016832,-0.144461027895031,-9.35994501990366
328599.32476006,-0.144554984561445,-9.00782026837251
341454.887383354,-0.144644219740877,-8.66896335342426
354813.389233569,-0.144729259641381,-8.34287516203054
368694.506451951,-0.144810604366659,-8.02907537582005
383118.684955722,-0.144888733436954,-7.72710177930221
398107.17055349,-0.144964107033454,-7.43650958366139
413682.040238843,-0.145037168933892,-7.15687075451141
429866.23470822,-0.145108348915463,-6.88777338979829
446683.592150955,-0.145178066146254,-6.62882111446757
464158.883361269,-0.145246731026142,-6.37963250531918
482317.848223922,-0.145314749103599,-6.13984051012122
501187.233627263,-0.145382517092422,-5.90909189471737
520794.832859537,-0.145450436323683,-5.68704678494081
541169.526546454,-0.145518903025454,-5.47337808206851
562341.325190339,-0.145588320437259,-5.26777104811503
584341.413373507,-0.145659096640031,-5.06992281406073
607202.195690977,-0.14573164634549,-4.87954193090987
630957.344480182,-0.145806395925498,-4.69634794850063
655641.849417967,-0.145883781405496,-4.52007098722212
681292.069057949,-0.145964256543815,-4.35045136150444
707945.784384125,-0.146048292259311,-4.1872391825974
735642.254459628,-0.146136381163021,-4.0301940058156
764422.274252586,-0.146229034695192,-3.87908443532746
794328.234724267,-0.146326794266175,-3.73368782815032
825404.185268003,-0.146430229908735,-3.59378995554225
857695.898590878,-0.146539945119629,-3.45918466675611
891250.938133729,-0.146656574513364,-3.32967359181023
926118.728128776,-0.146780798295187,-3.20506586980529
962350.62639807,-0.146913331716844,-3.08517781873653
999999.999999981,-0.147054944879803,-2.9698327222768
1039122.30383515,-0.147206455086516,-2.85886053004949
1079775.16232769,-0.14736873900208,-2.75209761195172
1122018.45430194,-0.147542725586692,-2.64938650852846
1165914.40117981,-0.147729419903497,-2.55057572618485
1211527.65862857,-0.147929886642675,-2.45551946131935
1258925.41179414,-0.148145274218195,-2.36407743186321
1308177.47426017,-0.148376813311473,-2.27611464402893
1359356.3908785,-0.148625819746751,-2.19150118231039
1412537.54462273,-0.148893704953042,-2.11011203031133
1467799.26762204,-0.149181984237243,-2.03182686994433
1525222.95653899,-0.149492283305467,-1.95652990793088
1584893.19246108,-0.149826343160018,-1.88410969175392
1646897.86548284,-0.150186034515403,-1.81445894422077
1711328.30416175,-0.150573358260488,-1.74747438794915
1778279.41003889,-0.150990464065258,-1.68305660323753
1847849.79742225,-0.15143965390707,-1.62110985275474
1920141.93863876,-0.151923394074236,-1.56154194495863
1995262.31496884,-0.152444326045999,-1.50426407573957
2073321.57348591,-0.153005275546037,-1.44919069078398
2154434.69003184,-0.153609270545616,-1.39623934949673
2238721.13856829,-0.154259546567689,-1.34533058024387
2326305.06715358,-0.154959558847615,-1.29638774646782
2417315.48080405,-0.155713000523836,-1.24933692118341
2511886.43150953,-0.156523815723137,-1.20410675514726
2610157.21568248,-0.157396204018687,-1.16062834202472
2712272.57933197,-0.158334647257581,-1.11883509854395
2818382.9312644,-0.159343911391185,-1.07866263448555
2928644.56462518,-0.160429067886623,-1.04004862810792
3043219.88710766,-0.161595505116662,-1.00293270307581
3162277.66016831,-0.162848944093606,-0.967256293753904
3285993.24760059,-0.164195444656677,-0.932962519249103
3414548.87383353,-0.16564143098819,-0.899996063710919
3548133.89233568,-0.167193689095036,-0.86830302890755
3686945.0645195,-0.168859392172689,-0.837830810895105
3831186.84955721,-0.170646102400875,-0.808527948872043
3981071.70553489,-0.172561778582305,-0.780343991794321
4136820.40238842,-0.17461479609802,-0.753229340866611
4298662.34708219,-0.176813936978454,-0.727135090913807
4466835.92150954,-0.179168406074772,-0.70201286200889
4641588.83361268,-0.181687820025858,-0.67781462507732
4823178.4822392,-0.184382215553374,-0.65449250520337
5011872.33627262,-0.187262030935103,-0.631998572301843
5207948.32859535,-0.190338097716909,-0.610284612840528
5411695.26546452,-0.193621617887776,-0.589301878637294
5623413.25190337,-0.19712412571077,-0.56900080053622
5843414.13373505,-0.200857444031681,-0.549330668947492
6072021.95690975,-0.204833608896825,-0.53023927645541
6309573.4448018,-0.209064775438233,-0.511672494120338
6556418.49417965,-0.213563078227373,-0.493573796740853
6812920.69057946,-0.2183404370313,-0.475883701421673
7079457.84384122,-0.223408284366676,-0.458539122369438
7356422.54459625,-0.228777196731962,-0.441472608485493
7644222.74252583,-0.234456363353738,-0.424611464808458
7943282.34724264,-0.240452858028416,-0.407876733636532
8254041.85268,-0.246770646488328,-0.391182016764499
8576958.98590875,-0.253409190237751,-0.374432155485706
8912509.38133726,-0.260361556399649,-0.35752177861327
9261187.28128773,-0.267611837269468,-0.340333758314175
9623506.26398067,-0.275131654556947,-0.322737707923152
9999999.99999978,-0.282875491104619,-0.304588701277461
10391223.0383515,-0.290774530040286,-0.285726557132318
10797751.6232769,-0.298728671418476,-0.265976259262583
11220184.5430194,-0.306596459515796,-0.245150347834593
11659144.0117981,-0.314182845583696,-0.223054568968512
12115276.5862856,-0.321225160273691,-0.199498515027359
12589254.1179414,-0.327378527910466,-0.174313506679461
13081774.7426016,-0.332203406651067,-0.147380196097922
13593563.9087849,-0.33516005257935,-0.118667865385958
14125375.4462272,-0.335617378421919,-0.0882855580720018
14677992.6762204,-0.332885886495956,-0.056540809864982
15252229.5653898,-0.326284352007171,-0.0239947078051943
15848931.9246108,-0.315244622600602,0.00850683354560714
16468978.6548283,-0.29944570267199,0.0398520753621928
17113283.0416174,-0.27894850540535,0.0687557419077192
17782794.1003888,-0.254284610263265,0.0939277785033792
18478497.9742225,-0.226451192281924,0.11428764644461
19201419.3863876,-0.196790783058578,0.129161586592644
19952623.1496883,-0.166781361636132,0.138394759434073
20733215.7348591,-0.137802545339844,0.142341131717188
21544346.9003183,-0.11095055185168,0.141744733428668
22387211.3856829,-0.0869456585169723,0.137564824779242
23263050.6715357,-0.0661333063887424,0.130804746775228
24173154.8080405,-0.048549539507255,0.12238459639434
25118864.3150952,-0.0340132478078851,0.113070226923919
26101572.1568247,-0.0222159393046641,0.103450692728126
27122725.7933196,-0.0127934820384697,0.093947850656521
28183829.3126439,-0.00537565913786338,0.0848423023393534
29286445.6462517,0.000384018613050493,0.0763042409304715
30432198.8710765,0.00479332011153599,0.0684225926596912
31622776.601683,0.00811615500889583,0.0612294903587159
32859932.4760058,0.0105733006422951,0.054719360986657
34145488.7383352,0.0123461970300096,0.0488630563101119
35481338.9233567,0.0135820224171003,0.0436178978158134
36869450.6451949,0.0143989988861635,0.0389345678557239
38311868.4955719,0.0148913802854139,0.0347616759894483
39810717.0553488,0.0151338706620617,0.0310486656804673
41368204.0238841,0.0151854024057221,0.0277475664687364
42986623.4708217,0.0150922943024955,0.0248139619287778
44668359.2150952,0.0148908517033519,0.0222074339444217
46415888.3361267,0.0146094875302564,0.0198916649131338
48231784.8223919,0.0142704391301097,0.0178343210180337
50118723.362726,0.0138911496085709,0.016006798526894
52079483.2859534,0.0134853692741826,0.0143838886796414
54116952.654645,0.0130640226226205,0.0129433992455624
56234132.5190335,0.0126358765975469,0.0116657608902559
58434141.3373503,0.0122080398478435,0.0105336415677396
60720219.5690974,0.0117863201351926,0.0095315883382392
63095734.4480178,0.0113754657085659,0.00864571361840586
65564184.9417963,0.0109793189435784,0.00786343728184503
68129206.9057944,0.0106009097974389,0.00717329069299531
70794578.438412,0.0102425157955152,0.00656478079458118
73564225.4459623,0.00990571094828783,0.00602830523615878
76442227.4252581,0.00959141928042924,0.0055551051378225
79432823.4724262,0.00929998131570421,0.00513723948255088
82540418.5267998,0.0090312346340994,0.00476756700951524
85769589.8590873,0.00878460457739016,0.00443972465209496
89125093.8133723,0.00855919872264823,0.00414809601768487
92611872.812877,0.00835389806604822,0.00388776823188212
96235062.6398064,0.00816743932427673,0.00365447794108308
99999999.9999975,0.00799848474780816,0.00344454996479697
