frequency_Hz,real_T,imag_T
1.0,102746.761213459,-3594.41317827901
1.03912230383517,102736.745450314,-3734.67089357384
1.07977516232771,102725.932862346,-3880.3714801914
1.12201845430196,102714.260260495,-4031.72248490471
1.16591440117983,102701.659443287,-4188.93891761191
1.21152765862859,102688.036041499,-4352.24170041948
1.25892541179417,102673.352375178,-4521.86488145822
1.30817747426019,102657.502025585,-4698.04543738972
1.35935639087852,102640.392710458,-4881.03035454794
1.41253754462275,102621.924895597,-5071.07512407066
1.46779926762207,102601.991270346,-5268.44393852695
1.52522295653902,102580.476124999,-5473.40987417921
1.58489319246111,102557.233978864,-5686.25275840077
1.64689786548287,102532.171907721,-5907.26847183423
1.71132830416178,102505.124262537,-6136.75550796602
1.77827941003892,102475.923219927,-6375.02260554675
1.84784979742229,102444.403247003,-6622.38972038079
1.9201419386388,102410.41285327,-6879.19015202993
1.99526231496888,102373.736176487,-7145.76044090812
2.07332157348595,102334.142480789,-7422.44640229246
2.15443469003188,102291.446808317,-7709.61240212318
2.23872113856834,102245.373461443,-8007.62174248362
2.32630506715362,102195.663155984,-8316.85207076688
2.4173154808041,102142.063599348,-8637.69484113366
2.51188643150958,102084.230734108,-8970.53869127041
2.61015721568253,102021.879804945,-9315.79475488548
2.71227257933202,101954.60839097,-9673.86549561855
2.81838293126445,101882.104303022,-10045.1824056684
2.92864456462523,101803.911561687,-10430.1616680281
3.04321988710772,101719.605854774,-10829.2368952772
3.16227766016837,101628.745203904,-11242.849982983
3.28599324760065,101530.839968544,-11671.4440851845
3.4145488738336,101425.304471351,-12115.450468623
3.54813389233575,101311.6097261,-12575.3230891549
3.68694506451957,101189.121175618,-13051.4994368555
3.83118684955728,101057.18704532,-13544.4199283457
3.98107170553496,100915.125406531,-14054.5238788503
4.1368204023885,100762.18103549,-14582.2356736005
4.29866234708227,100597.549089861,-15127.9683383636
4.46683592150962,100420.398208077,-15692.1283368008
4.64158883361277,100229.797344111,-16275.0898622537
4.8231784822393,100024.805988852,-16877.2198079806
5.01187233627271,99804.4047778184,-17498.8520936103
5.20794832859545,99567.5129312242,-18140.2885455275
5.41169526546462,99312.9863049673,-18801.7932270173
5.62341325190348,99039.597026067,-19483.5785749342
5.84341413373516,98746.1069518024,-20185.8289001039
6.07202195690987,98431.125534948,-20908.6351617536
6.30957344480191,98093.2812299957,-21652.0588864586
6.55641849417977,97731.0567997484,-22416.0520621987
6.81292069057959,97342.9627335684,-23200.5272472086
7.07945784384136,96927.3320113099,-24005.2487265504
7.35642254459639,96482.5183500837,-24829.9174066916
7.64422274252598,96006.761531015,-25674.0898808708
7.94328234724279,95498.3100115344,-26537.2311109083
8.25404185268016,94955.3173564294,-27418.6418340138
8.57695898590891,94375.8809789625,-28317.4606573042
8.91250938133743,93758.1181109702,-29232.6952443439
9.2611872812879,93100.0843400675,-30163.1510947189
9.62350626398085,92399.8511784597,-31107.4617370883
9.99999999999996,91655.4932090156,-32064.0589364712
10.3912230383517,90865.0846320228,-33031.1438162196
10.7977516232771,90026.8080856035,-34006.7504213797
11.2201845430196,89138.8446803368,-34988.6294508705
11.6591440117983,88199.5181464916,-35974.3437148404
12.1152765862858,87207.2229980424,-36961.1760144937
12.5892541179416,86160.5444388702,-37946.2154950762
13.0817747426019,85058.2083814168,-38926.2807325275
13.5935639087852,83899.1822590638,-39897.9998342226
14.1253754462275,82682.6351258778,-40857.7386495599
14.6779926762206,81408.0476051307,-41801.7081794857
15.2522295653901,80075.1876829372,-42725.9169471536
15.8489319246111,78684.1418079367,-43626.1877274506
16.4689786548286,77235.4012297882,-44498.2746506766
17.1132830416177,75729.8182439044,-45337.7912470757
17.7827941003892,74168.6755008702,-46140.3225818149
18.4784979742228,72553.6996822807,-46901.4705776975
19.2014193863879,70887.0354392873,-47616.8192377987
19.9526231496887,69171.311444521,-48282.1144675894
20.7332157348595,67409.5942762489,-48893.2217316765
21.5443469003187,65605.4003121988,-49446.2307134856
22.3872113856833,63762.6736971453,-49937.5039727129
23.2630506715361,61885.7561413418,-50363.7155950917
24.1731548080409,59979.3545680099,-50721.9016613347
25.1188643150957,58048.5058029572,-51009.5418748771
26.1015721568252,56098.5228726962,-51224.5996269675
27.1227257933201,54134.9319846405,-51365.4917851344
28.1838293126444,52163.4215122953,-51431.1932234698
29.2864456462522,50189.7716597685,-51421.2340070408
30.4321988710771,48219.7876600894,-51335.6705236022
31.6227766016836,46259.2305391747,-51175.1510328591
32.8599324760064,44313.7535942884,-50940.8266482486
34.1454887383358,42388.8334719552,-50634.4001278178
35.4813389233573,40489.7143315867,-50258.0504693477
36.8694506451955,38621.349065077,-49814.4247195375
38.3118684955727,36788.3554816278,-49306.5722376541
39.8107170553495,34994.9730160016,-48737.909842083
41.3682040238848,33245.0345692595,-48112.1552918456
42.9866234708225,31541.9394018797,-47433.2836512913
44.668359215096,29888.6366359528,-46705.4714589951
46.4158883361275,28287.6315874072,-45933.0118249413
48.2317848223928,26740.961729488,-45120.3139483643
50.1187233627269,25250.2272468414,-44271.8013343747
52.0794832859543,23816.59608318,-43391.8837618814
54.116952654646,22440.833264392,-42484.8979772067
56.2341325190346,21123.3047577,-41555.1000480644
58.4341413373514,19864.0254403546,-40606.5987666786
60.7202195690985,18662.6786493939,-39643.3430992382
63.0957344480189,17518.6556570511,-38669.088456922
65.5641849417975,16431.075019211,-37687.3938370856
68.1292069057957,15398.8314785228,-36701.5888053019
70.7945784384133,14420.6173297175,-35714.7768212921
73.5642254459636,13494.957457924,-34729.8254109055
76.4422274252595,12620.2363710152,-33749.3669844078
79.4328234724276,11794.7336867535,-32775.7935685303
82.5404185268013,11016.6338008423,-31811.2749200549
85.7695898590888,10284.0678523186,-30857.7492031874
89.1250938133739,9595.12409252095,-29916.9406694142
92.6118728128787,8947.87562857655,-28990.3629955282
96.2350626398082,8340.38190797718,-28079.3409330331
99.9999999999993,7770.71980384345,-27185.0101825062
103.912230383516,7236.98765678589,-26308.3355219342
107.97751623277,6737.31646496459,-25450.1224586624
112.201845430196,6269.88228119157,-24611.0273913317
116.591440117982,5832.90950817941,-23791.5720614998
121.152765862858,5424.68037273064,-22992.153215434
125.892541179416,5043.53714202254,-22213.0552967056
130.817747426018,4687.88360192306,-21454.4620791875
135.935639087852,4356.19114738157,-20716.465067807
141.253754462274,4047.00130360712,-19999.0729090953
146.779926762206,3758.91764032315,-19302.2242625959
152.522295653901,3490.61663973549,-18625.7915005654
158.48931924611,3240.83814037306,-17969.5923498493
164.689786548286,3008.39141093856,-17333.3942431306
171.132830416177,2792.14951962275,-16716.9226683137
177.827941003891,2591.0461376896,-16119.8676578188
184.784979742228,2404.07844257534,-15541.8875889073
192.014193863879,2230.30169950073,-14982.6153697461
199.526231496886,2068.82652196198,-14441.6630592247
207.332157348594,1918.81797217477,-13918.6254506063
215.443469003187,1779.49408712489,-13413.0834829395
223.872113856832,1650.12034430782,-12924.6083776073
232.630506715361,1530.00884242924,-12452.764045823
241.731548080408,1418.5170338175,-11997.1093660359
251.188643150956,1315.04334132,-11557.2009694283
261.015721568252,1219.02567326274,-11132.5950072019
271.227257933201,1129.94016213701,-10722.8486637185
281.838293126443,1047.29695565154,-10327.5221318531
292.864456462521,970.639642438939,-9946.17956788482
304.32198871077,899.542804428555,-9578.39031876738
316.227766016835,833.610272397233,-9223.72984035817
328.599324760063,772.472572638195,-8881.78063708031
341.454887383357,715.786704562155,-8552.1326550352
354.813389233572,663.232615547839,-8234.38418337082
368.694506451955,614.513095662063,-7928.14203355842
383.118684955726,569.35137373211,-7633.02206290753
398.107170553494,527.490975605959,-7348.64924269336
413.682040238847,488.692499696912,-7074.65815651602
429.866234708224,452.734321959675,-6810.69285037922
446.683592150959,419.41028319085,-6556.40707327317
464.158883361274,388.528941615931,-6311.46427341109
482.317848223926,359.91242414776,-6075.53759593298
501.187233627268,333.395913104451,-5848.30977898317
520.794832859542,308.826258715663,-5629.4731482611
541.169526546459,286.061341233578,-5418.7294786315
562.341325190344,264.969344120611,-5215.78986417613
584.341413373512,245.427872857876,-5020.37458560986
607.202195690983,227.323530988505,-4832.21292202311
630.957344480187,210.550997982955,-4651.04300482024
655.641849417973,195.012856276031,-4476.61159109135
681.292069057955,180.618398925404,-4308.67392468004
707.945784384131,167.283868821868,-4146.99346701775
735.642254459634,154.931439430226,-3991.3417436721
764.422274252593,143.488919495624,-3841.49811632853
794.328234724274,132.88953104759,-3697.24955591223
825.40418526801,123.071301891633,-3558.39044802168
857.695898590886,113.976794748883,-3424.72237689656
891.250938133737,105.55276669163,-3296.05390972842
926.118728128784,97.7498435323566,-3172.20038789332
962.350626398079,90.522386024506,-3052.98371193274
999.99999999999,83.8279756318364,-2938.2321496883
1039.12230383516,77.6274278685381,-2827.78012039084
1079.7751623277,71.8842604174671,-2721.46801209623
1122.01845430195,66.5648479421071,-2619.14196778042
1165.91440117982,61.6379506814518,-2520.65370889166
1211.52765862858,57.0746423482673,-2425.86034490741
1258.92541179415,52.8481117504555,-2334.62419172862
1308.17747426018,48.9335454759527,-2246.81259185197
1359.35639087851,45.3079218781372,-2162.29774717706
1412.53754462274,41.9499228466254,-2080.95654812213
1467.79926762205,38.8398315473488,-2002.67040741944
1525.222956539,35.9593412511178,-1927.32510784245
1584.8931924611,33.2915347391037,-1854.81064242284
1646.89786548285,30.8207036274337,-1785.02107094188
1711.32830416176,28.5323062064446,-1717.85437224913
1778.2794100389,26.4128930197976,-1653.2123012275
1847.84979742227,24.4499810713609,-1591.0002602576
1920.14193863878,22.6320320555462,-1531.12716243163
1995.26231496886,20.9483353648427,-1473.50530747605
2073.32157348593,19.3889760878906,-1418.05025685181
2154.43469003186,17.9447948851353,-1364.68071636494
2238.72113856831,16.6072677717729,-1313.31842241079
2326.3050671536,15.3685340279533,-1263.88802960288
2417.31548080408,14.2212855374445,-1216.31700593398
2511.88643150955,13.1587754379185,-1170.53552633227
2610.15721568251,12.1747492175788,-1126.47637560267
2712.272579332,11.2634078020765,-1084.07485310659
2818.38293126442,10.4193800286018,-1043.2686768673
2928.6445646252,9.63769312001709,-1003.99789718927
3043.21988710769,8.9137533200278,-966.204808036513
3162.27766016834,8.24328965888342,-929.833865748805
3285.99324760062,7.62235123407111,-894.831607758759
3414.54887383356,7.04728551057525,-861.146575292195
3548.13389233571,6.51469758570024,-828.729240331247
3686.94506451953,6.02145357185609,-797.531931158337
3831.18684955724,5.56464771403876,-767.508765079538
3981.07170553493,5.14158803308493,-738.615582066672
4136.82040238846,4.74977923370638,-710.809879195095
4298.66234708223,4.38691669432916,-684.050749557208
4466.83592150958,4.0508613146173,-658.298821731034
4641.58883361272,3.7396304805172,-633.516204622841
4823.17848223925,3.45139307301424,-609.66642881289
5011.87233627266,3.18444862843543,-586.714396720033
5207.9483285954,2.9372259762829,-564.62632875399
5411.69526546457,2.70826761731057,-543.369715344535
5623.41325190342,2.49622374232995,-522.91326903325
5843.4141337351,2.29984465317108,-503.226878045553
6072.02195690981,2.1179745310704,-484.281562820647
6309.57344480185,1.94953987578556,-466.049434180904
6556.41849417971,1.79354904320133,-448.50365101966
6812.92069057953,1.64908226019611,-431.618381964984
7079.45784384129,1.51528912328839,-415.368766790516
7356.42254459632,1.39138041210129,-399.730881051021
7644.22274252591,1.27662572589803,-384.681699842926
7943.28234724271,1.17034924608193,-370.19906442637
8254.04185268008,1.07192421757029,-356.261649873291
8576.95898590883,0.980770444457699,-342.848933475424
8912.50938133734,0.896351705500267,-329.941164805998
9261.18728128781,0.81816986902251,-317.519336302363
9623.50626398076,0.745763747236263,-305.565155911445
9999.99999999987,0.678706876489604,-294.061020048094
10391.2230383516,0.616604339497088,-282.989987154619
10797.751623277,0.559089993657287,-272.335753430902
11220.1845430195,0.505824867877696,-262.082628756568
11659.1440117982,0.456495170526629,-252.215513443283
12115.2765862857,0.41080962276944,-242.719876068244
12589.2541179415,0.368499338573268,-233.581732270651
13081.7747426018,0.329315087909204,-224.787623908671
13593.5639087851,0.2930257263569,-216.324599240434
14125.3754462274,0.259417533297366,-208.180194444008
14677.9926762205,0.228292175901685,-200.34241446634
15252.22956539,0.199466534758375,-192.799715897885
15848.9319246109,0.172770468034823,-185.54098992248
16468.9786548285,0.14804660791338,-178.555545730163
17113.2830416176,0.125149493239016,-171.833095040408
17782.794100389,0.103944073564916,-165.363736823863
18478.4979742226,0.0843052585301018,-159.13794285735
19201.4193863878,0.0661173910138379,-153.146543516944
19952.6231496885,0.0492732253233287,-147.38071429239
20733.2157348593,0.0336734942368444,-141.831963030384
21544.3469003185,0.0192264161310823,-136.492117113166
22387.2113856831,0.00584648783742438,-131.353311797272
23263.0506715359,-0.00654479502493704,-126.407978219958
24173.1548080407,-0.0180206509443847,-121.648832480047
25118.8643150954,-0.0286486913375884,-117.068865036062
26101.572156825,-0.0384914957781166,-112.661330051348
27122.7257933199,-0.0476071424404997,-108.419735714116
28183.8293126441,-0.0560493478992498,-104.337834720181
29286.4456462519,-0.0638678620391419,-100.409614800305
30432.1988710768,-0.0711087471074739,-96.6292900919233
31622.7766016833,-0.0778146666511576,-92.9912925640893
32859.9324760061,-0.0840251760933788,-89.4902638524111
34145.4887383355,-0.0897768975093558,-86.1210472601205
35481.338923357,-0.09510369100664,-82.8786802310913
36869.4506451952,-0.100036964802871,-79.7583870643315
38311.8684955723,-0.104605804823695,-76.7555719265936
39810.7170553491,-0.108837144756188,-73.8658118703936
41368.2040238844,-0.112755872305811,-71.0848505202143
42986.6234708221,-0.116385157253958,-68.4085918288798
44668.3592150956,-0.119746343060756,-65.8330938373668
46415.8883361271,-0.122859264856292,-63.3545631129391
48231.7848223923,-0.125742241067318,-60.9693489140076
50118.7233627265,-0.128412275906557,-58.6739380872202
52079.4832859538,-0.130885116629014,-56.4649496544678
54116.9526546455,-0.133175339126779,-54.3391299458918
56234.132519034,-0.135296429520613,-52.293347796667
58434.1413373508,-0.137260887350874,-50.3245899461625
60720.2195690979,-0.139080310185466,-48.4299565752906
63095.7344480184,-0.140765398102276,-46.606657015995
65564.1849417969,-0.142326093931342,-44.8520056850364
68129.2069057951,-0.143771596711825,-43.1634181464053
70794.5784384127,-0.145110427634543,-41.5384072133066
73564.225445963,-0.146350474160899,-39.9745793678689
76442.2274252588,-0.147499046264771,-38.4696312439793
79432.8234724269,-0.148562909781618,-37.0213461130655
82540.4185268005,-0.149548340335164,-35.6275907956434
85769.589859088,-0.15046114043593,-34.286312378764
89125.0938133731,-0.151306696528302,-32.9955352598005
92611.8728128779,-0.152089988428924,-31.7533582243586
96235.0626398073,-0.152815633961005,-30.5579516243772
99999.9999999984,-0.153487909326295,-29.4075547324514
103912.230383515,-0.154110774376682,-28.3004730900999
107977.516232769,-0.154687906385899,-27.2350760272842
112201.845430195,-0.155222700806127,-26.2097943104934
116591.440117981,-0.155718313167404,-25.2231177757684
121152.765862857,-0.156177662846321,-24.2735931091158
125892.541179415,-0.15660345861713,-23.3598217360979
130817.747426017,-0.156998206854059,-22.4804577193044
135935.63908785,-0.157364239284165,-21.634205841029
141253.754462273,-0.157703709754958,-20.8198196161436
146779.926762205,-0.158018620925198,-20.0360995265309
152522.295653899,-0.158310826223051,-19.2818911897698
158489.319246109,-0.158582049624244,-18.5560837204393
164689.786548284,-0.158833889990495,-17.8576080527429
171132.830416175,-0.15906783066827,-17.1854353748607
177827.941003889,-0.159285251380324,-16.538575639787
184784.979742226,-0.159487433068597,-15.9160760513632
192014.193863877,-0.159675567380596,-15.3170197143855
199526.231496885,-0.15985076169416,-14.7405242518368
207332.157348592,-0.160014050441483,-14.1857405351395
215443.469003185,-0.160166396786309,-13.6518514075383
223872.11385683,-0.160308696005866,-13.1380704801283
232630.506715359,-0.160441788083553,-12.6436409863944
241731.548080406,-0.160566457218611,-12.167834661981
251188.643150954,-0.160683437774913,-11.7099506747127
261015.721568249,-0.160793419798751,-11.2693145973212
271227.257933198,-0.160897051840217,-10.8452774013797
281838.29312644,-0.160994942623685,-10.4372144865024
292864.456462518,-0.161087670392714,-10.044524816051
304321.988710767,-0.161175781233652,-9.66662997863914
316227.766016832,-0.161259794055653,-9.30297335159032
328599.32476006,-0.161340203746232,-8.95301928376793
341454.887383354,-0.161417483935049,-8.61625231567631
354813.389233569,-0.161492089807831,-8.29217640057393
368694.506451951,-0.161564460589539,-7.98031418800327
383118.684955722,-0.161635022327642,-7.68020631495079
398107.17055349,-0.161704190104084,-7.39141072899266
413682.040238843,-0.16177237114525,-7.1135020419368
429866.23470822,-0.161839966446864,-6.84607089679982
446683.592150955,-0.161907372999089,-6.58872336406041
464158.883361269,-0.16197499050743,-6.341080392849
482317.848223922,-0.162043210292761,-6.1027771604445
501187.233627263,-0.162112436173175,-5.87346265440822
520794.832859537,-0.162183074472109,-5.65279909058269
541169.526546454,-0.162255538006024,-5.44046140010393
562341.325190339,-0.162330252123071,-5.2361367889612
584341.413373507,-0.162407655066311,-5.03952427267558
607202.195690977,-0.162488201373491,-4.850334211731
630957.344480182,-0.162572358199752,-4.66828787278395
655641.849417967,-0.162660619110898,-4.49311706497307
681292.069057949,-0.16275349890024,-4.32456370873823
707945.784384125,-0.162851539989361,-4.16237946907898
735642.254459628,-0.162955312104106,-4.00632537449947
764422.274252586,-0.163065419154932,-3.85617147945576
794328.234724267,-0.163182501004507,-3.71169651634318
825404.185268003,-0.163307239637781,-3.57268758054919
857695.898590878,-0.163440351929595,-3.4389397681184
891250.938133729,-0.163582611761842,-3.31025595569366
926118.728128776,-0.163734836906138,-3.18644642816832
962350.62639807,-0.163897908165036,-3.06732865041285
999999.999999981,-0.164072759991571,-2.95272696683711
1039122.30383515,-0.164260400196925,-2.84247235595807
1079775.16232769,-0.164461897820817,-2.73640215921666
1122018.45430194,-0.164678407021364,-2.63435986025375
1165914.40117981,-0.164911163044924,-2.53619485493401
1211527.65862857,-0.165161482452182,-2.44176217901334
1258925.41179414,-0.165430786911832,-2.35092235261614
1308177.47426017,-0.165720599162013,-2.26354113887967
1359356.3908785,-0.166032544304321,-2.17948931738127
1412537.54462273,-0.166368373224969,-2.098642536456
1467799.26762204,-0.166729962018328,-2.02088109847987
1525222.95653899,-0.167119317260504,-1.94608976130311
1584893.19246108,-0.16753859550323,-1.87415759144941
1646897.86548284,-0.167990104988123,-1.80497776759894
1711328.30416175,-0.168476316008599,-1.73844742082609
1778279.41003889,-0.168999874799849,-1.67446747170842
1847849.79742225,-0.169563614042555,-1.61294247027685
1920141.93863876,-0.170170564615325,-1.55378044758844
1995262.31496884,-0.170823962006331,-1.49689274775703
2073321.57348591,-0.171527266833489,-1.44219390139772
2154434.69003184,-0.17228417096309,-1.38960146414955
2238721.13856829,-0.173098612140058,-1.33903588057554
2326305.06715358,-0.173974785893625,-1.29042033905283
2417315.48080405,-0.174917163815009,-1.24368064181676
2511886.43150953,-0.175930500698682,-1.19874505641051
2610157.21568248,-0.177019845483226,-1.15554418349154
2712272.57933197,-0.178190565006079,-1.1140108237236
2818382.9312644,-0.179448338005925,-1.07407982517237
2928644.56462518,-0.180799188940893,-1.03568796445905
3043219.88710766,-0.182249479377626,-0.998773796215095
3162277.66016831,-0.183805930548474,-0.963277513103189
3285993.24760059,-0.185475624663298,-0.929140800490298
3414548.87383353,-0.187266017602828,-0.896306690856626
3548133.89233568,-0.18918493401046,-0.864719407872046
3686945.0645195,-0.191240586360741,-0.834324211917953
3831186.84955721,-0.193441559863464,-0.805067234039796
3981071.70553489,-0.195796815875738,-0.776895301287377
4136820.40238842,-0.198315681672894,-0.749755754521077
4298662.34708219,-0.201007843652176,-0.723596255237307
4466835.92150954,-0.203883316702803,-0.698364575201344
4641588.83361268,-0.20695243162695,-0.674008373428743
4823178.4822392,-0.210225790241708,-0.650474942518391
5011872.33627262,-0.213714216457489,-0.627710949808728
5207948.32859535,-0.217428697344803,-0.60566212142907
5411695.26546452,-0.221380290143156,-0.58427291613864
5623413.25190337,-0.225580011638217,-0.563486139505295
5843414.13373505,-0.230038683630977,-0.543242510362405
6072021.95690975,-0.234766734551968,-0.52348016907294
6309573.4448018,-0.23977392462891,-0.504134106024535
6556418.49417965,-0.245068982613929,-0.485135509876138
6812920.69057946,-0.250659125886256,-0.466411012342142
7079457.84384122,-0.256549388428338,-0.447881827486507
7356422.54459625,-0.262741752894279,-0.429462774773309
7644222.74252583,-0.269233953985988,-0.411061163921549
7943282.34724264,-0.276017872403847,-0.392575604825249
8254041.85268,-0.28307740409104,-0.373894706438095
8576958.98590875,-0.290385599447637,-0.354895798327203
8912509.38133726,-0.297900880085998,-0.33544379456047
9261187.28128773,-0.305562089567262,-0.315390407685388
9623506.26398067,-0.313282087520274,-0.294574130318607
9999999.99999978,-0.320939628293125,-0.27282156307107
10391223.0383515,-0.328369360847418,-0.249950973985768
10797751.6232769,-0.335349989000259,-0.225779340689407
11220184.5430194,-0.341591181907066,-0.200134638526383
11659144.0117981,-0.346720650689686,-0.172875367707174
12115276.5862856,-0.350274300439225,-0.143919574381869
12589254.1179414,-0.351694336342094,-0.113284828130944
13081774.7426016,-0.350342632554519,-0.0811386377058515
13593563.9087849,-0.345538462490714,-0.0478544108209492
14125375.4462272,-0.336629160888949,-0.0140613089475765
14677992.6762204,-0.323096641835019,0.0193317947298954
15252229.5653898,-0.304689788130734,0.0511633914291605
15848931.9246108,-0.281553884301376,0.0801184405762843
16468978.6548283,-0.254311817849539,0.104900911709503
17113283.0416174,-0.224051235969963,0.124448487120354
17782794.1003888,-0.192197751642845,0.138127953533791
18478497.9742225,-0.16029964707248,0.145844443911578
19201419.3863876,-0.12978912463915,0.148027483730936
19952623.1496883,-0.101792971508215,0.145506646410967
20733215.7348591,-0.0770377448434789,0.139329162727439
21544346.9003183,-0.0558519725174414,0.130580508986667
22387211.3856829,-0.0382360849679713,0.120250189444656
23263050.6715357,-0.0239612125742218,0.109156701297356
24173154.8080405,-0.0126657712822301,0.0979241344857504
25118864.3150952,-0.00393287804350009,0.0869934100272094
26101572.1568247,0.00265618299577451,0.0766512451707844
27122725.7933196,0.00748998452466772,0.0670644356853804
28183829.3126439,0.0109111900905608,0.0583121948004361
29286445.6462517,0.0132115669750999,0.0504132634347448
30432198.8710765,0.0146334078010477,0.0433470005912869
31622776.601683,0.0153742598268734,0.037068931051474
32859932.4760058,0.015592995999038,0.0315217282780547
34145488.7383352,0.0154160773989196,0.0266426773812787
35481338.9233567,0.0149434051807069,0.0223685423699551
36869450.6451949,0.0142534988126303,0.0186385768912885
38311868.4955719,0.0134079269895803,0.0153962351318949
39810717.0553488,0.0124550131388222,0.0125899850557887
41368204.0238841,0.0114328787230029,0.0101735095209477
42986623.4708217,0.0103718961178825,0.00810549355693938
44668359.2150952,0.00929661744973855,0.00634914195145264
46415888.3361267,0.00822723368613325,0.0048715363211166
48231784.8223919,0.00718061551660392,0.00364292449073512
50118723.362726,0.00617098438500057,0.00263602558307632
52079483.2859534,0.00521027533046287,0.00182542518102103
54116952.654645,0.00430826529117105,0.00118712109376177
56234132.5190335,0.00347255416994026,0.000698258421552524
58434141.3373503,0.00270849181414617,0.000337059265378252
60720219.5690974,0.0020191346597824,8.2921206010445e-05
63095734.4480178,0.00140529361575144,-8.3370535396267e-05
65564184.9417963,0.000865702863225614,-0.000179385362214383
68129206.9057944,0.00039730555020911,-0.000220811757401985
70794578.438412,-4.3736636781431e-06,-0.000221294836258292
73564225.4459623,-0.00034481402792764,-0.000192375625721075
76442227.4252581,-0.000630087913569512,-0.000143535935089554
79432823.4724262,-0.000866491348753542,-8.23341414893911e-05
82540418.5267998,-0.00106024051910795,-1.46069706214858e-05
85769589.8590873,-0.00121724385395638,5.52916976836531e-05
89125093.8133723,-0.00134294902741543,0.000124240489552299
92611872.812877,-0.00144225567685461,0.00019010897470005
96235062.6398064,-0.00151948092338711,0.000251538259495788
99999999.9999975,-0.00157836457604281,0.000307750981764253
