frequency,real(v(out)),imag(v(out))
1.0,0.9997284621158421,-3.415147011275071e-07
1.039122303835169,0.9997284621158378,-3.548755430291871e-07
1.07977516232771,0.9997284621158333,-3.687590918472372e-07
1.122018454301963,0.9997284621158283,-3.831857970804837e-07
1.165914401179831,0.999728462115824,-3.98176908259178e-07
1.211527658628588,0.9997284621158185,-4.137545062442424e-07
1.258925411794167,0.9997284621158128,-4.299415357506953e-07
1.308177474260194,0.9997284621158067,-4.467618391436846e-07
1.359356390878525,0.9997284621157997,-4.642401915566157e-07
1.412537544622754,0.9997284621157924,-4.824023373832109e-07
1.467799267622069,0.9997284621157849,-5.012750281971116e-07
1.525222956539018,0.9997284621157765,-5.208860621552228e-07
1.584893192461112,0.9997284621157668,-5.412643249423743e-07
1.646897865482867,0.9997284621157573,-5.624398323178833e-07
1.71132830416178,0.9997284621157466,-5.844437743268167e-07
1.778279410038921,0.9997284621157349,-6.073085612406059e-07
1.847849797422289,0.9997284621157221,-6.310678712951824e-07
1.9201419386388,0.9997284621157083,-6.557567002965959e-07
1.995262314968878,0.9997284621156942,-6.814114131675295e-07
2.073321573485953,0.9997284621156781,-7.08069797510239e-07
2.154434690031881,0.9997284621156611,-7.357711192649229e-07
2.238721138568337,0.9997284621156429,-7.645561805459394e-07
2.326305067153623,0.9997284621156229,-7.944673797403407e-07
2.417315480804101,0.9997284621156021,-8.255487739576252e-07
2.511886431509577,0.9997284621155789,-8.578461439231774e-07
2.610157215682533,0.9997284621155537,-8.914070614095572e-07
2.712272579332024,0.9997284621155268,-9.262809593068133e-07
2.818382931264449,0.9997284621154974,-9.625192044335637e-07
2.928644564625232,0.9997284621154658,-1.000175173196565e-06
3.043219887107717,0.9997284621154322,-1.039304330210779e-06
3.162277660168374,0.9997284621153958,-1.079964309994469e-06
3.285993247600648,0.9997284621153562,-1.12221500186121e-06
3.414548873833595,0.9997284621153135,-1.166118638132448e-06
3.548133892335747,0.9997284621152674,-1.211739885801271e-06
3.686945064519568,0.9997284621152176,-1.259145941782779e-06
3.83118684955728,0.9997284621151638,-1.30840663189002e-06
3.981071705534964,0.9997284621151055,-1.359594513682725e-06
4.136820402388498,0.9997284621150426,-1.412784983339646e-06
4.298662347082267,0.9997284621149752,-1.46805638671162e-06
4.466835921509621,0.999728462114902,-1.525490134719671e-06
4.641588833612769,0.9997284621148226,-1.585170823267747e-06
4.823178482239296,0.999728462114738,-1.647186357846218e-06
5.011872336272711,0.999728462114646,-1.711628083011018e-06
5.207948328595451,0.9997284621145464,-1.77859091692728e-06
5.411695265464624,0.9997284621144392,-1.848173491177808e-06
5.623413251903477,0.9997284621143233,-1.920478296039706e-06
5.843414133735161,0.9997284621141981,-1.995611831446189e-06
6.072021956909869,0.9997284621140634,-2.073684763853124e-06
6.309573444801915,0.9997284621139174,-2.154812089242766e-06
6.55641849417977,0.9997284621137603,-2.239113302505757e-06
6.812920690579593,0.9997284621135902,-2.326712573447808e-06
7.079457843841358,0.9997284621134062,-2.417738929683149e-06
7.356422544596391,0.9997284621132083,-2.512326446684312e-06
7.644222742525979,0.9997284621129942,-2.610614445264537e-06
7.943282347242791,0.9997284621127629,-2.712747696788615e-06
8.254041852680158,0.9997284621125138,-2.818876636410393e-06
8.576958985908913,0.9997284621122441,-2.929157584653678e-06
8.912509381337426,0.9997284621119535,-3.043752977661425e-06
9.261187281287903,0.9997284621116391,-3.162831606452593e-06
9.623506263980852,0.9997284621113001,-3.286568865539387e-06
9.999999999999964,0.9997284621109325,-3.415147011272126e-06
10.39122303835165,0.9997284621105369,-3.548755430288641e-06
10.79775162327706,0.99972846211011,-3.687590918468825e-06
11.22018454301959,0.999728462109649,-3.831857970800684e-06
11.65914401179827,0.9997284621091503,-3.981769082587265e-06
12.11527658628584,0.9997284621086128,-4.137545062437364e-06
12.58925411794162,0.9997284621080326,-4.299415357501324e-06
13.08177474260189,0.9997284621074055,-4.467618391430702e-06
13.5935639087852,0.9997284621067286,-4.642401915559238e-06
14.12537544622749,0.9997284621059984,-4.824023373823518e-06
14.67799267622063,0.9997284621052092,-5.012750281961364e-06
15.25222956539013,0.9997284621043571,-5.208860621541484e-06
15.84893192461107,0.9997284621034369,-5.412643249411519e-06
16.46897865482861,0.9997284621024431,-5.624398323165583e-06
17.11328304161773,0.9997284621013699,-5.844437743253469e-06
17.78279410038915,0.9997284621002108,-6.073085612390332e-06
18.47849797422283,0.9997284620989603,-6.310678712933868e-06
19.20141938638793,0.9997284620976087,-6.557567002946116e-06
19.9526231496887,0.9997284620961511,-6.81411413165307e-06
20.73321573485946,0.9997284620945766,-7.080697975077088e-06
21.54434690031874,0.9997284620928757,-7.357711192621286e-06
22.38721138568329,0.9997284620910389,-7.645561805428895e-06
23.26305067153615,0.9997284620890562,-7.94467379736904e-06
24.17315480804092,0.9997284620869152,-8.255487739538175e-06
25.11886431509567,0.9997284620846042,-8.5784614391884e-06
26.10157215682523,0.9997284620821083,-8.91407061404706e-06
27.12272579332014,0.9997284620794135,-9.262809593013843e-06
28.18382931264439,0.9997284620765035,-9.625192044273691e-06
29.28644564625221,0.9997284620733613,-1.000175173189561e-05
30.43219887107706,0.9997284620699688,-1.039304330202907e-05
31.62277660168362,0.9997284620663056,-1.079964309985638e-05
32.85993247600636,0.9997284620623498,-1.122215001851314e-05
34.14548873833583,0.9997284620580784,-1.166118638121353e-05
35.48133892335735,0.9997284620534654,-1.211739885789016e-05
36.86945064519555,0.9997284620484858,-1.259145941769002e-05
38.31186849557266,0.9997284620431074,-1.308406631874668e-05
39.8107170553495,0.9997284620373024,-1.359594513665269e-05
41.36820402388483,0.9997284620310325,-1.412784983320247e-05
42.98662347082252,0.9997284620242626,-1.468056386689813e-05
44.66835921509605,0.9997284620169534,-1.525490134695311e-05
46.41588833612751,0.9997284620090601,-1.585170823240373e-05
48.23178482239277,0.9997284620005364,-1.647186357815672e-05
50.11872336272692,0.9997284619913347,-1.7116280829767e-05
52.07948328595431,0.999728461981397,-1.778590916889063e-05
54.11695265464603,0.9997284619706697,-1.848173491134338e-05
56.23413251903455,0.9997284619590849,-1.920478295991246e-05
58.43414133735138,0.9997284619465737,-1.995611831392235e-05
60.72021956909846,0.9997284619330673,-2.073684763792343e-05
63.09573444801892,0.9997284619184817,-2.154812089174758e-05
65.56418494179746,0.9997284619027335,-2.239113302429499e-05
68.12920690579568,0.99972846188573,-2.326712573361938e-05
70.79457843841332,0.9997284618673665,-2.417738929587699e-05
73.56422544596364,0.9997284618475414,-2.512326446576509e-05
76.44222742525952,0.9997284618261328,-2.610614445143984e-05
79.43282347242761,0.9997284618030177,-2.712747696653099e-05
82.54041852680128,0.9997284617780586,-2.818876636257989e-05
85.76958985908881,0.9997284617511087,-2.92915758448275e-05
89.12509381337392,0.999728461722008,-3.043752977469563e-05
92.61187281287869,0.9997284616905863,-3.162831606236958e-05
96.23506263980816,0.9997284616566576,-3.286568865297832e-05
99.99999999999928,0.9997284616200217,-3.415147011001172e-05
103.9122303835162,0.9997284615804627,-3.548755429984826e-05
107.9775162327702,0.9997284615377475,-3.687590918128809e-05
112.2018454301955,0.9997284614916285,-3.83185797041783e-05
116.5914401179823,0.9997284614418263,-3.981769082158446e-05
121.1527658628579,0.9997284613880529,-4.137545061955761e-05
125.8925411794158,0.9997284613299897,-4.299415356960339e-05
130.8177474260184,0.9997284612672928,-4.467618390825018e-05
135.9356390878515,0.9997284611995959,-4.642401914879675e-05
141.2537544622744,0.9997284611264985,-4.824023373061421e-05
146.7799267622059,0.9997284610475698,-5.012750281105921e-05
152.5222956539008,0.9997284609623454,-5.208860620581253e-05
158.4893192461101,0.9997284608703195,-5.412643248335594e-05
164.6897865482856,0.9997284607709548,-5.624398321958104e-05
171.1328304161768,0.9997284606636618,-5.844437741898613e-05
177.8279410038909,0.9997284605478072,-6.073085610871941e-05
184.7849797422277,0.9997284604227139,-6.310678711228788e-05
192.0141938638787,0.9997284602876406,-6.557567001032802e-05
199.5262314968864,0.999728460141791,-6.81411412950674e-05
207.3321573485939,0.9997284599843059,-7.08069797266948e-05
215.4434690031867,0.9997284598142595,-7.357711189918986e-05
223.8721138568322,0.9997284596306452,-7.64556180239554e-05
232.6305067153608,0.9997284594323842,-7.944673793967925e-05
241.7315480804085,0.999728459218306,-8.25548773572338e-05
251.188643150956,0.9997284589871529,-8.578461434905232e-05
261.0157215682516,0.9997284587375558,-8.914070609244567e-05
271.2272579332006,0.9997284584680478,-9.262809587625729e-05
281.8382931264431,0.9997284581770406,-9.625192038227865e-05
292.8644564625213,0.9997284578628164,-0.0001000175172511511
304.3219887107697,0.999728457523526,-0.0001039304329442489
316.2277660168353,0.9997284571571671,-0.0001079964309132697
328.5993247600628,0.9997284567615843,-0.0001122215000894119
341.4548873833573,0.999728456334446,-0.0001166118637047243
354.8133892335725,0.9997284558732258,-0.0001211739884584982
368.6945064519545,0.9997284553752145,-0.0001259145940417702
383.1186849557256,0.9997284548374759,-0.0001308406630358582
398.1071705534939,0.9997284542568383,-0.0001359594511964227
413.6820402388472,0.999728453629884,-0.0001412784981411087
429.8662347082241,0.9997284529529139,-0.0001468056384548434
446.6835921509593,0.9997284522219364,-0.000152549013229233
464.1588833612739,0.9997284514326442,-0.0001585170820544287
482.3178482239265,0.9997284505803788,-0.0001647186354791654
501.1872336272679,0.9997284496601302,-0.0001711628079583888
520.7948328595418,0.9997284486664664,-0.0001778590913083567
541.1695265464589,0.9997284475935356,-0.0001848173486865473
562.341325190344,0.9997284464350094,-0.0001920478291203273
584.3414133735123,0.9997284451840578,-0.0001995611826022485
607.202195690983,0.9997284438333193,-0.0002073684757766611
630.9573444801874,0.9997284423748217,-0.0002154812082416076
655.6418494179728,0.9997284407999734,-0.0002239113294847348
681.2920690579549,0.9997284390994968,-0.0002326712564853663
707.9457843841312,0.9997284372633661,-0.0002417738920037691
735.6422544596344,0.9997284352807513,-0.0002512326435862007
764.422274252593,0.9997284331399784,-0.000261061443312052
794.3282347242739,0.9997284308283755,-0.0002712747683190898
825.4041852680105,0.9997284283324118,-0.0002818876621150189
857.6958985908858,0.9997284256373263,-0.0002929157567531854
891.2509381337369,0.999728422727235,-0.0003043752958454924
926.1187281287845,0.9997284195850109,-0.0003162831584894827
962.3506263980792,0.999728416192088,-0.0003286568841363023
999.9999999999901,0.999728412528504,-0.0003415146984149296
1039.122303835159,0.9997284085726547,-0.000354875539985675
1079.775162327699,0.9997284043012292,-0.0003687590884328086
1122.018454301952,0.9997283996890658,-0.0003831857932482783
1165.91440117982,0.9997283947089576,-0.0003981769039593741
1211.527658628576,0.9997283893315598,-0.0004137545014193517
1258.925411794154,0.9997283835251767,-0.0004299415303370189
1308.177474260181,0.9997283772555985,-0.0004467618330686208
1359.356390878512,0.999728370485818,-0.0004642401847447685
1412.53754462274,0.9997283631760208,-0.0004824023297396734
1467.799267622054,0.9997283552830701,-0.0005012750196209576
1525.222956539003,0.9997283467604503,-0.0005208860525341705
1584.893192461097,0.9997283375579298,-0.0005412643141504271
1646.897865482851,0.9997283276212994,-0.0005624398202083573
1711.328304161762,0.9997283168919929,-0.0005844437607376708
1778.279410038904,0.9997283053066855,-0.0006073085459996044
1847.849797422271,0.9997282927971807,-0.0006310678541982953
1920.141938638781,0.9997282792897393,-0.0006557566811147524
1995.262314968858,0.9997282647047969,-0.0006814113916394273
2073.321573485932,0.9997282489562225,-0.0007080697733601979
2154.43469003186,0.9997282319513896,-0.00073577109216543
2238.721138568314,0.999728213590015,-0.0007645561501353331
2326.3050671536,0.9997281937638346,-0.0007944673456175148
2417.315480804076,0.9997281723560033,-0.0008255487356733102
2511.886431509551,0.9997281492403455,-0.0008578461009697239
2610.157215682506,0.9997281242806066,-0.0008914070132271072
2712.272579331996,0.9997280973297697,-0.0009262809052403163
2818.382931264421,0.9997280682289058,-0.0009625191437680024
2928.644564625202,0.9997280368065259,-0.001000175105125218
3043.219887107686,0.9997280028773853,-0.001039304253840539
3162.277660168342,0.9997279662415739,-0.001079964224303194
3285.993247600615,0.999727926683147,-0.001122214905742786
3414.548873833561,0.9997278839689343,-0.001166118530280374
3548.133892335712,0.9997278378472347,-0.001211739764766044
3686.945064519531,0.9997277880460677,-0.001259145805990876
3831.186849557242,0.9997277342719937,-0.001308406479547162
3981.071705534925,0.9997276762081462,-0.001359594342746694
4136.820402388457,0.9997276135122977,-0.001412784791532152
4298.662347082225,0.9997275458147448,-0.001468056171516528
4466.835921509577,0.9997274727166853,-0.001525489893269475
4641.588833612723,0.9997273937872978,-0.001585170552332287
4823.178482239248,0.9997273085612006,-0.001647186053862683
5011.872336272662,0.9997272165362048,-0.001711627741937117
5207.9483285954,0.9997271171699177,-0.001778590534233894
5411.695265464571,0.9997270098767171,-0.001848173061765778
5623.413251903422,0.999726894024013,-0.001920477814282373
5843.414133735104,0.9997267689292992,-0.00199561129089063
6072.02195690981,0.9997266338550864,-0.00207368415734847
6309.573444801854,0.9997264880053499,-0.002154811408731545
6556.418494179707,0.9997263305204541,-0.002239112538943381
6812.920690579527,0.9997261604721501,-0.002326711716699723
7079.45784384129,0.9997259768583311,-0.002417737968366039
7356.42254459632,0.9997257785965471,-0.002512325368133387
7644.222742525905,0.9997255645184648,-0.002610613235119848
7943.282347242714,0.999725333362179,-0.002712746339035961
8254.041852680079,0.9997250837654379,-0.002818875112966722
8576.95898590883,0.9997248142572687,-0.002929155875301311
8912.509381337339,0.9997245232489067,-0.003043751059827811
9261.187281287814,0.9997242090255815,-0.00316282945454572
9623.50626398076,0.9997238697348865,-0.003286566451097478
9999.999999999869,0.9997235033775308,-0.003415144302154814
10391.22303835155,0.9997231077939237,-0.003548752390617564
10797.75162327695,0.9997226806526338,-0.003687587507905431
11220.18454301949,0.9997222194359108,-0.003831854144206532
11659.14401179816,0.9997217214259059,-0.003981764789141339
12115.27658628572,0.9997211836872846,-0.00413754024507048
12589.2541179415,0.9997206030505739,-0.004299409952345672
13081.77474260176,0.9997199760935082,-0.004467612326883755
13593.56390878507,0.9997192991212336,-0.004642395111063179
14125.37544622735,0.9997185681436456,-0.004824015738963633
14677.9926762205,0.9997177788524142,-0.005012741715529337
15252.22956538998,0.9997169265954156,-0.005208851009990487
15848.93192461092,0.9997160063501319,-0.005412632465056582
16468.97865482846,0.9997150126923782,-0.005624386223001081
17113.28304161757,0.9997139397658333,-0.005844424166653163
17782.79410038898,0.999712781247665,-0.00607307037925941
18478.49797422265,0.9997115303086986,-0.006310661621311139
19201.41938638775,0.9997101795767713,-0.006557547825841172
19952.62314968852,0.9997087210902211,-0.006814092615384012
20733.21573485926,0.999707146254675,-0.007080673833299259
21544.34690031853,0.9997054457871934,-0.007357684105274516
22387.21138568308,0.9997036096670812,-0.007645531413010564
23263.05067153593,0.9997016270713767,-0.007944639696870854
24173.15480804069,0.9996994863160048,-0.008255449478258589
25118.86431509544,0.99969717478343,-0.008578418509730125
26101.57215682499,0.9996946788513285,-0.008914022447141456
27122.72579331989,0.9996919838086604,-0.009262755549210895
28183.82931264413,0.999689073772536,-0.009625131406635118
29286.44564625194,0.999685931592333,-0.01000168369632274
30432.19887107677,0.9996825387493532,-0.01039296696584022
31622.77660168333,0.9996788752476543,-0.01079955745070446
32859.93247600606,0.9996749194963382,-0.01122205391993523
34145.48873833552,0.9996706481829624,-0.0116610785582998
35481.33892335703,0.999666036134463,-0.01211727788041328
36869.45064519521,0.9996610561697065,-0.01259132368127357
38311.86849557231,0.9996556789404946,-0.01308391402325521
39810.71705534913,0.9996498727577205,-0.01359577426184184
41368.20402388445,0.9996436034030937,-0.0141276581129321
42986.62347082212,0.9996368339303682,-0.01468034875749356
44668.35921509564,0.9996295244457049,-0.01525465999704638
46415.88833612709,0.9996216318732616,-0.01585143744105012
48231.78482239234,0.9996131097027081,-0.01647155975429017
50118.72336272646,0.9996039077124412,-0.01711593994506527
52079.48328595384,0.9995939716762362,-0.01778552670325541
54116.95265464554,0.9995832430426547,-0.01848130579562832
56234.13251903404,0.9995716585908521,-0.01920430150383163
58434.14133735085,0.9995591500579288,-0.01995557813521506
60720.21956909791,0.9995456437365712,-0.02073624157632676
63095.73444801835,0.9995310600417044,-0.0215474409155106
65564.18494179686,0.9995153130408563,-0.02239037012178548
68129.20690579506,0.999498309950145,-0.02326626979473796
70794.57843841267,0.999479950586055,-0.02417642897996554
73564.22544596296,0.9994601267766241,-0.02512218705090343
76442.22742525881,0.9994387217249142,-0.02610493566517358
79432.82347242688,0.9994156093208654,-0.02712612079794631
82540.41852680052,0.999390653399453,-0.02818724485340774
85769.58985908804,0.9993637069403182,-0.02928986884731575
89125.09381337313,0.9993346112014824,-0.03043561468998565
92611.87281287786,0.9993031947865654,-0.0316261675433444
96235.06263980731,0.999269272635537,-0.03286327826663712
99999.99999999838,0.9992326449388577,-0.03414876596526856
103912.2303835152,0.9991930959580314,-0.03548452063000895
107977.5162327692,0.9991503927651505,-0.03687250586658105
112201.8454301945,0.9991042838645294,-0.03831476175353579
116591.4401179813,0.999054497722366,-0.03981340777211079
121152.7658628569,0.9990007411674773,-0.04137064588317962
125892.5411794146,0.9989426976719317,-0.04298876368583873
130817.7474260172,0.9988800254909267,-0.04467013771480914
135935.6390878503,0.9988123556571848,-0.04641723684921826
141253.7544622731,0.9987392898158356,-0.04823262585363256
146779.9267622045,0.99866039788898,-0.05011896904399752
152522.2956538994,0.9985752155526832,-0.05207903407755158
158489.3192461087,0.998483241513741,-0.05411569591092159
164689.7865482841,0.9983839345756055,-0.056231940866805
171132.8304161752,0.9982767104661529,-0.05843087086506377
177827.9410038893,0.9981609384209783,-0.06071570778700851
184784.979742226,0.9980359374887259,-0.06308979802020855
192014.1938638769,0.9979009725525377,-0.06555661714432151
199526.2314968846,0.9977552500307147,-0.06811977477921179
207332.157348592,0.9975979132438991,-0.07078301961015127
215443.4690031847,0.997428037415208,-0.07355024456645513
223872.1138568302,0.997244624274127,-0.07642549218774983
232630.5067153586,0.9970465962397567,-0.0794129601813923
241731.5480804063,0.9968327901420929,-0.08251700713625813
251188.6431509537,0.9966019504578676,-0.08574215842688546
261015.7215682492,0.9963527220067964,-0.08909311233731348
271227.2579331981,0.996083642078046,-0.09257474635421084
281838.2931264405,0.9957931319456624,-0.09619212363815617
292864.4564625185,0.9954794877120318,-0.09995049974523885
304321.9887107668,0.9951408704405071,-0.1038553295049801
316227.7660168324,0.9947752955123293,-0.107912274140956
328599.3247600597,0.9943806211580173,-0.1121272085885483
341454.8873833541,0.9939545360935681,-0.1165062290005772
354813.3892335691,0.9934945461862028,-0.1210556605266775
368694.506451951,0.9929979600879789,-0.1257820652679218
383118.684955722,0.9924618737563553,-0.1306922504470333
398107.1705534902,0.9918831537441314,-0.135793276883812
413682.0402388433,0.9912584192111064,-0.1410924676423728
429866.23470822,0.9905840225284956,-0.146597416928108
446683.5921509551,0.9898560283615364,-0.152315999263195
464158.8833612695,0.9890701911136476,-0.1582563789460925
482317.848223922,0.9882219306098111,-0.1644270197688501
501187.2336272632,0.9873063058560795,-0.1708366950697056
520794.8328595369,0.9863179867234173,-0.1774944981158335
541169.5265464538,0.9852512233917589,-0.1844098528399106
562341.3251903388,0.9840998133345744,-0.1915925250232516
584341.4133735069,0.9828570656188697,-0.1990526339551327
607202.1956909774,0.9815157623038016,-0.2068006646497651
630957.3444801816,0.9800681166337828,-0.2148474806787975
655641.8494179667,0.978505727703397,-0.2232043377594344
681292.0690579485,0.9768195312715671,-0.2318828981674441
707945.7843841247,0.9749997461734533,-0.2408952464072317
735642.2544596276,0.9730358160187281,-0.2502539058662601
764422.274252586,0.9709163454464713,-0.2599718571371568
794328.2347242666,0.9686290302875441,-0.270062558123587
825404.1852680029,0.9661605808756383,-0.280539966155886
857695.898590878,0.9634966373561048,-0.2914185629923507
891250.9381337287,0.9606216760696026,-0.3027133824904344
926118.728128776,0.9575189053283848,-0.3144400421420689
962350.6263980704,0.9541701488832522,-0.3266147789717431
999999.999999981,0.9505557151736116,-0.3392544902229984
1039122.303835149,0.9466542493183021,-0.3523767802486015
1079775.162327689,0.9424425650210124,-0.3660000140636444
1122018.454301942,0.937895452215671,-0.3801433787341599
1165914.40117981,0.9329854554895844,-0.3948269536942974
1211527.658628565,0.9276826173067549,-0.4100717908916077
1258925.411794143,0.9219541784901616,-0.42590000571626
1308177.474260169,0.9157642264094186,-0.4423348793354715
1359356.390878499,0.9090732795267389,-0.4594009724847682
1412537.544622727,0.9018377936667539,-0.4771242502448004
1467799.267622041,0.894009572111773,-0.4955322160051686
1525222.956538989,0.8855350574577711,-0.5146540504152086
1584893.192461082,0.8763544775531019,-0.5345207494120131
1646897.865482836,0.8664008114032017,-0.5551652501759116
1711328.304161747,0.8555985331566852,-0.5766225282831386
1778279.410038887,0.8438620823907056,-0.5989296405679382
1847849.797422254,0.8310939969577023,-0.6221256760212698
1920141.938638763,0.8171826318104184,-0.6462515583665285
1995262.314968839,0.8019993704558916,-0.6713496188634338
2073321.573485913,0.7853952189035984,-0.6974628221469337
2154434.69003184,0.7671966535057133,-0.7246334759739628
2238721.138568294,0.7472005779726997,-0.7529011829325961
2326305.067153579,0.725168235757761,-0.7822996919733013
2417315.480804055,0.7008179305097301,-0.8128521633649589
2511886.431509529,0.6738164435170103,-0.8445641662245947
2610157.215682483,0.6437691370509404,-0.8774134589130064
2712272.579331973,0.6102089328105779,-0.9113352491818306
2818382.931264396,0.5725847424488567,-0.94620117626416
2928644.564625176,0.5302506177400051,-0.9817897206373312
3043219.887107659,0.4824580668895182,-1.017745186635117
3162277.660168313,0.4283559177172416,-1.053522016714868
3285993.247600586,0.3670051065346866,-1.088311396170815
3414548.87383353,0.2974201227209941,-1.120948749377385
3548133.89233568,0.2186544470602508,-1.149805314630006
3686945.064519498,0.1299530768182149,-1.172676849780028
3831186.849557207,0.03099755840775699,-1.186700453751365
3981071.705534888,-0.0777398256881391,-1.18835784440505
4136820.402388419,-0.1945487353970036,-1.173655214027403
4298662.347082186,-0.3160260965926744,-1.138586252677336
4466835.921509536,-0.4368036038146175,-1.079945496641324
4641588.83361268,-0.5497353514123424,-0.9964168162787302
4823178.482239203,-0.6467864363799994,-0.8896205988136607
5011872.336272615,-0.7205945683144885,-0.764596288835813
5207948.328595351,-0.7662372269176732,-0.6292652711097821
5411695.26546452,-0.7824442947112519,-0.4928786464922449
5623413.251903369,-0.7716851542747589,-0.3640433287322448
5843414.13373505,-0.7391634047437274,-0.2491525547287749
6072021.956909753,-0.6912918382707253,-0.1517339125381774
6309573.444801795,-0.6343114583059349,-0.07268171260736937
6556418.494179646,-0.5734292056568534,-0.01098854206821508
6812920.690579464,-0.5125002348946619,0.0354330816835164
7079457.843841224,-0.4540869218439155,0.06908529365936818
7356422.544596252,-0.3996993721428396,0.09244979916928155
7644222.742525835,-0.3500777294026562,0.1077555209783605
7943282.34724264,-0.3054434334592011,0.1168873758781946
8254041.852680002,-0.2656941825455948,0.1213781614003189
8576958.985908752,-0.2305427319564908,0.1224417421146294
8912509.381337259,-0.1996096855109447,0.1210218109757025
9261187.28128773,-0.1724822912990002,0.1178423140051554
9623506.263980672,-0.1487496954910588,0.113453055252454
9999999.999999776,-0.1280226368779204,0.1082681798223647
10391223.03835146,-0.1099432446699679,0.1025973557566892
10797751.62327685,-0.09418877309070431,0.09667040742272834
11220184.54301938,-0.08047177941859565,0.09065646110063888
11659144.01179805,-0.06853834185579698,0.08467866779509617
12115276.58628561,-0.05816530697563597,0.07882544614003165
12589254.11794139,-0.04915716369042356,0.07315902857200464
13081774.74260164,-0.04134289009764024,0.06772193829743452
13593563.90878494,-0.03457296337918616,0.06254188874584697
14125375.44622722,-0.02871662678375405,0.05763548555816413
14677992.67622036,-0.02365945010010416,0.05301102253467282
15252229.56538984,-0.01930118667436041,0.04867059353128454
15848931.92461077,-0.01555391128032279,0.04461168923003705
16468978.6548283,-0.01234041413082147,0.04082840652804703
17113283.04161741,-0.009592822127507396,0.03731236748481676
17782794.10038882,-0.007251418414845196,0.03405342035345686
18478497.97422248,-0.005263631982558159,0.03104017794676187
19201419.38638757,-0.003583172036346089,0.02826043386089235
19952623.14968833,-0.002169284210025391,0.02570148714197449
20733215.73485907,-0.0009861088479174774,0.02335039774732215
21544346.90031833,-2.124388290760828e-06,0.02119418923836004
22387211.38568287,0.0008103383240336285,0.01922001064549184
23263050.67153571,0.001475522630130485,0.0174152661202393
24173154.80804047,0.002014623145082535,0.01576771876007475
25118864.3150952,0.002446121120708873,0.01426557316771559
26101572.15682475,0.002786084361200579,0.01289754027558952
27122725.79331964,0.00304843669958021,0.01165288711715652
28183829.31264386,0.003245201235326268,0.01052147377342362
29286445.64625166,0.003386720671603207,0.009493779242857821
30432198.87107649,0.003481857732371988,0.008560917757214835
31622776.60168303,0.003538178251742148,0.007714646668094097
32859932.47600575,0.003562119201050012,0.006947366692388502
34145488.73833519,0.00355914365852186,0.006252114898247194
35481338.92335669,0.003533884360043546,0.005622550267037038
36869450.64519487,0.003490276831340804,0.005052931307597017
38311868.49557195,0.003431682371337196,0.004538084805032944
39810717.05534876,0.003361000084254224,0.004073364852495438
41368204.02388407,0.00328076614729763,0.003654601766201698
42986623.47082172,0.003193237558265583,0.003278041577685215
44668359.21509522,0.003100457294618737,0.002940278452079138
46415888.33612666,0.003004298392705195,0.002638184259482626
48231784.82239188,0.002906486127122174,0.002368841162321157
50118723.362726,0.002808600049245211,0.002129483754391245
52079483.28595335,0.002712060552652832,0.001917456534666832
54116952.65464503,0.002618106938448351,0.001730190244476649
56234132.51903352,0.002527774923637815,0.001565197300052978
58434141.33735032,0.002441880706751347,0.001420083184267815
60720219.56909736,0.002361016353917605,0.001292568198876605
63095734.44801776,0.002285558206250808,0.001180512990225739
65564184.94179626,0.00221568706765746,0.001081941895986548
68129206.90579443,0.002151416921104975,0.0009950598808550674
70794578.43841203,0.002092628070241896,0.0009182609794719443
73564225.4459623,0.002039100802083324,0.0008501281313475389
76442227.42525811,0.001990546547587097,0.0007894256624233901
79432823.47242616,0.001946634644588234,0.0007350863822778972
82540418.52679977,0.001907013878628583,0.000686195403986009
85769589.85908726,0.001871328798368563,0.0006419725468974759
89125093.81337231,0.001839231330591812,0.0006017547647371357
92611872.81287701,0.001810388481317984,0.0005649795758035089
96235062.63980643,0.001784486978903914,0.0005311700642936241
99999999.99999748,0.001761235659060883,0.0004999216987240042
