VCM_V,Vout_V,I_supply_A,xdut.xraw.x2,xdut.xraw.x5,xdut.xraw.x6,xdut.xraw.x8,xdut.xraw.x13,xdut.xraw.x19,xdut.xraw.x21,xdut.xraw.x26,xdut.xraw.x34,xdut.xraw.x57,xdut.xraw.x61,xdut.xraw.x64,xdut.xraw.x71,xdut.xraw.x75,xdut.xraw.x80,xdut.xraw.x96,xdut.xraw.x97,xdut.xraw.x101,xdut.xraw.x110,xdut.xraw.x111,xdut.xraw.x112,xdut.xraw.x114,xdut.xraw.x116,xdut.xraw.x117,xdut.xraw.x121,xdut.xraw.x126,xdut.xraw.x134,xdut.xraw.x138,xdut.xraw.x146,xdut.xraw.x147,xdut.xraw.x152,xdut.xraw.x153,xdut.xraw.x155,xdut.xraw.x156,xdut.xraw.x158,xdut.xraw.x165,xdut.xraw.x168,xdut.xraw.x183,xdut.xraw.x184,xdut.xraw.x185,xdut.xraw.x189,xdut.xraw.x196,xdut.xraw.x199,xdut.xraw.x200,xdut.xraw.x201,xdut.xraw.x208,xdut.xraw.x218,xdut.xraw.x222,xdut.xraw.x225,xdut.xraw.x226,gm_total_S
0.05,1.64998953992726,-0.000259103042547673,3.31371936033846e-06,3.32089465915006e-06,3.31364712834557e-06,2.4560342623597e-27,3.31189430369197e-06,3.3208957466379e-06,3.3170190674941e-06,3.31189402268701e-06,3.31182133490418e-06,3.32098540269035e-06,3.32091231777613e-06,3.31730432819418e-06,3.31715341767598e-06,3.31367697651721e-06,2.4551877654733e-27,3.31367642884273e-06,3.31362872982395e-06,3.31185141910859e-06,3.32107723211148e-06,2.45499028054559e-27,2.45542607208879e-27,3.31701961627385e-06,3.31698970810549e-06,3.31185196618816e-06,3.31182215063499e-06,3.31697127259401e-06,3.31180377221808e-06,3.31396111719928e-06,3.32098568520778e-06,3.31371907903197e-06,3.3209131379728e-06,2.45603775034491e-27,3.31706180343549e-06,2.45603067516008e-27,3.32094256633878e-06,3.31706208530146e-06,3.31213579638385e-06,2.45541122670352e-27,3.3169888898313e-06,2.45499661816954e-27,3.31362981255713e-06,2.45499347716821e-27,3.31180485376838e-06,3.32122849719199e-06,3.31381050945972e-06,3.31198535323844e-06,3.31697235752603e-06,3.3209431164041e-06,3.31364631172494e-06,2.45518451022472e-27,6.63181506672889e-05
0.1,1.64998955325799,-0.000259091505256258,3.30697986259602e-06,3.31415771424174e-06,3.30690782983679e-06,8.92545930622211e-28,3.30516090537192e-06,3.31415878490313e-06,3.31029417497844e-06,3.30516062859113e-06,3.30508814806947e-06,3.31424820755099e-06,3.31417533039591e-06,3.31057858905629e-06,3.31042809432009e-06,3.3069375988376e-06,8.92235005984578e-28,3.30693705956863e-06,3.30688948637249e-06,3.30511814905355e-06,3.3143397291164e-06,8.92164066749899e-28,8.9232648972674e-28,3.31029471534219e-06,3.31026488612186e-06,3.30511868773741e-06,3.30508895122437e-06,3.31024650554283e-06,3.30507062777708e-06,3.307220899374e-06,3.31424848582358e-06,3.30697958551857e-06,3.31417613795438e-06,8.92547153307641e-28,3.31033678697581e-06,8.92544673164602e-28,3.31420549554624e-06,3.31033706460755e-06,3.30540167912168e-06,8.92321285820564e-28,3.31026408045425e-06,8.92166288270347e-28,3.30689055234245e-06,8.92165187251824e-28,3.30507169258386e-06,3.31449057704361e-06,3.30707070850449e-06,3.30525165216944e-06,3.31024757369048e-06,3.3142060371743e-06,3.30690702580693e-06,8.92233864890153e-28,6.6183475350649e-05
0.15,1.64998956600341,-0.00025907995038742,3.30007823241343e-06,3.30725840128672e-06,3.30000640413109e-06,3.24359579024858e-28,3.29826544545447e-06,3.30725945588768e-06,3.30340711427498e-06,3.29826517270768e-06,3.29819290430539e-06,3.30734863783671e-06,3.30727597331896e-06,3.30369066491442e-06,3.30354059681607e-06,3.30003609160131e-06,3.24245386949165e-28,3.30003556035656e-06,3.29998811679531e-06,3.29822281990105e-06,3.30743984827477e-06,3.24219904316752e-28,3.24280402972567e-28,3.30340764660452e-06,3.30337789869423e-06,3.29822335057011e-06,3.29819369545575e-06,3.3033595741214e-06,3.29817542804969e-06,3.30031853481116e-06,3.3073489120555e-06,3.3000779593748e-06,3.30727676881375e-06,3.24360007050006e-28,3.30344959963299e-06,3.24359138829526e-28,3.30730605288047e-06,3.30344987322099e-06,3.29850548597648e-06,3.24278581252296e-28,3.30337710506013e-06,3.24220681974555e-28,3.29998916676496e-06,3.24220296553346e-28,3.29817647687482e-06,3.3075902681681e-06,3.30016877165551e-06,3.29835588605205e-06,3.3033606262489e-06,3.30730658645419e-06,3.30000561211985e-06,3.2424498748913e-28,6.60455563599685e-05
0.2,1.64998957800257,-0.000259068063954132,3.29301412913793e-06,3.30019638787396e-06,3.29294251054187e-06,2.05891326139398e-18,3.29120758496105e-06,3.30019742710107e-06,3.29635755556427e-06,3.29120731607795e-06,3.29113526465727e-06,3.30028636117486e-06,3.30021391417815e-06,3.2966402257129e-06,3.29649059504778e-06,3.2929721141547e-06,2.05935198299609e-18,3.29297159059262e-06,3.2929242804246e-06,3.29116509271211e-06,3.30037725693476e-06,2.05955553003255e-18,2.05957996775914e-18,3.29635808020199e-06,3.29632841593245e-06,3.29116561570757e-06,3.29113604431515e-06,3.29631014845485e-06,3.29111783403813e-06,3.29325368266062e-06,3.300286631511e-06,3.29301385996758e-06,3.30021469812389e-06,2.05890514731689e-18,3.29639991156861e-06,2.05892160709716e-18,3.30024390598712e-06,3.29640018128373e-06,3.29144687777148e-06,2.05961452602127e-18,3.29632763381827e-06,2.05954077709896e-18,3.29292531507755e-06,2.05954808849637e-18,3.29111886756461e-06,3.30052723797472e-06,3.29310435800204e-06,3.29129771564889e-06,3.29631118524703e-06,3.30024443184958e-06,3.29294173003667e-06,2.05935956036343e-18,6.5904386984806e-05
0.25,1.64998958932486,-0.000259056470978717,3.28578674948562e-06,3.29297087764597e-06,3.28571534577102e-06,5.66557080304217e-18,3.28398650618016e-06,3.29297190211631e-06,3.28914468918566e-06,3.28398624100775e-06,3.28391441145303e-06,3.2930605812217e-06,3.29298835664854e-06,3.28942646153594e-06,3.28927727907303e-06,3.28574486322037e-06,5.66679902307238e-18,3.28574434703368e-06,3.28569717397753e-06,3.28394414981582e-06,3.29315115849418e-06,5.66735556851633e-18,5.66739706506758e-18,3.28914520643918e-06,3.28911562811758e-06,3.28394466544446e-06,3.28391518007877e-06,3.28909741884396e-06,3.28389702803639e-06,3.28602553942313e-06,3.29306084782916e-06,3.2857864840302e-06,3.29298912950825e-06,5.66554876019608e-18,3.28918691309902e-06,5.66559347510834e-18,3.2930182585461e-06,3.28918717909482e-06,3.2842250365801e-06,5.66749094633871e-18,3.28911485706166e-06,5.66731549165237e-18,3.28569819392826e-06,5.66733535339351e-18,3.28389804687817e-06,3.29330068988697e-06,3.28587666401994e-06,3.28407632300934e-06,3.28909844091653e-06,3.29301877700581e-06,3.28571457631096e-06,5.66681960796672e-18,6.57599510890059e-05
0.3,1.64998959999343,-0.000259045171607431,3.27839480358208e-06,3.28558058635233e-06,3.27832361994289e-06,1.55901141151763e-17,3.27660092436833e-06,3.28558159662232e-06,3.28176723746882e-06,3.27660066276862e-06,3.27652905999308e-06,3.28567001372282e-06,3.28559801650654e-06,3.28204809443048e-06,3.28189937094682e-06,3.2783530489382e-06,1.55935515673001e-17,3.27835253985032e-06,3.27830550760011e-06,3.27655870651256e-06,3.28576026845405e-06,1.55950734192339e-17,1.55951167507493e-17,3.2817677476153e-06,3.28173825753506e-06,3.27655921505089e-06,3.27652981800163e-06,3.28172010759071e-06,3.2765117253191e-06,3.27863281498554e-06,3.28567027674016e-06,3.27839454170369e-06,3.28559877869729e-06,1.55900542431904e-17,3.2818093265227e-06,1.55901756961726e-17,3.28562782633353e-06,3.28180958893745e-06,3.27683867742173e-06,1.55953717468135e-17,3.2817374971212e-06,1.55949645672069e-17,3.27830651340279e-06,1.55950185135111e-17,3.27651273002936e-06,3.28590933939816e-06,3.27848439960471e-06,3.2766904231602e-06,3.28172111549869e-06,3.28562833766842e-06,3.27832286111255e-06,1.55936074794748e-17,6.56122229888336e-05
0.35,1.64998960981436,-0.000259033537201418,3.27083656440113e-06,3.27802379148387e-06,3.27076560604991e-06,4.28997651859334e-17,3.26904912307158e-06,3.27802478805634e-06,3.27422349015876e-06,3.26904886491994e-06,3.26897749388073e-06,3.27811293614554e-06,3.27804117126306e-06,3.27450341383698e-06,3.27435516014832e-06,3.27079494430374e-06,4.29093829624473e-17,3.27079444206439e-06,3.27074755430311e-06,3.26900704639815e-06,3.27820286404873e-06,4.29135450530464e-17,4.29134693131588e-17,3.27422399344902e-06,3.27419459389901e-06,3.26900754809599e-06,3.26897824164707e-06,3.27417650443164e-06,3.2689602094693e-06,3.27107378206564e-06,3.2781131956982e-06,3.27083630597487e-06,3.27804192316192e-06,4.28996025916776e-17,3.2742654415519e-06,4.28999324211936e-17,3.27807088685158e-06,3.27426570051057e-06,3.26928608358476e-06,4.29141618031905e-17,3.27419384375107e-06,4.29132494527791e-17,3.27074854645835e-06,4.2913395950746e-17,3.26896120054825e-06,3.27835146370347e-06,3.27092583751261e-06,3.26913829942936e-06,3.27417749867659e-06,3.27807139131277e-06,3.27076485747388e-06,4.29095348036602e-17,6.54611683021106e-05
0.4,1.64998961879906,-0.000259021880457983,3.26310991576932e-06,3.27029838039523e-06,3.26303918794704e-06,1.1804851700685e-16,3.26132897924628e-06,3.27029936372552e-06,3.26651132963976e-06,3.26132872442987e-06,3.26125759013726e-06,3.27038723580573e-06,3.27031570828631e-06,3.26679030180779e-06,3.26664252879628e-06,3.26306843317244e-06,1.18075419607124e-16,3.26306793755494e-06,3.26302119796506e-06,3.2612870464794e-06,3.27047683236815e-06,1.18086804052656e-16,1.18086059112733e-16,3.26651182630077e-06,3.26648251957092e-06,3.26128754156321e-06,3.26125832800108e-06,3.26646449175066e-06,3.26124035749584e-06,3.26334632420842e-06,3.27038749200714e-06,3.26310966068215e-06,3.27031645023475e-06,1.18048075527626e-16,3.2665531405303e-06,1.18048971087013e-16,3.27034532745508e-06,3.26655339614628e-06,3.26156513174461e-06,1.18087939369337e-16,3.26648177934828e-06,1.18086001457279e-16,3.26302217692638e-06,1.18086399220873e-16,3.26124133539657e-06,3.27062494982697e-06,3.26319886135611e-06,3.26141782855967e-06,3.26646547278704e-06,3.2703458252702e-06,3.26303844928515e-06,1.18075831891135e-16,6.53067446805773e-05
0.45,1.64998962692449,-0.000259009886126972,3.25521232827945e-06,3.26240182623111e-06,3.25514183626993e-06,3.24837496050903e-16,3.25343797594228e-06,3.26240279673283e-06,3.25862824372192e-06,3.25343772435863e-06,3.25336683188586e-06,3.26249038578982e-06,3.26241910072736e-06,3.25890624579383e-06,3.25875896443569e-06,3.25517098617123e-06,3.24912727461861e-16,3.25517049697006e-06,3.25512390924543e-06,3.25339618986233e-06,3.26257964627881e-06,3.24943872108192e-16,3.24940345860793e-16,3.25862873395969e-06,3.25859952234802e-06,3.25339667853742e-06,3.25336756015556e-06,3.25858155736772e-06,3.25334965251376e-06,3.25544791170404e-06,3.26249063874295e-06,3.25521207642894e-06,3.26241983303539e-06,3.24836297554241e-16,3.25866991122217e-06,3.24838728754544e-16,3.26244862127608e-06,3.25867016359795e-06,3.25367330464916e-06,3.24945450231331e-16,3.25859879174149e-06,3.24941693345479e-16,3.25512487542463e-06,3.24942773137027e-16,3.25335061764741e-06,3.26272727054044e-06,3.25530094151937e-06,3.25352649339208e-06,3.25858252560788e-06,3.26244911265171e-06,3.2551411072136e-06,3.2491384670588e-16,6.51489016966115e-05
0.5,1.64998963417869,-0.000258998493829355,3.2471409344811e-06,3.25433126331374e-06,3.24707068362336e-06,8.93864675107178e-16,3.24537321667354e-06,3.25433222136259e-06,3.25057134004794e-06,3.24537296822968e-06,3.24530232272483e-06,3.25441952035001e-06,3.25434848291202e-06,3.25084835305263e-06,3.25070157444264e-06,3.2470997358897e-06,8.94075001205635e-16,3.24709925291772e-06,3.24705282077428e-06,3.24533158011984e-06,3.25450843981627e-06,8.94160214793349e-16,8.94146448918197e-16,3.2505718240497e-06,3.25054270986881e-06,3.24533206257298e-06,3.24530304168065e-06,3.25052480894691e-06,3.24528519812075e-06,3.24737567677587e-06,3.25441977014854e-06,3.24714068577391e-06,3.25434920586143e-06,8.93861422117304e-16,3.25061286121969e-06,8.93868020939332e-16,3.25437790261752e-06,3.2506131104488e-06,3.24560770548687e-06,8.94160303282014e-16,3.25054198859724e-06,8.94154301321411e-16,3.24705377454567e-06,8.94157232040153e-16,3.24528615086118e-06,3.25465555976102e-06,3.24722921034435e-06,3.24546139723439e-06,3.25052576476583e-06,3.25437838774139e-06,3.24706996389199e-06,8.94078039098108e-16,6.49875817404939e-05
0.55,1.64998964052765,-0.000258986761032319,3.23889240489511e-06,3.24608336294136e-06,3.23882240059846e-06,2.4596731064839e-15,3.23713140532822e-06,3.24608430887963e-06,3.24233732600201e-06,3.23713115993921e-06,3.23706076663517e-06,3.24617131069702e-06,3.24610052613616e-06,3.24261333055153e-06,3.24246706592976e-06,3.23885135289784e-06,2.46026097418167e-15,3.23885087598501e-06,3.23880460317021e-06,3.23708992120506e-06,3.24625988397317e-06,2.46049416548291e-15,2.4604451063157e-15,3.24233780393831e-06,3.24230878952098e-06,3.23709039760638e-06,3.23706147653219e-06,3.24229095390414e-06,3.23704369829823e-06,3.23912628959141e-06,3.24617155742602e-06,3.23889215924648e-06,3.24610123998342e-06,2.4596642788225e-15,3.24237869785335e-06,2.45968218608323e-15,3.24612984274569e-06,3.24237894402063e-06,3.23736503779141e-06,2.460482702871e-15,3.24230807732844e-06,2.4604781185443e-15,3.23880554487438e-06,2.46048607144241e-15,3.23704463898581e-06,3.24640648833497e-06,3.23898033814515e-06,3.23721924376618e-06,3.24229189764317e-06,3.24613032178861e-06,3.23882168993655e-06,2.4602692181646e-15,6.48227185798144e-05
0.6,1.64998964592903,-0.000258974686778546,3.23046306715777e-06,3.23765445278734e-06,3.23039331490892e-06,6.76835310838137e-15,3.2287088702016e-06,3.23765538692687e-06,3.23392253286103e-06,3.2287086277905e-06,3.22863849201513e-06,3.2377420844012e-06,3.23767155806617e-06,3.2341975091193e-06,3.23405176989535e-06,3.23042216488476e-06,6.76999582181064e-15,3.23042169387587e-06,3.2303755841769e-06,3.22866754148211e-06,3.23783030610293e-06,6.77063408425922e-15,6.77046832445725e-15,3.23392300488716e-06,3.23389409259374e-06,3.22866801198627e-06,3.22863919308603e-06,3.23387632355769e-06,3.22862148145126e-06,3.23069607740664e-06,3.23774232813825e-06,3.23046282449045e-06,3.23767226304506e-06,6.76832915739775e-15,3.23396375233749e-06,6.76837774289253e-15,3.23770076929244e-06,3.2339639955205e-06,3.22894162948038e-06,6.77057033011378e-15,3.23389338924696e-06,6.77059054745617e-15,3.23037651412455e-06,6.7706121244723e-15,3.2286224103962e-06,3.237976383446e-06,3.23055065234707e-06,3.22879636107414e-06,3.23387725552792e-06,3.23770124241036e-06,3.23039261308369e-06,6.77001818926195e-15,6.4654238796641e-05
0.65,1.64998965037694,-0.000258963207684091,3.22184891025523e-06,3.22904052120447e-06,3.2217794156333e-06,1.86246716157111e-14,3.22010157357952e-06,3.22904144382983e-06,3.22532292540506e-06,3.2201013340758e-06,3.22003146126158e-06,3.22912782970018e-06,3.22905756704389e-06,3.22559685305816e-06,3.22545165083413e-06,3.22180816089501e-06,1.86292608788079e-14,3.22180769564883e-06,3.22176175290226e-06,3.22006040330842e-06,3.22921569422362e-06,1.86310081154088e-14,1.8630467339593e-14,3.22532339166286e-06,3.22529458388443e-06,3.22006086805689e-06,3.22003215371836e-06,3.22527688273552e-06,3.22001450998839e-06,3.22208102880377e-06,3.22912807051614e-06,3.22184867049879e-06,3.22905826336778e-06,1.86246066456417e-14,3.22536398938575e-06,1.86247384398708e-14,3.22908667056095e-06,3.22536422965508e-06,3.2203334424346e-06,1.86307440418817e-14,3.22529388917075e-06,1.86308900199563e-14,3.22176267137659e-06,1.86309485487618e-14,3.22001542747355e-06,3.22936123291898e-06,3.22193614172446e-06,3.22018871123179e-06,3.22527780322086e-06,3.22908713789575e-06,3.22177872243241e-06,1.8629321553587e-14,6.44820619359302e-05
0.7,1.64998965378548,-0.000258951383051002,3.21304543507036e-06,3.2202370674496e-06,3.21297620375782e-06,5.12500432184603e-14,3.21130504552388e-06,3.22023797882041e-06,3.21653403560692e-06,3.21130480886334e-06,3.21123520455943e-06,3.22032404571916e-06,3.2202540523117e-06,3.21680689382156e-06,3.21666224041991e-06,3.21300484187889e-06,5.1262861389233e-14,3.21300438226608e-06,3.21295861036825e-06,3.21126403682603e-06,3.22041154723457e-06,5.12676454768332e-14,5.12659244742494e-14,3.21653449622565e-06,3.2165057953897e-06,3.21126449594773e-06,3.21123588859559e-06,3.21648816347079e-06,3.21121831410946e-06,3.21327664422614e-06,3.22032428367865e-06,3.21304519816037e-06,3.22025474017522e-06,5.12498670155762e-14,3.21657494089771e-06,5.12502244495899e-14,3.22028304575147e-06,3.21657517831766e-06,3.21153600627752e-06,5.12666749056357e-14,3.21650510911494e-06,5.12673252044468e-14,3.21295951762779e-06,5.12674839339268e-14,3.21121922039308e-06,3.22055653543314e-06,3.21313230694127e-06,3.21139182408239e-06,3.21648907273002e-06,3.22028350743285e-06,3.21297551898739e-06,5.12630259436915e-14,6.43060983735378e-05
0.75,1.64998965614194,-0.000258939211868777,3.20404779855882e-06,3.21123924620621e-06,3.20397883635488e-06,1.41026212378694e-13,3.20231444678133e-06,3.21124014655933e-06,3.20755102569032e-06,3.20231421290542e-06,3.20224488278756e-06,3.21132588699513e-06,3.21125616853344e-06,3.20782279308616e-06,3.20767870057123e-06,3.20400736486548e-06,1.41062006687526e-13,3.20400691076824e-06,3.20396131368389e-06,3.20227360286448e-06,3.2114130194429e-06,1.41075108890085e-13,1.41069732183478e-13,3.20755148078806e-06,3.20752288936781e-06,3.20227405647697e-06,3.20224555857979e-06,3.20750532805271e-06,3.202228054711e-06,3.20427808016404e-06,3.21132612215695e-06,3.20404756443681e-06,3.2112568481141e-06,1.41025734607817e-13,3.2075917690215e-06,1.41026703783242e-13,3.21128504947676e-06,3.20759200365086e-06,3.20254448129049e-06,1.41071766958089e-13,3.20752221135479e-06,1.410742405041e-13,3.20396220996473e-06,1.4107467088449e-13,3.2022289500289e-06,3.21155744505196e-06,3.20413430473061e-06,3.20240086014929e-06,3.20750622632245e-06,3.21128550562316e-06,3.20397815983807e-06,1.41062452875821e-13,6.41262514632876e-05
0.8,1.64998965737093,-0.000258927626020062,3.19485077059895e-06,3.20204182435685e-06,3.19478208342928e-06,3.88065863402163e-13,3.19312451740315e-06,3.20204271390856e-06,3.19836863669709e-06,3.19312428625837e-06,3.19305523614014e-06,3.20212812024847e-06,3.20205868256785e-06,3.19863929130355e-06,3.19849577200803e-06,3.19481049981031e-06,3.88165796533565e-13,3.19481005112123e-06,3.19476463289026e-06,3.19308384156473e-06,3.20221487733216e-06,3.88201686720218e-13,3.88185127688196e-13,3.19836908638144e-06,3.19834060689642e-06,3.19308428977549e-06,3.19305590384964e-06,3.19832311760277e-06,3.19303847201229e-06,3.19508010599664e-06,3.20212835266634e-06,3.19485053921124e-06,3.20205935402799e-06,3.88064568221479e-13,3.19840921471247e-06,3.88067195542082e-13,3.20208744854214e-06,3.19840944660481e-06,3.19335360702601e-06,3.88190643709439e-13,3.19833993698351e-06,3.88199332699662e-13,3.19476551840771e-06,3.88200499378507e-13,3.19303935657942e-06,3.2023587279908e-06,3.19493690473876e-06,3.19321055925344e-06,3.19832400509863e-06,3.20208789926142e-06,3.19478141500477e-06,3.88167006103487e-13,6.39424167938854e-05
0.85,1.6499896575966,-0.000258915377467923,3.1854485725261e-06,3.19263901916984e-06,3.18538016645877e-06,1.0678518753286e-12,3.18372953286312e-06,3.19263989811744e-06,3.18898114453493e-06,3.1837293044009e-06,3.18366054024614e-06,3.19272496257031e-06,3.19265581165799e-06,3.18925066374611e-06,3.18910773029965e-06,3.18540846813738e-06,1.06813081804096e-12,3.18540802475856e-06,3.18536278950747e-06,3.18368902849671e-06,3.19281133774582e-06,1.06822915343809e-12,1.06817873407143e-12,3.18898158890417e-06,3.18895322392993e-06,3.18368947140364e-06,3.18366120001992e-06,3.18893580811283e-06,3.18364384166787e-06,3.18567694251957e-06,3.19272519229328e-06,3.18544834382407e-06,3.19265647514499e-06,1.06784836504982e-12,3.18902155378691e-06,1.06785548578331e-12,3.19268446013245e-06,3.18902178299124e-06,3.1839576584199e-06,1.06819368392424e-12,3.18895256196962e-06,1.06822277361589e-12,3.18536366445775e-06,1.06822593553392e-12,3.18364471568047e-06,3.19295460079493e-06,3.18553432805926e-06,3.18381519662643e-06,3.18893668503147e-06,3.19268490552301e-06,3.18537950597929e-06,1.06813409631399e-12,6.37544806916906e-05
0.9,1.64998965653363,-0.000258903705925947,3.17583511162489e-06,3.18302473333761e-06,3.17576699288015e-06,2.93843691713345e-12,3.17412334689075e-06,3.1830256018606e-06,3.17938240292066e-06,3.17412312106669e-06,3.17405464900073e-06,3.18311031645936e-06,3.18304145846406e-06,3.17965076345665e-06,3.17950842880986e-06,3.1757951772236e-06,2.9392153714294e-12,3.17579473906551e-06,3.17574969101562e-06,3.17408301749195e-06,3.1831963029282e-06,2.93948486502268e-12,2.93933276942777e-12,3.17938284206412e-06,3.17935459423438e-06,3.17408345518414e-06,3.17405530097273e-06,3.17933725339434e-06,3.17403801760514e-06,3.17606249644759e-06,3.18311054353193e-06,3.17583488556412e-06,3.18304211411286e-06,2.93842740563985e-12,3.17942263986387e-06,2.9384467001353e-12,3.18306998684332e-06,3.17942286642443e-06,3.17435048863074e-06,2.93937327791527e-12,3.17935394009241e-06,2.93946757865281e-12,3.17575055557762e-06,2.93947614598288e-12,3.17403888124173e-06,3.18333896538753e-06,3.17592048172712e-06,3.17420862574769e-06,3.17933811991511e-06,3.18307042699483e-06,3.17576634021173e-06,2.93922425438107e-12,6.35623245335758e-05
0.95,1.64998965438356,-0.000258891366760994,3.16600364049844e-06,3.17319221359546e-06,3.16593581546738e-06,8.08577181092501e-12,3.16429927163376e-06,3.17319307185725e-06,3.16956572333508e-06,3.1642990484075e-06,3.16423087473342e-06,3.17327742843772e-06,3.17320886968708e-06,3.16983290118676e-06,3.16969117864488e-06,3.1659638797752e-06,8.08794384294888e-12,3.16596344675698e-06,3.165918590236e-06,3.16425912080788e-06,3.17336301912991e-06,8.08868259819844e-12,8.08822732315895e-12,3.16956615733414e-06,3.16953802935118e-06,3.16425955336629e-06,3.1642315190251e-06,3.1695207650362e-06,3.164214312187e-06,3.166230019763e-06,3.17327765290038e-06,3.16600341703863e-06,3.17320951761982e-06,8.08574604507516e-12,3.16960578431931e-06,8.08579831284873e-12,3.17323727530355e-06,3.16960600827662e-06,3.16452540918639e-06,8.08833705938139e-12,3.16953738290554e-06,8.08863577183004e-12,3.1659194445723e-06,8.08865897932468e-12,3.1642151656098e-06,3.17350506766265e-06,3.16608861807971e-06,3.16438415849994e-06,3.16952162132181e-06,3.17323771029746e-06,3.16593517048829e-06,8.08796790674332e-12,6.33658243650527e-05
1.0,1.649989650876,-0.000258879594354924,3.15594701758857e-06,3.16313431181552e-06,3.15587949284472e-06,2.22498003235007e-11,3.15425011495526e-06,3.16313515996423e-06,3.15952391245303e-06,3.15424989429065e-06,3.15418202550362e-06,3.16321915014722e-06,3.16315089715845e-06,3.15978988282867e-06,3.15964878608131e-06,3.15590743434424e-06,2.22558595410571e-11,3.15590700639231e-06,3.15586234584517e-06,3.15421014642817e-06,3.16330433770953e-06,2.2257885198618e-11,2.22565312860372e-11,3.15952434138115e-06,3.15949633602014e-06,3.15421057392624e-06,3.15418266222541e-06,3.15947914982777e-06,3.15416553351198e-06,3.15617237024629e-06,3.16321937203663e-06,3.15594679669324e-06,3.1631515374862e-06,2.22497305462343e-11,3.15956379371122e-06,2.22498720986863e-11,3.16317917726815e-06,3.15956401510165e-06,3.15447522729002e-06,2.22568284835502e-11,3.15949569716015e-06,2.22577583870275e-11,3.15586319010331e-06,2.22578212337688e-11,3.1541663768685e-06,3.1634457585945e-06,3.15603159528114e-06,3.15433460246915e-06,3.15947999602606e-06,3.16317960717836e-06,3.15587885544438e-06,2.22559247131176e-11,6.3164865515107e-05
1.05,1.64998964614921,-0.0002588674557614,3.14565724686577e-06,3.1528430237061e-06,3.14559002919093e-06,6.12251215941786e-11,3.14396792651672e-06,3.15284386187539e-06,3.14924901779011e-06,3.14396770838047e-06,3.14390015118978e-06,3.15292747703234e-06,3.15285953654222e-06,3.14951375502493e-06,3.14937329819881e-06,3.14561784502572e-06,6.12420215667546e-11,3.14561742207352e-06,3.14557296207674e-06,3.14392814414336e-06,3.15301225380452e-06,6.12475774320668e-11,6.12435736157618e-11,3.14924944171399e-06,3.14922156183233e-06,3.14392856664747e-06,3.14390078044139e-06,3.14920445541802e-06,3.14388373150592e-06,3.14588155112604e-06,3.15292769638168e-06,3.14565702850187e-06,3.15286016936524e-06,6.12249326987495e-11,3.14928871542729e-06,6.12253159328818e-11,3.15288768831385e-06,3.14928893428427e-06,3.14419199186247e-06,6.12443783029072e-11,3.14922093045788e-06,6.12472341208732e-11,3.14557379638987e-06,6.1247404246517e-11,3.14388456492907e-06,3.15315303288264e-06,3.1457414169967e-06,3.14405200701264e-06,3.1492052916624e-06,3.152888113207e-06,3.14558939926954e-06,6.12421980257095e-11,6.29593674574123e-05
1.1,1.6499896401927,-0.000258855255035275,3.13512522701079e-06,3.14230923746229e-06,3.13505832343618e-06,1.6847302994278e-10,3.13344360269411e-06,3.14231006577227e-06,3.13873193208403e-06,3.13344338705665e-06,3.1333761484281e-06,3.14239329697489e-06,3.14232567597514e-06,3.13899540948823e-06,3.13885560722875e-06,3.1350860106491e-06,1.68520157600542e-10,3.1350855926372e-06,3.13504133792783e-06,3.13340401048656e-06,3.14247765493989e-06,1.68535399824525e-10,1.68523617111659e-10,3.13873235106338e-06,3.13870459961995e-06,3.13340442805633e-06,3.13337677029894e-06,3.13868757470572e-06,3.13335980286097e-06,3.13534846021251e-06,3.14239351381409e-06,3.13512501114867e-06,3.1423263013833e-06,1.68472518880982e-10,3.13877144205383e-06,1.6847355599445e-10,3.14235369647261e-06,3.13877165840688e-06,3.133666598411e-06,1.68525795269619e-10,3.13870397564157e-06,1.68534470805892e-10,3.13504216241529e-06,1.68534931047545e-10,3.13336062647022e-06,3.14261777752963e-06,3.13520898155643e-06,3.13352726815626e-06,3.13868840111584e-06,3.14235411640864e-06,3.13505770090426e-06,1.68520635241205e-10,6.2749365426535e-05
1.15,1.64998963293384,-0.000258842985767837,3.1243389419703e-06,3.13152092041913e-06,3.12427235989053e-06,4.63578849964126e-10,3.12266513106158e-06,3.13152173897538e-06,3.12796063514754e-06,3.12266491789723e-06,3.12259800516392e-06,3.13160457685599e-06,3.13153728270925e-06,3.12822282455911e-06,3.1280836922702e-06,3.12429991537711e-06,4.63710247054708e-10,3.12429950225294e-06,3.12425545780341e-06,3.12262573325113e-06,3.13168850750062e-06,4.6375207351086e-10,4.63717546931422e-10,3.12796104923498e-06,3.12793342933694e-06,3.12262614593863e-06,3.12259861973263e-06,3.1279164877385e-06,3.12258173560548e-06,3.12456108020631e-06,3.13160479121085e-06,3.12433872858413e-06,3.13153790078176e-06,4.63577468897066e-10,3.12799995318524e-06,4.63580273528675e-10,3.13156516884604e-06,3.12800016706036e-06,3.12288703326346e-06,4.63723441078115e-10,3.12793281267552e-06,4.63749561471274e-10,3.12425627257066e-06,4.63750804979321e-10,3.12258254950579e-06,3.13182795816257e-06,3.12442227241736e-06,3.12274837298294e-06,3.12791730441988e-06,3.13156558387751e-06,3.12427174466931e-06,4.63711539505354e-10,6.25352170784596e-05
1.2,1.64998962442538,-0.000258830641124898,3.11327708748151e-06,3.12045673190022e-06,3.11321083503391e-06,1.27554698311075e-09,3.11161122186003e-06,3.12045754079071e-06,3.11691381584577e-06,3.11161101114726e-06,3.11154443239586e-06,3.12053997506289e-06,3.12047301588862e-06,3.11717468613347e-06,3.11703624077369e-06,3.1132382553835e-06,1.27591326119086e-09,3.1132378471036e-06,3.11319401837504e-06,3.11157202312644e-06,3.12062346890164e-06,1.27602805522272e-09,1.2759272748982e-09,3.11691422508472e-06,3.11688674014395e-06,3.11157243097543e-06,3.1115450397277e-06,3.11686988387001e-06,3.1115282409172e-06,3.11349810432662e-06,3.12054018695515e-06,3.1132768765497e-06,3.12047362669112e-06,1.27554326144761e-09,3.11695293724194e-06,1.275550834346e-09,3.12050076426444e-06,3.11695314866064e-06,3.11183200414641e-06,1.27594321890872e-09,3.11688613073405e-06,1.27602127406052e-09,3.11319482350933e-06,1.27602462349744e-09,3.11152904519584e-06,3.12076223063604e-06,3.11335998435125e-06,3.11169403077117e-06,3.11687069091019e-06,3.12050117443505e-06,3.11321022705802e-06,1.27591675687482e-09,6.23181415849518e-05
1.25,1.64998961487107,-0.000258818213580874,3.10188548215095e-06,3.109062383449e-06,3.10181956959208e-06,3.50924428503478e-09,3.10022772445145e-06,3.10906318272757e-06,3.10553725321859e-06,3.10022751617718e-06,3.10016128162759e-06,3.10914520047653e-06,3.10907858653875e-06,3.10579676488023e-06,3.10565902783485e-06,3.10184685051763e-06,3.51026507080876e-09,3.10184644705546e-06,3.10180284090834e-06,3.10018873073321e-06,3.10922824532507e-06,3.51058008697733e-09,3.51028700822731e-09,3.10553765763578e-06,3.10551031194392e-06,3.10018913377024e-06,3.10016188176267e-06,3.10549354354482e-06,3.10014517081258e-06,3.10210534408406e-06,3.10914540991912e-06,3.10188527366046e-06,3.10907919011157e-06,3.50923432996781e-09,3.1055761720114e-06,3.50925470075856e-09,3.10910619286672e-06,3.10557638098662e-06,3.10044735333448e-06,3.5103301163808e-09,3.10550970974529e-06,3.51056185772583e-09,3.10180363646352e-06,3.51057080594309e-09,3.10014596552327e-06,3.10936629669554e-06,3.10196793328635e-06,3.10031008820756e-06,3.10549434099765e-06,3.10910659820339e-06,3.10181896882128e-06,3.51027451848734e-09,6.21015801224166e-05
1.3,1.64998960419568,-0.000258805390106057,3.08998958354547e-06,3.09716296584558e-06,3.08992402829377e-06,9.65113044641872e-09,3.08834013691134e-06,3.09716375547289e-06,3.09365619413007e-06,3.08833993108646e-06,3.08827405816104e-06,3.09724533487937e-06,3.09717908368343e-06,3.09391427942579e-06,3.09377728705205e-06,3.08995116254873e-06,9.65397429660341e-09,3.08995076392452e-06,3.08990739195341e-06,3.0883013583901e-06,3.09732790950535e-06,9.654838127255e-09,9.65398925477257e-09,3.09365659370514e-06,3.09362939452205e-06,3.08830175659464e-06,3.08827465106946e-06,3.09361271837188e-06,3.0882580323434e-06,3.09020823312976e-06,3.09724554186142e-06,3.08998937750718e-06,3.09717967999628e-06,9.65110436298772e-09,3.09369490012156e-06,9.65115860647278e-09,3.09720654067642e-06,3.09369510664251e-06,3.088558555002e-06,9.65410570723143e-09,3.09362879956476e-06,9.65478967293793e-09,3.08990817788991e-06,9.65481303428614e-09,3.08825881744666e-06,3.09746521407443e-06,3.09007156780738e-06,3.08842203439007e-06,3.09361350619777e-06,3.09720694115859e-06,3.08992343475802e-06,9.65399979052943e-09,6.18944743514701e-05
1.35,1.64998959001953,-0.000258793086454945,3.07697530308196e-06,3.08414307140566e-06,3.07691014814028e-06,2.65170375848354e-08,3.07533429253113e-06,3.08414385102985e-06,3.08065555530859e-06,3.07533408924589e-06,3.07526862109458e-06,3.08422493844466e-06,3.08415909334924e-06,3.08091204573443e-06,3.08077588787543e-06,3.07693711788581e-06,2.65249550267435e-08,3.07693672427623e-06,3.07689361500384e-06,3.07529575453342e-06,3.08430698939314e-06,2.65273190813792e-08,2.65248739086397e-08,3.08065594986446e-06,3.08062891506904e-06,3.07529614772897e-06,3.07526920651269e-06,3.08061234205432e-06,3.07525269086515e-06,3.07719259754454e-06,3.0842251428755e-06,3.07697509958624e-06,3.08415968213757e-06,2.65169733434817e-08,3.08069402319077e-06,2.65171136895888e-08,3.0841863830081e-06,3.08069422716691e-06,3.07555135714431e-06,2.6525187914795e-08,3.08062832761761e-06,2.65271943678986e-08,3.07689439097189e-06,2.65272512563198e-08,3.07525346601122e-06,3.08444345714375e-06,3.07705676733293e-06,3.07541567062789e-06,3.08061311990216e-06,3.08418677845837e-06,3.07690956210339e-06,2.65250235573369e-08,6.17186176664915e-05
1.4,1.64998956065503,-0.000258780397190801,3.06064326251858e-06,3.06779855408691e-06,3.06057864269364e-06,7.26658479239154e-08,3.05901042757519e-06,3.06779932226246e-06,3.06433224029378e-06,3.05901022719828e-06,3.05894529928602e-06,3.06787974978431e-06,3.06781444691863e-06,3.06458660579164e-06,3.06445156425809e-06,3.06060539209107e-06,7.26878554202294e-08,3.06060500422092e-06,3.06056224691379e-06,3.05897220975985e-06,3.06796110806355e-06,7.26942988080433e-08,7.26873253739173e-08,3.06433262910343e-06,3.06430581468901e-06,3.05897259722195e-06,3.05894587613089e-06,3.06428937905612e-06,3.05892949770047e-06,3.0608587529551e-06,3.06787995129364e-06,3.06064306193417e-06,3.06781502709401e-06,7.26657210677909e-08,3.06437039052219e-06,7.26660535061432e-08,3.06784151279316e-06,3.06437059158361e-06,3.05922568999505e-06,7.2688168249702e-08,3.06430523582971e-06,7.26940084800244e-08,3.0605630114743e-06,7.26941155102966e-08,3.05893026145073e-06,3.06809645670261e-06,3.06072403888877e-06,3.05909111849097e-06,3.06429014548317e-06,3.06784190248348e-06,3.06057806523895e-06,7.26880377850698e-08,6.16227943719787e-05
1.45,1.64998946196871,-0.000258767693885993,3.03323463822216e-06,3.04035366987968e-06,3.03317101046927e-06,1.97714226706749e-07,3.03160744888807e-06,3.04035442136363e-06,3.03691327887395e-06,3.03160725275645e-06,3.03154332449611e-06,3.04043362013453e-06,3.04036932114161e-06,3.03716372073444e-06,3.03703075102551e-06,3.03319735031864e-06,1.97775145915676e-07,3.03319697081703e-06,3.03315486792173e-06,3.03156982156208e-06,3.0405137114856e-06,1.97792627683739e-07,1.97773178029592e-07,3.03691365930023e-06,3.03688725503034e-06,3.03157020066229e-06,3.03154388884024e-06,3.03687107300245e-06,3.0315277634689e-06,3.03344680166234e-06,3.04043381737881e-06,3.03323444188633e-06,3.04036988875738e-06,1.97714226153781e-07,3.03695084159897e-06,1.97714781653774e-07,3.04039597186432e-06,3.03695103840438e-06,3.03181938658581e-06,1.9777541402466e-07,3.03688668870404e-06,1.97792184935203e-07,3.03315561585564e-06,1.97792132261429e-07,3.03152851060589e-06,3.04064698401274e-06,3.03331415639746e-06,3.03168688247307e-06,3.03687182277338e-06,3.04039635315338e-06,3.03317044552522e-06,1.977756179747e-07,6.16998041016867e-05
1.5,1.64998908122846,-0.000258755203172273,2.96867772586766e-06,2.97567948087487e-06,2.96861660823459e-06,5.27828305230665e-07,2.96704485886089e-06,2.97568019801807e-06,2.97227778659499e-06,2.96704467147578e-06,2.96698326928633e-06,2.97575627837997e-06,2.97569451705739e-06,2.97251832762035e-06,2.97239060436344e-06,2.96864191005002e-06,5.27995051251333e-07,2.96864154776641e-06,2.96860110394314e-06,2.96700872022815e-06,2.97583319404414e-06,5.28042992523228e-07,5.27991642416263e-07,2.97227814976093e-06,2.97225278606931e-06,2.96700908211887e-06,2.96698380790825e-06,2.97223724386e-06,2.96696832053194e-06,2.96888150197916e-06,2.97575646683645e-06,2.96867753828259e-06,2.97569505882805e-06,5.27830681131506e-07,2.97231386513955e-06,5.27829800457911e-07,2.97572011685363e-06,2.97231405317297e-06,2.96724841266333e-06,5.27997393413054e-07,2.97225224554143e-06,5.28044170471027e-07,2.96860181768275e-06,5.28041653198633e-07,2.96696903349174e-06,2.97596121106087e-06,2.96875409034114e-06,2.96712114004168e-06,2.97223795935221e-06,2.97572048085125e-06,2.96861606902562e-06,5.27996182429951e-07,6.20586295632918e-05
1.55,1.6499876912839,-0.000258743629369811,2.79006131216709e-06,2.79669391229534e-06,2.79000714141945e-06,1.34273579882314e-06,2.78838803164023e-06,2.7966945436297e-06,2.79336921743693e-06,2.78838786614336e-06,2.78833345099625e-06,2.79676198237834e-06,2.79670724165214e-06,2.79358238850087e-06,2.79346919014421e-06,2.79002956830905e-06,1.34317844680055e-06,2.79002924905965e-06,2.78999340064968e-06,2.78835600667461e-06,2.79683014381402e-06,1.34332135888253e-06,1.34320324369385e-06,2.7933695374458e-06,2.79334705693361e-06,2.78835632554662e-06,2.78833392533619e-06,2.79333328330982e-06,2.78832020091338e-06,2.79024191166599e-06,2.79676214884128e-06,2.79006114647798e-06,2.79670771882772e-06,1.34275661809445e-06,2.79340119113088e-06,1.34273979123423e-06,2.79672993228239e-06,2.79340135720617e-06,2.78856841630719e-06,1.34321692854523e-06,2.79334658089488e-06,1.34333894038219e-06,2.7899940289664e-06,1.34331775511281e-06,2.78832082848116e-06,2.79694361265245e-06,2.79012898334174e-06,2.78845562233419e-06,2.79333391313434e-06,2.79673025305227e-06,2.79000666651566e-06,1.34318060920845e-06,6.25584393896432e-05
1.6,1.64998332317354,-0.000258734917310128,2.34029740052394e-06,2.34594846334701e-06,2.34025909047742e-06,3.06218748907258e-06,2.33854186153929e-06,2.34594890647609e-06,2.34282710266274e-06,2.33854174419438e-06,2.33850327518383e-06,2.34599660525965e-06,2.34595789186823e-06,2.34297781803167e-06,2.34289778162512e-06,2.34027495174688e-06,3.06327292343306e-06,2.34027472696447e-06,2.34024937368993e-06,2.33851922172026e-06,2.34604480720749e-06,3.06378909138118e-06,3.06359506759399e-06,2.34282732793149e-06,2.3428114320758e-06,2.33851944617062e-06,2.3385036085052e-06,2.34280169410111e-06,2.33849390617813e-06,2.34042511444516e-06,2.34599672332759e-06,2.34029728300923e-06,2.34595822730273e-06,3.06230556824967e-06,2.34284970789587e-06,3.0621976842761e-06,2.34597393970478e-06,2.34284982565861e-06,2.33866938541866e-06,3.06362248018121e-06,2.34281109753267e-06,3.06389874278491e-06,2.34024981467175e-06,3.06377976277486e-06,2.33849434650226e-06,2.34612505717734e-06,2.34034525218909e-06,2.33858964201802e-06,2.34280213604722e-06,2.34597416557059e-06,2.34025875666044e-06,3.06327458921566e-06,6.2154306155788e-05
1.65,1.64997319724759,-0.000258732879858085,1.54557127699082e-06,1.54941372871554e-06,1.54555442962852e-06,5.74026420480772e-06,1.54389751046623e-06,1.54941392194416e-06,1.54685641726183e-06,1.54389745760445e-06,1.54388055336806e-06,1.54943490110448e-06,1.5494178759538e-06,1.54692266566125e-06,1.5468874873557e-06,1.54556140520291e-06,5.74250787907382e-06,1.54556130618343e-06,1.54555015670909e-06,1.54388756108954e-06,1.54945610641201e-06,5.74441052569945e-06,5.74428016687469e-06,1.5468565164449e-06,1.54684952914817e-06,1.54388765989905e-06,1.54388069931918e-06,1.54684524904938e-06,1.54387643558387e-06,1.54562744347398e-06,1.54943495432592e-06,1.54557122402058e-06,1.54941802294221e-06,5.74069027364193e-06,1.54686635176691e-06,5.74028670839047e-06,1.54942493379946e-06,1.54686640482138e-06,1.54395355624335e-06,5.74432125420681e-06,1.54684938264079e-06,5.74481771651431e-06,1.54555034897772e-06,5.74438960461558e-06,1.54387662743852e-06,1.5494914008523e-06,1.54559232418563e-06,1.543918512449e-06,1.54684544164096e-06,1.54942503330558e-06,1.54555428336487e-06,5.74250168159789e-06,5.96430485563841e-05
1.7,1.64995990814866,-0.000258739246169422,7.3775173462869e-07,7.39661153532754e-07,7.37747854269686e-07,8.43680795307477e-06,7.36632628811933e-07,7.39661197811749e-07,7.38125342113159e-07,7.36632615398828e-07,7.36628726197806e-07,7.39666029957915e-07,7.3966210875726e-07,7.38140598226362e-07,7.38132501331558e-07,7.37749460951287e-07,8.44041365862356e-06,7.37749437497079e-07,7.3774686991834e-07,7.36630338604493e-07,7.39670923332024e-07,8.44510593453896e-06,8.44525797892783e-06,7.38125365590405e-07,7.38123757253501e-07,7.36630361990409e-07,7.36628760154183e-07,7.38122771888521e-07,7.36627778770471e-07,7.37764677920018e-07,7.39666043470306e-07,7.37751721178961e-07,7.39662142987367e-07,8.43773478414423e-06,7.38127628148738e-07,8.43684620471362e-06,7.3966373443027e-07,7.381276416107e-07,7.36645533096601e-07,8.44530339728918e-06,7.38123723162269e-07,8.44600065532808e-06,7.37746913969949e-07,8.44506994373311e-06,7.36627822689737e-07,7.39679053841547e-07,7.37756589359041e-07,7.36637468927457e-07,7.38122815985088e-07,7.39663758001568e-07,7.3774782021254e-07,8.44039089761808e-06,5.6970347406986e-05
1.75,1.64995153510239,-0.000258748525838936,2.69186866554272e-07,2.69911811715621e-07,2.69186345380406e-07,1.01929537581114e-05,2.68698548940165e-07,2.69911817760068e-07,2.69270648776742e-07,2.68698546512333e-07,2.68698024770781e-07,2.69912466338266e-07,2.69911939869444e-07,2.69272701530398e-07,2.69271614460585e-07,2.69186561144041e-07,1.01975658187224e-05,2.69186557592942e-07,2.69186213018878e-07,2.68698241095238e-07,2.6991312841815e-07,1.02046684625385e-05,1.02051047442852e-05,2.69270652329815e-07,2.69270436427817e-07,2.68698244634719e-07,2.68698029651768e-07,2.69270303981453e-07,2.68697897768523e-07,2.69188609034628e-07,2.69912468783337e-07,2.69186864119492e-07,2.69911944791927e-07,1.01943076956481e-05,2.69270955499891e-07,1.01930041608177e-05,2.69912158153867e-07,2.69270957935814e-07,2.68700285129185e-07,1.02051475225652e-05,2.69270431527287e-07,1.02059802170628e-05,2.69186219031528e-07,1.02046207255472e-05,2.6869790375987e-07,2.69914220664412e-07,2.69187522661341e-07,2.68699202686001e-07,2.6927030999783e-07,2.69912161722234e-07,2.69186340482754e-07,1.01975275941355e-05,5.6385783427044e-05
1.8,1.64994875303959,-0.000258756411081628,8.48621595439395e-08,8.50981679238485e-08,8.48621078358407e-08,1.10431059901461e-05,8.46975930245991e-08,8.50981685798409e-08,8.48847888298698e-08,8.46975925565905e-08,8.46975409031359e-08,8.50982327187994e-08,8.50981805711011e-08,8.48849941736286e-08,8.48848863234534e-08,8.48621292267041e-08,1.10482591954787e-05,8.48621287216233e-08,8.48620946427978e-08,8.46975623218742e-08,8.50983001755172e-08,1.10564375901016e-05,1.10570161500241e-05,8.48847893351421e-08,8.48847679323889e-08,8.46975628254273e-08,8.46975415179432e-08,8.48847547320299e-08,8.46975283760924e-08,8.48623339520768e-08,8.50982331896345e-08,8.4862159074762e-08,8.50981811908107e-08,1.10446936503408e-05,8.48848191999593e-08,1.10431629017533e-05,8.50982021947525e-08,8.48848196692721e-08,8.46977667577348e-08,1.10570555262152e-05,8.48847673153017e-08,1.10579776116193e-05,8.48620952953878e-08,1.10563835134412e-05,8.46975290263171e-08,8.50984085717075e-08,8.48622261619018e-08,8.46976593874538e-08,8.48847553849484e-08,8.5098202702003e-08,8.48621072190161e-08,1.10482120952888e-05,5.69538660317472e-05
1.85,1.64994825821399,-0.000258762920618383,2.51404313328793e-08,2.52121077740353e-08,2.514042695261e-08,1.1405368717004e-05,2.50905942889673e-08,2.52121078491034e-08,2.51476302494688e-08,2.50905941767255e-08,2.50905898317419e-08,2.52121132113939e-08,2.52121088226585e-08,2.5147648192713e-08,2.51476390537424e-08,2.51404287591847e-08,1.1410785272705e-05,2.51404286670425e-08,2.51404258151784e-08,2.50905916338258e-08,2.52121194916037e-08,1.14193019507363e-05,1.1419916692896e-05,2.51476303416397e-08,2.51476285339608e-08,2.50905917257382e-08,2.50905899265497e-08,2.51476273958343e-08,2.50905887936805e-08,2.51404465995759e-08,2.52121133242219e-08,2.51404312203942e-08,2.52121089180981e-08,1.14070597748272e-05,2.51476328044054e-08,1.14054286260701e-05,2.52121106428883e-08,2.5147632916917e-08,2.50906094948828e-08,1.14199535662151e-05,2.51476284388586e-08,1.14209427673385e-05,2.51404258898926e-08,1.14192449250612e-05,2.5090588868149e-08,2.52121286788695e-08,2.51404374662194e-08,2.50906003987446e-08,2.51476274705846e-08,2.52121107353561e-08,2.51404268575407e-08,1.14107340347087e-05,5.7572322015554e-05
1.9,1.64994835363739,-0.000258768688419789,7.2673416828759e-09,7.28847912986359e-09,7.26734137278872e-09,1.1561711761574e-05,7.25282818994783e-09,7.2884791413909e-09,7.26969186999448e-09,7.25282815922491e-09,7.2528278610809e-09,7.2884794984465e-09,7.28847919688843e-09,7.26969331243175e-09,7.26969266462797e-09,7.26734149893761e-09,1.15672688885116e-05,7.26734147689498e-09,7.26734128601915e-09,7.25282798484068e-09,7.28848012060324e-09,1.157587535415e-05,1.15764774576497e-05,7.26969189204349e-09,7.26969176579747e-09,7.25282800683595e-09,7.25282788126098e-09,7.26969167896453e-09,7.25282779486302e-09,7.2673429183334e-09,7.28847952932131e-09,7.26734165209002e-09,7.28847921718039e-09,1.15634467796424e-05,7.26969204532906e-09,1.15617731141061e-05,7.28847932206222e-09,7.2696920761227e-09,7.25282942035119e-09,1.15765124629314e-05,7.26969174556482e-09,1.15775588070221e-05,7.26734129750107e-09,1.15758168838902e-05,7.25282780631413e-09,7.28848077219534e-09,7.26734227103188e-09,7.25282877596696e-09,7.26969169045158e-09,7.28847934417339e-09,7.26734135256258e-09,1.15672157210343e-05,5.79972203226075e-05
1.95,1.64994855333893,-0.000258774016107515,2.07994032704973e-09,2.08609409028512e-09,2.07994031868674e-09,1.1639113089219e-05,2.07577551105595e-09,2.08609409277678e-09,2.08069667410949e-09,2.07577550225383e-09,2.07577549751091e-09,2.0860940944946e-09,2.08609408956312e-09,2.0806967732901e-09,2.08069675553615e-09,2.07994032147815e-09,1.16447623498602e-05,2.07994031544854e-09,2.07994031415666e-09,2.07577549951586e-09,2.08609417343712e-09,1.16533891367035e-05,1.16539600349692e-05,2.08069668014084e-09,2.08069667734208e-09,2.07577550553322e-09,2.07577550277366e-09,2.08069667280739e-09,2.07577549826985e-09,2.07994041454263e-09,2.0860941033397e-09,2.07994031823001e-09,2.08609409485257e-09,1.16408686927688e-05,2.08069667690032e-09,1.16391752950624e-05,2.08609409164634e-09,2.08069668572259e-09,2.07577559815894e-09,1.16539934756235e-05,2.08069667206668e-09,1.16550923424105e-05,2.07994031664016e-09,1.16533297937157e-05,2.07577550074772e-09,2.08609419141311e-09,2.07994039682508e-09,2.07577558061191e-09,2.0806966752918e-09,2.08609409769354e-09,2.07994031341299e-09,1.16447081328017e-05,5.8280808704875e-05
2.0,1.64994875380175,-0.000258779023997825,5.92713275452306e-10,5.94494080329157e-10,5.92713279788245e-10,1.16871057189699e-05,5.91525355840672e-10,5.94494080983525e-10,5.92952680062847e-10,5.91525353289725e-10,5.91525358691527e-10,5.94494073031357e-10,5.94494078446027e-10,5.9295268242346e-10,5.92952691378112e-10,5.92713277795968e-10,1.16928284817034e-05,5.92713276072424e-10,5.92713280182804e-10,5.91525356462727e-10,5.9449408756874e-10,1.17014578727245e-05,1.1701991261898e-05,5.92952681786939e-10,5.92952683779463e-10,5.91525358182836e-10,5.91525360173387e-10,5.92952684174042e-10,5.91525360568849e-10,5.92713278426863e-10,5.94494075594789e-10,5.92713272896283e-10,5.94494079935277e-10,1.1688873184866e-05,5.92952676886435e-10,1.16871685781839e-05,5.94494076212017e-10,5.92952679443273e-10,5.91525358791715e-10,1.17020232773836e-05,5.92952682294132e-10,1.17031722746182e-05,5.92713280835245e-10,1.17013978507003e-05,5.91525361219884e-10,5.94494078605462e-10,5.9271328738131e-10,5.9152536773958e-10,5.92952684826607e-10,5.94494077940607e-10,5.9271327830339e-10,1.16927735490228e-05,5.84912544520321e-05
2.05,1.64994894095116,-0.00025878369830268,1.68562989092713e-10,1.69076777634153e-10,1.68562990905282e-10,1.17239894004133e-05,1.68225085624394e-10,1.69076777818613e-10,1.68637788536248e-10,1.68225084883778e-10,1.68225087007115e-10,1.69076774817568e-10,1.6907677695026e-10,1.6863778706022e-10,1.68637790815163e-10,1.68562990097362e-10,1.17297782355899e-05,1.68562989598913e-10,1.68562991159771e-10,1.68225086129868e-10,1.69076778355016e-10,1.17384061185861e-05,1.17389002080506e-05,1.68637789034852e-10,1.68637789842986e-10,1.68225086627307e-10,1.6822508743381e-10,1.68637790097523e-10,1.6822508768797e-10,1.68562988123005e-10,1.69076775561842e-10,1.68562988350639e-10,1.69076777379059e-10,1.17257654978142e-05,1.68637787287547e-10,1.17240528604977e-05,1.69076776069165e-10,1.68637788029888e-10,1.68225084655156e-10,1.17389308703768e-05,1.68637789415298e-10,1.17401285275156e-05,1.6856299134366e-10,1.17383454681731e-05,1.68225087871478e-10,1.69076774591558e-10,1.68562991876792e-10,1.68225088402437e-10,1.68637790281506e-10,1.69076776569075e-10,1.68562990477762e-10,1.17297227153118e-05,5.86673824643763e-05
2.1,1.6499491170396,-0.000258788286834497,4.78905337476992e-11,4.80385318205252e-11,4.78905343186197e-11,1.17563881070056e-05,4.77945429093186e-11,4.80385318735988e-11,4.79136748671014e-11,4.77945426944139e-11,4.77945433556128e-11,4.80385309465291e-11,4.80385316109347e-11,4.79136742633908e-11,4.79136754468026e-11,4.78905340655577e-11,1.17622397132988e-05,4.78905339210652e-11,4.78905344038348e-11,4.77945430823894e-11,4.80385319176335e-11,1.17708651842364e-05,1.1771319767265e-05,4.79136750116442e-11,4.79136752648093e-11,4.7794543226585e-11,4.77945434791532e-11,4.79136753500455e-11,4.77945435642068e-11,4.78905333175656e-11,4.80385311625246e-11,4.78905335323583e-11,4.80385317350893e-11,1.17581716031456e-05,4.79136744782352e-11,1.17564521701833e-05,4.80385313363783e-11,4.79136746936682e-11,4.77945424799107e-11,1.17713491219397e-05,4.79136751409807e-11,1.177259436207e-05,4.78905344567549e-11,1.17708039029169e-05,4.77945436170039e-11,4.80385307312553e-11,4.789053450052e-11,4.77945436605884e-11,4.79136754029838e-11,4.80385314812941e-11,4.78905341948506e-11,1.17621836581042e-05,5.88271419815013e-05
2.15,1.64994928452918,-0.000258792603248656,1.35993604311197e-11,1.36419528805258e-11,1.35993606002852e-11,1.17866891812122e-05,1.35721089534285e-11,1.36419528958761e-11,1.36064646012371e-11,1.35721088911091e-11,1.35721090864696e-11,1.36419526225209e-11,1.36419528188564e-11,1.36064644120413e-11,1.36064647627569e-11,1.35993605254085e-11,1.17926017908119e-05,1.35993604835255e-11,1.35993606259115e-11,1.35721090057276e-11,1.36419528996516e-11,1.18012247531217e-05,1.18016401516116e-05,1.36064646431363e-11,1.36064647180498e-11,1.35721090475298e-11,1.35721091222611e-11,1.36064647436735e-11,1.3572109147826e-11,1.35993602944075e-11,1.36419526851552e-11,1.35993603686839e-11,1.36419528548308e-11,1.17884795638935e-05,1.36064644863441e-11,1.17867538704188e-05,1.36419527377143e-11,1.36064645488122e-11,1.35721088169774e-11,1.18016682335322e-05,1.36064646821652e-11,1.18029601641965e-05,1.35993606412212e-11,1.18011628182029e-05,1.35721091631005e-11,1.36419525480419e-11,1.35993606449666e-11,1.35721091668407e-11,1.36064647589889e-11,1.36419527797253e-11,1.3599360564423e-11,1.17925452259807e-05,5.89781349759259e-05
2.2,1.6499494453229,-0.000258796739633836,3.86077023351011e-12,3.87302114557185e-12,3.86077028281242e-12,1.1815763160184e-05,3.85303599546179e-12,3.87302115001601e-12,3.86293753320248e-12,3.85303597740409e-12,3.85303603429566e-12,3.87302107044725e-12,3.87302112763027e-12,3.86293747725505e-12,3.86293757948146e-12,3.8607702609953e-12,1.18217356015757e-05,3.86077024886194e-12,3.8607702903081e-12,3.85303601078278e-12,3.87302115040089e-12,1.18303560308092e-05,1.18307327229892e-05,3.86293754534104e-12,3.86293756716743e-12,3.85303602289524e-12,3.85303604466571e-12,3.86293757466836e-12,3.85303605214964e-12,3.86077019294593e-12,3.87302108859824e-12,3.8607702154165e-12,3.87302113805515e-12,1.18175601790618e-05,3.86293749973872e-12,1.18158285068584e-05,3.87302110400018e-12,3.86293751783992e-12,3.85303595497673e-12,1.18307595624282e-05,3.8629375567705e-12,1.18320973936735e-05,3.86077029474047e-12,1.18302934112693e-05,3.85303605656993e-12,3.87302104790804e-12,3.86077029512063e-12,3.8530360569479e-12,3.86293757910262e-12,3.87302111617052e-12,3.86077027242443e-12,1.18216785422643e-05,5.91234798043815e-05
2.25,1.64994960044363,-0.000258800714139191,1.09589751776948e-12,1.09941996435593e-12,1.09589753206915e-12,1.18439406327027e-05,1.09370276072964e-12,1.09941996564412e-12,1.09655524792665e-12,1.09370275549923e-12,1.09370277199825e-12,1.09941994257193e-12,1.099419959154e-12,1.09655523164119e-12,1.09655526128942e-12,1.09589752574261e-12,1.18499719944573e-05,1.09589752222754e-12,1.09589753424552e-12,1.09370276518001e-12,1.09941996570062e-12,1.18585898467336e-05,1.18589283374154e-05,1.09655525144328e-12,1.0965552577726e-12,1.09370276868658e-12,1.09370277499968e-12,1.0965552599501e-12,1.09370277717222e-12,1.09589750595171e-12,1.09941994782798e-12,1.09589751253005e-12,1.09941996217369e-12,1.18457441359841e-05,1.09655523822226e-12,1.18440066725117e-05,1.09941995230294e-12,1.09655524346404e-12,1.09370274893502e-12,1.18589539622585e-05,1.09655525476216e-12,1.18603369745428e-05,1.09589753552779e-12,1.18585265073695e-05,1.09370277845229e-12,1.09941993597337e-12,1.09589753558417e-12,1.09370277850886e-12,1.09655526123291e-12,1.09941995582755e-12,1.09589752906006e-12,1.18499144518716e-05,5.92644786858011e-05
2.3,1.64994975046452,-0.000258804541869074,3.11053083281222e-13,3.1206560397129e-13,3.11053087421453e-13,1.18713601528753e-05,3.10430302105158e-13,3.12065604344882e-13,3.11251798263979e-13,3.10430300591378e-13,3.10430305367941e-13,3.12065597665187e-13,3.12065602465756e-13,3.11251793544801e-13,3.11251802129558e-13,3.11053085590666e-13,1.18774496634002e-05,3.11053084573482e-13,3.11053088052375e-13,3.10430303393873e-13,3.12065604357156e-13,1.1886064872994e-05,1.18863656488142e-05,3.11251799281646e-13,3.11251801113328e-13,3.10430304409299e-13,3.10430306236942e-13,3.11251801744525e-13,3.10430306866665e-13,3.11053079856583e-13,3.12065599185752e-13,3.11053081764824e-13,3.12065603339947e-13,1.18731700294457e-05,3.11251795453945e-13,1.18714269243011e-05,3.12065600481544e-13,3.11251796971097e-13,3.10430298686418e-13,1.18863900854125e-05,3.11251800242407e-13,1.18878176168672e-05,3.1105308842365e-13,1.18860007757902e-05,3.10430307237291e-13,3.12065595750441e-13,3.11053088437179e-13,3.10430307249566e-13,3.11251802115973e-13,3.12065601501504e-13,3.11053086550956e-13,1.18773916469975e-05,5.94017249324529e-05
2.35,1.64994989583124,-0.00025880823638549,8.82840878909057e-14,8.85750728715746e-14,8.82840890883594e-14,1.18980915078511e-05,8.81073684671261e-14,8.85750729795029e-14,8.83438911004273e-14,8.81073680288173e-14,8.81073694107272e-14,8.85750710464011e-14,8.85750724359425e-14,8.83438897354087e-14,8.83438922190829e-14,8.82840885584777e-14,1.19042384925351e-05,8.82840882647039e-14,8.82840892712609e-14,8.81073688395701e-14,8.85750729834065e-14,1.19128509607259e-05,1.19131144748201e-05,8.83438913950516e-14,8.83438919252151e-14,8.8107369133535e-14,8.81073696625142e-14,8.83438921075174e-14,8.810736984443e-14,8.82840868997068e-14,8.8575071486688e-14,8.82840874518393e-14,8.85750726888679e-14,1.18999076668352e-05,8.83438902878387e-14,1.1898159051815e-05,8.85750718615143e-14,8.83438907264368e-14,8.81073674776272e-14,1.19131377483294e-05,8.83438916728628e-14,1.19146091896013e-05,8.82840893781924e-14,1.19127860652161e-05,8.81073699518761e-14,8.857507049274e-14,8.82840893820827e-14,8.81073699557255e-14,8.83438922151998e-14,8.85750721568037e-14,8.82840888368381e-14,1.19041800108108e-05,5.95355393508221e-05
2.4,1.64995003679447,-0.000258811749024771,2.50565649365605e-14,2.51401748412906e-14,2.50565652831513e-14,1.19241791965168e-05,2.50064181464756e-14,2.51401748724173e-14,2.50745012536933e-14,2.50064180199192e-14,2.50064184196721e-14,2.51401743135371e-14,2.51401747151082e-14,2.50745008587792e-14,2.50745015771203e-14,2.50565651299141e-14,1.19303830626123e-05,2.50565650446506e-14,2.50565653356804e-14,2.50064182543796e-14,2.51401748735927e-14,1.19389926920502e-05,1.19392193587893e-05,2.50745013386326e-14,2.50745014919554e-14,2.5006418339496e-14,2.5006418492097e-14,2.50745015448862e-14,2.50064185449203e-14,2.50565646503269e-14,2.51401744410436e-14,2.50565648097847e-14,2.51401747882371e-14,1.19260015600551e-05,2.50745010183243e-14,1.1924247556384e-05,2.51401745494382e-14,2.50745011455437e-14,2.50064178607374e-14,1.1939241493322e-05,2.50745014189919e-14,1.1940756285449e-05,2.50565653667193e-14,1.19389269553062e-05,2.50064185759062e-14,2.51401741536299e-14,2.50565653682671e-14,2.5006418577068e-14,2.50745015759429e-14,2.51401746345696e-14,2.50565652102279e-14,1.19303241233835e-05,5.96661366433225e-05
2.45,1.6499501739247,-0.000258815270585725,7.11141388644988e-15,7.1354338956968e-15,7.11141398666184e-15,1.19496580814385e-05,7.09718353811517e-15,7.13543390471018e-15,7.11677713324022e-15,7.09718350168264e-15,7.09718361714546e-15,7.13543374318073e-15,7.13543385917366e-15,7.11677701916726e-15,7.11677722682858e-15,7.1114139423826e-15,1.19559183133116e-05,7.11141391774599e-15,7.11141400183827e-15,7.09718356935684e-15,7.13543390516439e-15,1.19645249057468e-05,1.19647150987623e-05,7.11677715789151e-15,7.11677720219711e-15,7.09718359395105e-15,7.09718363815399e-15,7.11677721738216e-15,7.0971836533041e-15,7.1114138037397e-15,7.13543377997953e-15,7.11141384975579e-15,7.13543388047751e-15,1.19514865822239e-05,7.11677706520999e-15,1.19497273031764e-05,7.13543381116622e-15,7.1167771019257e-15,7.09718345554818e-15,1.19647361174686e-05,7.11677718113966e-15,1.19662937511286e-05,7.11141401082578e-15,1.19644582822197e-05,7.09718366227611e-15,7.13543369683478e-15,7.1114140112787e-15,7.09718366272836e-15,7.11677722637487e-15,7.13543383587333e-15,7.11141396561711e-15,1.19558589238227e-05,5.97936888219535e-05
2.5,1.64995030707736,-0.000258818572056598,2.01831016542556e-15,2.02520973089015e-15,2.01831019442478e-15,1.19745585136301e-05,2.01427180438221e-15,2.02520973354752e-15,2.01990951264401e-15,2.01427179385416e-15,2.01427182717263e-15,2.02520968681551e-15,2.02520972039426e-15,2.01990947972589e-15,2.01990953972512e-15,2.01831018162612e-15,1.19808746718063e-05,2.01831017449362e-15,2.01831019882673e-15,2.01427181343464e-15,2.02520973362907e-15,1.19894781257898e-05,1.19896321769394e-05,2.01990951978097e-15,2.01990953258768e-15,2.0142718205548e-15,2.01427183333143e-15,2.01990953699234e-15,2.01427183772569e-15,2.01831014159579e-15,2.02520969749833e-15,2.01831015487928e-15,2.02520972647551e-15,1.19763930940839e-05,2.01990949301741e-15,1.1974628646036e-05,2.02520970648667e-15,2.0199095035703e-15,2.01427178059383e-15,1.19896521020589e-05,2.0199095265202e-15,1.19912521175345e-05,2.0183102013708e-15,1.19894105670815e-05,2.01427184026538e-15,2.02520967349387e-15,2.01831020155768e-15,2.01427184034635e-15,2.0199095395381e-15,2.02520971363978e-15,2.01831018836119e-15,1.19808148387677e-05,5.99183474672525e-05
2.55,1.64995043679191,-0.000258821837734413,5.728205169542e-16,5.74802074471285e-16,5.72820525300705e-16,1.19989090172903e-05,5.71674446853356e-16,5.74802075250716e-16,5.73296289639767e-16,5.71674443760224e-16,5.71674453443709e-16,5.74802061715374e-16,5.74802071443941e-16,5.73296280156031e-16,5.7329629747446e-16,5.72820521565967e-16,1.20052807396885e-05,5.72820519547656e-16,5.72820526574459e-16,5.71674449442294e-16,5.74802075276352e-16,1.20138808519608e-05,1.20139990504194e-05,5.73296291715752e-16,5.73296295396581e-16,5.71674451513357e-16,5.71674455185383e-16,5.73296296671208e-16,5.71674456456955e-16,5.72820510013783e-16,5.74802064822846e-16,5.72820513855764e-16,5.74802073193811e-16,1.20007496295067e-05,5.73296284000471e-16,1.19989801122685e-05,5.74802067423897e-16,5.73296287044616e-16,5.71674439981166e-16,1.20140179033248e-05,5.73296293650716e-16,1.20156598910016e-05,5.72820527295337e-16,1.20138123065475e-05,5.71674457176567e-16,5.748020578622e-16,5.72820527377147e-16,5.7167445725825e-16,5.73296297448886e-16,5.7480206950457e-16,5.72820523555979e-16,1.20052204692868e-05,6.00402549971104e-05
2.6,1.64995056334662,-0.000258825069985872,1.62573047388327e-16,1.63142071128891e-16,1.62573049795039e-16,1.20227367715579e-05,1.62247785573534e-16,1.63142071348989e-16,1.62714268441888e-16,1.62247784683904e-16,1.62247787483017e-16,1.63142067459721e-16,1.63142070241932e-16,1.62714265668549e-16,1.62714270674033e-16,1.62573048708968e-16,1.20291637756701e-05,1.6257304812227e-16,1.62573050155466e-16,1.62247786306191e-16,1.63142071356953e-16,1.20377603137366e-05,1.2037842904911e-05,1.62714269028995e-16,1.62714270085811e-16,1.62247786921836e-16,1.62247787976075e-16,1.62714270446487e-16,1.62247788335875e-16,1.6257304538082e-16,1.63142068323475e-16,1.6257304649716e-16,1.6314207076739e-16,1.20245833774921e-05,1.62714266785639e-16,1.20228088844366e-05,1.63142069089671e-16,1.62714267677422e-16,1.62247783569497e-16,1.20378607061395e-05,1.62714269591541e-16,1.20395443074451e-05,1.62573050374917e-16,1.20376907266516e-05,1.62247788554954e-16,1.631420663401e-16,1.62573050382833e-16,1.62247788562852e-16,1.62714270666094e-16,1.6314206967812e-16,1.62573049271117e-16,1.20291030735714e-05,6.01595474240593e-05
2.65,1.64995068653652,-0.00025882811267506,4.61400631204865e-17,4.63034415575843e-17,4.61400638093902e-17,1.20460680918196e-05,4.60477481438928e-17,4.6303441619805e-17,4.61818966690478e-17,4.60477478763594e-17,4.60477486918828e-17,4.63034404874461e-17,4.63034413068164e-17,4.61818958771196e-17,4.61818973250797e-17,4.61400635024692e-17,1.20525501778449e-05,4.6140063328392e-17,4.61400639194416e-17,4.60477483514296e-17,4.63034416222844e-17,1.20611430096326e-05,1.20611901937897e-05,4.61818968432518e-17,4.6181897150398e-17,4.60477485252094e-17,4.60477488315984e-17,4.61818972605267e-17,4.60477489414606e-17,4.61400625370345e-17,4.63034407402155e-17,4.61400628524984e-17,4.63034414472082e-17,1.20479206636673e-05,4.61818962087978e-17,1.20461412817089e-05,4.63034409647648e-17,4.61818964609895e-17,4.60477475614448e-17,1.20612069630737e-05,4.6181897010331e-17,1.20629318718693e-05,4.61400639814759e-17,1.20610723221077e-05,4.6047749003388e-17,4.63034401710341e-17,4.61400639839437e-17,4.60477490058505e-17,4.6181897322608e-17,4.63034411393627e-17,4.61400636694285e-17,1.20524890491841e-05,6.02763568132723e-05
2.7,1.6499508070465,-0.000258831185253844,1.30950649340258e-17,1.3141968015521e-17,1.30950651417619e-17,1.20689292222879e-05,1.30688634810721e-17,1.3141968028864e-17,1.31074345551385e-17,1.30688634098623e-17,1.30688636403211e-17,1.31419677044577e-17,1.31419679445511e-17,1.31074343269277e-17,1.31074347449251e-17,1.30950650506772e-17,1.20754662774707e-05,1.30950649972293e-17,1.3095065164302e-17,1.30688635441668e-17,1.31419680381554e-17,1.20840551212915e-05,1.20840670517942e-05,1.31074346086263e-17,1.31074346997791e-17,1.30688635890198e-17,1.30688636799481e-17,1.31074347223392e-17,1.30688637109486e-17,1.30950647691908e-17,1.31419677845421e-17,1.30950648626908e-17,1.31419679843733e-17,1.20707877431015e-05,1.31074344204971e-17,1.20690035524914e-05,1.31419678479376e-17,1.31074344918871e-17,1.30688633165239e-17,1.20840828080859e-05,1.31074346515327e-17,1.20858487725709e-05,1.30950651861128e-17,1.2083983270348e-05,1.3068863732724e-17,1.31419676192055e-17,1.30950651868708e-17,1.30688637334811e-17,1.31074347441654e-17,1.31419678930145e-17,1.309506509355e-17,1.20754047268374e-05,6.03908142734018e-05
2.75,1.64995092470728,-0.000258834134976812,3.71652495175418e-18,3.72998825416867e-18,3.7165250081177e-18,1.20913460085773e-05,3.70908802089828e-18,3.72998825802013e-18,3.72017632493923e-18,3.70908800072193e-18,3.7090880681795e-18,3.72998816628163e-18,3.72998823406346e-18,3.72017626267968e-18,3.72017638313242e-18,3.71652498466471e-18,1.20979380122336e-05,3.71652496961597e-18,3.71652501915862e-18,3.70908803872899e-18,3.72998825825318e-18,1.21065226747157e-05,1.21064994558398e-05,3.72017633999958e-18,3.72017636800976e-18,3.70908805375214e-18,3.70908808169416e-18,3.72017637452086e-18,3.70908808818643e-18,3.71652490287118e-18,3.72998818655752e-18,3.7165249315421e-18,3.72998824764055e-18,1.20932104729332e-05,3.7201762868344e-18,1.20914215470518e-05,3.72998820447465e-18,3.72017630706315e-18,3.7090879720992e-18,1.21065142173317e-05,3.72017635446236e-18,1.21083210424635e-05,3.71652502299647e-18,1.21064495927015e-05,3.70908809201648e-18,3.72998813752537e-18,3.71652502322824e-18,3.70908809224796e-18,3.72017638290013e-18,3.72998821956865e-18,3.71652499458055e-18,1.20978760436513e-05,6.05030495338241e-05
2.8,1.64995103987126,-0.000258837019469191,1.05479101699253e-18,1.05865510439306e-18,1.05479103416235e-18,1.21133447333909e-05,1.05268008183011e-18,1.05865510550452e-18,1.05586719904263e-18,1.05268007490128e-18,1.05268009396409e-18,1.05865507832591e-18,1.05865509990259e-18,1.05586718017443e-18,1.0558672154359e-18,1.05479102628747e-18,1.21199917634182e-05,1.05479102325373e-18,1.0547910360392e-18,1.05268008566717e-18,1.05865510557539e-18,1.21285719927324e-05,1.21285136769525e-05,1.05586720449686e-18,1.05586720996056e-18,1.05268009110889e-18,1.05268009897045e-18,1.05586721425671e-18,1.05268010084357e-18,1.05479100440113e-18,1.05865508528671e-18,1.05479101246871e-18,1.05865510250947e-18,1.21152151483361e-05,1.05586718824843e-18,1.21134215532798e-05,1.058655091566e-18,1.05586719277668e-18,1.05268006684739e-18,1.21285274610949e-05,1.05586720736051e-18,1.21303750116649e-05,1.05479103714661e-18,1.21284976067917e-05,1.0526801019488e-18,1.05865507265452e-18,1.05479103721717e-18,1.05268010201917e-18,1.05586721536523e-18,1.05865509461073e-18,1.05479103156481e-18,1.21199293803154e-05,6.06131941640096e-05
2.85,1.64995115262882,-0.00025883984338461,2.99361393022739e-19,3.00470282826106e-19,2.99361397868856e-19,1.2134952182747e-05,2.98762196077097e-19,3.00470283146748e-19,2.99678126581463e-19,2.98762194774571e-19,2.98762200166952e-19,3.00470276111501e-19,3.00470281530664e-19,2.99678121246362e-19,2.99678131204765e-19,2.99361395006939e-19,1.21416544233005e-05,2.99361394131717e-19,2.99361398410225e-19,2.98762197183869e-19,3.0047028316819e-19,1.21502299781319e-05,1.21501365628778e-05,2.99678127457581e-19,2.99678130321658e-19,2.9876219934338e-19,2.98762200914818e-19,2.99678130863583e-19,2.9876220145512e-19,2.99361388801256e-19,3.00470277421392e-19,2.99361390430284e-19,3.00470282282773e-19,1.21368285688881e-05,2.99678122877001e-19,1.21350303629833e-05,3.00470278534414e-19,2.99678125471366e-19,2.98762191862765e-19,1.21501493863912e-05,2.99678128283615e-19,1.21520375907775e-05,2.99361398729695e-19,1.21501542095991e-05,2.98762201773955e-19,3.00470273186944e-19,2.99361398751046e-19,2.98762201795258e-19,2.9967813118338e-19,3.00470280702459e-19,2.99361397119487e-19,1.21415916284741e-05,6.07213824470912e-05
2.9,1.64995126327789,-0.000258842610884745,8.49620862457959e-20,8.52802697492443e-20,8.49620879579268e-20,1.21561961234201e-05,8.47919979095309e-20,8.5280269841722e-20,8.50551819115843e-20,8.47919975338489e-20,8.47919987181052e-20,8.52802674975785e-20,8.52802693756237e-20,8.50551807446746e-20,8.505518355996e-20,8.49620868180202e-20,1.21629538742543e-05,8.49620865655843e-20,8.4962088114045e-20,8.47919982286812e-20,8.52802698481891e-20,1.21715244706095e-05,1.21713958942839e-05,8.50551821642853e-20,8.50551833049945e-20,8.47919984806165e-20,8.47919996189253e-20,8.50551834612769e-20,8.47919997747325e-20,8.49620853998886e-20,8.52802685624502e-20,8.49620858693666e-20,8.5280269592552e-20,1.2158078516274e-05,8.50551812146328e-20,1.21562757494273e-05,8.52802688834164e-20,8.50551815914584e-20,8.47919970653115e-20,1.2171407773166e-05,8.50551824024969e-20,1.2173336627944e-05,8.49620882061843e-20,1.21714472343103e-05,8.47919998666857e-20,8.52802670263822e-20,8.4962088212618e-20,8.47919998731062e-20,8.505518355351e-20,8.52802691367846e-20,8.49620877417973e-20,1.21628906698212e-05,6.0827753466757e-05
2.95,1.64995137190299,-0.000258845326304118,2.41131842802027e-20,2.42044725004001e-20,2.41131845761103e-20,1.21771056461276e-05,2.40649013802301e-20,2.42044725270648e-20,2.41405135928708e-20,2.4064901271903e-20,2.4064901978341e-20,2.42044720492636e-20,2.42044723926711e-20,2.41405132565012e-20,2.41405138703965e-20,2.41131844451852e-20,1.21839193337322e-05,2.41131843723969e-20,2.41131846211192e-20,2.40649014722399e-20,2.42044725290093e-20,1.21924846993676e-05,1.21923208366085e-05,2.41405136657395e-20,2.41405137968058e-20,2.4064901909874e-20,2.40649020405375e-20,2.41405138418634e-20,2.4064902085457e-20,2.41131836710315e-20,2.42044721582129e-20,2.41131841716592e-20,2.42044724552232e-20,1.21789940977335e-05,2.4140513391916e-20,1.21771868106254e-05,2.42044722507514e-20,2.41405135005776e-20,2.40649011369025e-20,1.2192331786137e-05,2.41405137344182e-20,1.21943013616434e-05,2.41131846476858e-20,1.21924059028117e-05,2.40649021119702e-20,2.42044715474662e-20,2.41131846496195e-20,2.40649021138994e-20,2.4140513868459e-20,2.42044723238114e-20,2.41131845137896e-20,1.2183855721075e-05,6.09324530979315e-05
3.0,1.64995147862897,-0.000258847952559951,6.84358990899968e-21,6.86977787264174e-21,6.84358999429429e-21,1.21977116918413e-05,6.82988361912922e-21,6.86977788032838e-21,6.85160376091046e-21,6.82988358790068e-21,6.82988368632415e-21,6.86977774259407e-21,6.86977784158668e-21,6.85160346923083e-21,6.85160384093322e-21,6.84358995655556e-21,1.22045818828027e-05,6.84358993557207e-21,6.8435900072672e-21,6.82988364564851e-21,6.86977788091071e-21,1.22131417507512e-05,1.2212942406711e-05,6.85160378191753e-21,6.85160381969863e-21,6.82988366659021e-21,6.82988370425351e-21,6.85160383268604e-21,6.82988371720067e-21,6.84358983874202e-21,6.86977777400319e-21,6.84358987770869e-21,6.86977785962e-21,1.21996062727025e-05,6.85160350823997e-21,1.21977944957841e-05,6.86977780067611e-21,6.85160353956634e-21,6.829883549012e-21,1.22129524414402e-05,6.85160380171297e-21,1.22149628885075e-05,6.84359001492519e-21,1.22130612931926e-05,6.82988372484311e-21,6.86977770348147e-21,6.84359001550454e-21,6.82988372542144e-21,6.8516038403527e-21,6.86977782173879e-21,6.84358997632896e-21,1.22045178624988e-05,6.10356364931161e-05
3.05,1.64995158408416,-0.000258850617587165,1.94228700355716e-21,1.94979876797114e-21,1.94228702813725e-21,1.22180477824712e-05,1.93839609470115e-21,1.94979877018646e-21,1.94463438161313e-21,1.93839608570078e-21,1.93839611406478e-21,1.94979873049176e-21,1.94979875902108e-21,1.94463435368312e-21,1.94463440468157e-21,1.94228701726173e-21,1.2224975199594e-05,1.94228701121418e-21,1.9422870318757e-21,1.93839610234285e-21,1.94979877036044e-21,1.22335291669408e-05,1.22332940704194e-05,1.94463438766773e-21,1.94463439855596e-21,1.93839610837827e-21,1.93839611923212e-21,1.94463440229861e-21,1.938396122963e-21,1.94228698331645e-21,1.94979873954461e-21,1.94228699453878e-21,1.94979876421854e-21,1.22199485839257e-05,1.94463436491839e-21,1.22181323361487e-05,1.94979874723086e-21,1.94463437394728e-21,1.93839607450079e-21,1.22333032041674e-05,1.94463439337226e-21,1.22353547622501e-05,1.94228703408263e-21,1.2233446938278e-05,1.9383961251655e-21,1.94979871922687e-21,1.94228703425565e-21,1.93839612533821e-21,1.94463440450808e-21,1.94979875330151e-21,1.94228702295961e-21,1.22249107713286e-05,6.11374714077619e-05
3.1,1.64995168785691,-0.000258853164159566,5.51242706811558e-22,5.53397103789493e-22,5.5124271389343e-22,1.22381502181547e-05,5.50138130986644e-22,5.53397104427815e-22,5.51929581792167e-22,5.50138128393267e-22,5.50138136565474e-22,5.53397092990534e-22,5.533971012107e-22,5.51929573746715e-22,5.51929643712557e-22,5.51242710760038e-22,1.22451357594726e-05,5.51242709017473e-22,5.51242714970457e-22,5.50138133188145e-22,5.53397104479638e-22,1.22536835789052e-05,1.22534123741038e-05,5.51929583536821e-22,5.51929641945949e-22,5.50138134927224e-22,5.50138138054367e-22,5.51929643024249e-22,5.50138139129214e-22,5.51242700981614e-22,5.53397095599138e-22,5.51242704212995e-22,5.53397102708327e-22,1.22400573551125e-05,5.51929576981913e-22,1.2238236642483e-05,5.53397097813579e-22,5.51929579583613e-22,5.50138125168364e-22,1.22534206199359e-05,5.51929585180311e-22,1.22555136269047e-05,5.51242715606317e-22,1.22535994583873e-05,5.50138139763817e-22,5.5339708974677e-22,5.51242715657894e-22,5.50138139815301e-22,5.51929643660877e-22,5.53397099562866e-22,5.51242712401568e-22,1.22450709219354e-05,6.12381402776976e-05
3.15,1.64995179077187,-0.000258855751378096,1.56448839474128e-22,1.57066655631891e-22,1.56448841514049e-22,1.22580595379876e-05,1.56135244231959e-22,1.5706665581577e-22,1.56649635348198e-22,1.56135243484869e-22,1.56135245838896e-22,1.57066652521078e-22,1.57066654889022e-22,1.56649633031138e-22,1.56649637263864e-22,1.56448840611468e-22,1.22651043001214e-05,1.56448840109487e-22,1.56448841824268e-22,1.56135244866055e-22,1.57066655831183e-22,1.22736455386877e-05,1.22733377752219e-05,1.56649635850808e-22,1.566496367545e-22,1.56135245367036e-22,1.56135246267806e-22,1.566496370651e-22,1.56135246577404e-22,1.56448837795283e-22,1.57066653272587e-22,1.56448838725541e-22,1.57066655320468e-22,1.22599731523835e-05,1.5664963396253e-22,1.2258147966045e-05,1.57066653910431e-22,1.56649634712051e-22,1.56135242556484e-22,1.227334514542e-05,1.56649636324196e-22,1.22754800494329e-05,1.56448842007431e-22,1.22735593933784e-05,1.56135246760204e-22,1.57066651587211e-22,1.56448842022768e-22,1.56135246775505e-22,1.56649637248493e-22,1.57066654414377e-22,1.56448841084278e-22,1.22650390508808e-05,6.13378459547796e-05
3.2,1.64995189271613,-0.000258858270600451,4.44019214578921e-23,4.45790926100043e-23,4.44019220453674e-23,1.22778208100386e-05,4.43128999146163e-23,4.45790926629651e-23,4.44605833325738e-23,4.43128996994405e-23,4.43129003773838e-23,4.45790917140665e-23,4.45790923960514e-23,4.44605826654063e-23,4.44605838844283e-23,4.44019217854343e-23,1.22849261159756e-05,4.44019216408562e-23,4.44019221347027e-23,4.43129000972138e-23,4.4579092667537e-23,1.22934604219742e-05,1.22931155427491e-05,4.44605834773381e-23,4.44605837376012e-23,4.43129002415025e-23,4.43129005009162e-23,4.44605838270495e-23,4.43129005900705e-23,4.44019209745345e-23,4.45790919305231e-23,4.44019212422867e-23,4.45790925203178e-23,1.22797410748505e-05,4.44605829334925e-23,1.22779113889e-05,4.45790921142109e-23,4.44605831493766e-23,4.43128994322258e-23,1.22931220487687e-05,4.44605836136651e-23,1.22952994226932e-05,4.44019221874542e-23,1.22933721049165e-05,4.43129006427165e-23,4.4579091445265e-23,4.44019221920027e-23,4.43129006472575e-23,4.446058387987e-23,4.45790922593606e-23,4.44019219215891e-23,1.22848604513239e-05,6.14368146910951e-05
3.25,1.64995199404202,-0.000258860764520359,1.26017590647552e-23,1.26525547482873e-23,1.26017592339047e-23,1.22974852498571e-05,1.25764867683867e-23,1.26525547635363e-23,1.2618882575691e-23,1.25764867064269e-23,1.25764869016268e-23,1.26525544903084e-23,1.26525546866806e-23,1.261888238363e-23,1.26188827346308e-23,1.26017591590631e-23,1.23046526830129e-05,1.26017591174317e-23,1.26017592596253e-23,1.25764868209578e-23,1.26525547648914e-23,1.23131796576094e-05,1.23127969839996e-05,1.2618882617377e-23,1.26188826923178e-23,1.25764868625057e-23,1.25764869371975e-23,1.26188827180716e-23,1.25764869628663e-23,1.26017589256211e-23,1.26525545526406e-23,1.26017590026712e-23,1.26525547224649e-23,1.22994123740641e-05,1.26188824607794e-23,1.22975781428044e-05,1.26525546055276e-23,1.26188825229456e-23,1.25764866295313e-23,1.23128026364138e-05,1.26188826566284e-23,1.23150231954474e-05,1.26017592748137e-23,1.23130890056086e-05,1.25764869780252e-23,1.26525544129536e-23,1.26017592761613e-23,1.257648697937e-23,1.26188827332803e-23,1.26525546473249e-23,1.26017591982629e-23,1.23045865977806e-05,6.1535303263299e-05
