VCM_V,Vout_V,I_supply_A,xm1,xm3,xm9,xm10,gm_total_S
0.05,1.65000594059948,-0.000260183251138004,1.21646247534401e-26,1.21662459361261e-26,6.66995686329151e-05,6.67061293360579e-05,6.67028489844865e-05
0.1,1.6500059810535,-0.000260171808330133,4.42075874433275e-27,4.42135200768331e-27,6.65643052282103e-05,6.65709198105411e-05,6.65676125193757e-05
0.15,1.65000601307277,-0.000260160343658668,1.6065526958181e-27,1.60676951732597e-27,6.64257986322497e-05,6.64324516156043e-05,6.6429125123927e-05
0.2,1.65000605215264,-0.00026014886699492,1.03859413373905e-17,1.03848363709245e-17,6.62840076038587e-05,6.62907075256905e-05,6.6287357564785e-05
0.25,1.65000610331822,-0.000260137328862721,2.85791738395053e-17,2.85761075123916e-17,6.61389237246901e-05,6.61456869162566e-05,6.61423053205019e-05
0.3,1.65000613964566,-0.000260125853371111,7.86417852440648e-17,7.86333004413752e-17,6.59905415952079e-05,6.59973429710176e-05,6.59939422831914e-05
0.35,1.65000618436527,-0.000260114313428927,2.1639993878241e-16,2.16376424457432e-16,6.58388045203319e-05,6.58456548696773e-05,6.5842229695221e-05
0.4,1.6500062268795,-0.000260102747684195,5.95471375905654e-16,5.95406240502833e-16,6.56836956627897e-05,6.56905896216262e-05,6.56871426428034e-05
0.45,1.65000627493227,-0.000260091163488569,1.63856885929492e-15,1.63838825465947e-15,6.55251350144703e-05,6.55320789201702e-05,6.55286069689587e-05
0.5,1.65000631852925,-0.000260079499357651,4.50887790503409e-15,4.50837757195176e-15,6.53630841477066e-05,6.53700693004948e-05,6.53665767286093e-05
0.55,1.65000636526353,-0.00026006791386235,1.24071575999002e-14,1.24057707906481e-14,6.51974663267471e-05,6.52044954242067e-05,6.52009808878834e-05
0.6,1.65000641682398,-0.00026005619516016,3.41409938023212e-14,3.41371467349041e-14,6.50282097546664e-05,6.50352881574113e-05,6.50317489901779e-05
0.65,1.65000646949056,-0.000260044550803794,9.39463756112666e-14,9.39357022842858e-14,6.48552276324479e-05,6.48623548879045e-05,6.48587913541173e-05
0.7,1.65000651335645,-0.000260032816624881,2.58513860260645e-13,2.58484297036487e-13,6.46784528662853e-05,6.46856140573305e-05,6.4682033720307e-05
0.75,1.65000657128045,-0.000260020992081215,7.11357261590143e-13,7.11275176235746e-13,6.44977579538594e-05,6.45049719278395e-05,6.45013656521657e-05
0.8,1.65000662247563,-0.000260009252982615,1.95745440811355e-12,1.95722677854854e-12,6.43130739936757e-05,6.43203287703826e-05,6.43167033393697e-05
0.85,1.65000667464286,-0.000259997406615246,5.38636173349309e-12,5.38573042224515e-12,6.41242378700198e-05,6.41315327815394e-05,6.41278907118257e-05
0.9,1.65000672241957,-0.000259985520954009,1.48217381396645e-11,1.48199887242818e-11,6.39311865354187e-05,6.39385132275171e-05,6.39348647023313e-05
0.95,1.65000678496575,-0.000259973520863717,4.07852054592502e-11,4.07803456181705e-11,6.37337331274646e-05,6.37411110391098e-05,6.37374628660628e-05
1.0,1.65000684024527,-0.000259961602630372,1.12229140883806e-10,1.12215658385129e-10,6.3531747939772e-05,6.35391642651519e-05,6.35355683248616e-05
1.05,1.6500068980715,-0.000259949482872393,3.08821513429872e-10,3.08784095987193e-10,6.33250510949537e-05,6.33325072923525e-05,6.33290879964578e-05
1.1,1.65000696320957,-0.000259937454364256,8.49780438411903e-10,8.496764773486e-10,6.31134942455862e-05,6.31209985157799e-05,6.31180961091409e-05
1.15,1.650007012796,-0.00025992527618378,2.33828933185017e-09,2.33800126118853e-09,6.28968555620733e-05,6.29043833715845e-05,6.29029576121254e-05
1.2,1.65000707383508,-0.000259913023609681,6.43382734449247e-09,6.43302770841561e-09,6.26746435176386e-05,6.26822088064735e-05,6.26848595895825e-05
1.25,1.65000714560424,-0.000259900614713266,1.77004670339236e-08,1.76982439664579e-08,6.24457884627548e-05,6.24534036225999e-05,6.24672953981775e-05
1.3,1.65000719782136,-0.000259888188841093,4.86795685021195e-08,4.86734105351139e-08,6.22067782817492e-05,6.22144127259732e-05,6.22592719933798e-05
1.35,1.65000726017438,-0.00025987574701378,1.33748631119102e-07,1.33731563385607e-07,6.19450945105372e-05,6.19527578168317e-05,6.20826662609368e-05
1.4,1.65000731399708,-0.000259863037943477,3.66510049837947e-07,3.66462939753618e-07,6.16161525990839e-05,6.16238233020593e-05,6.19864744453674e-05
1.45,1.65000733747389,-0.000259850351191282,9.97177465795898e-07,9.97049005176387e-07,6.10625411161313e-05,6.107014989698e-05,6.20634587420418e-05
1.5,1.65000733804105,-0.000259837747874766,2.66180078368051e-06,2.6614585042023e-06,5.97554542787047e-05,5.97628825050064e-05,6.24207980357969e-05
1.55,1.65000732387587,-0.000259825782804535,6.7693984466295e-06,6.76853248698712e-06,5.61368071160836e-05,5.61437703327228e-05,6.29092541912115e-05
1.6,1.65000741617147,-0.000259815482708247,1.54287392120773e-05,1.54267465563515e-05,4.70356461773373e-05,4.70416252356866e-05,6.24663785907263e-05
1.65,1.65000776993819,-0.000259808971854799,2.88936306354651e-05,2.88897195989889e-05,3.09996613020642e-05,3.10039381040552e-05,5.98934748202867e-05
1.7,1.65000817428572,-0.000259807675906702,4.24197904218115e-05,4.24137434880989e-05,1.47630425554191e-05,1.47652847553515e-05,5.71809306103405e-05
1.75,1.65000828053961,-0.000259810644268124,5.12080174717436e-05,5.12006400600009e-05,5.37849009429147e-06,5.37934470730707e-06,5.65832461666715e-05
1.8,1.65000823704374,-0.00025981568072446,5.54556300338726e-05,5.54477063275264e-05,1.69444109849465e-06,1.69471383141457e-06,5.71462456456541e-05
1.85,1.65000818871622,-0.00025982127356218,5.72645564332631e-05,5.72564397451677e-05,5.01842074782494e-07,5.01923158944681e-07,5.7762380706079e-05
1.9,1.65000817858644,-0.000259826812338938,5.80455495411978e-05,5.80373416536332e-05,1.45048291944068e-07,1.45071829953936e-07,5.81865056583645e-05
1.95,1.65000818082308,-0.000259832000540705,5.84326871784545e-05,5.84244298705662e-05,4.15097211953959e-08,4.15164791336908e-08,5.84700716246749e-05
2.0,1.65000820081413,-0.000259837156210252,5.86731367766598e-05,5.86648305641595e-05,1.18279876563237e-08,1.18299216137355e-08,5.86808126250447e-05
2.05,1.65000822551745,-0.000259841960411766,5.88581661882635e-05,5.88498144733526e-05,3.36354984263797e-09,3.36410209661857e-09,5.88573541567777e-05
2.1,1.65000824835716,-0.000259846409142503,5.9020798224386e-05,5.90124077665198e-05,9.55554193031672e-10,9.55711620096467e-10,5.90175586283595e-05
2.15,1.65000827606378,-0.000259850898937285,5.9172950356247e-05,5.91645181690798e-05,2.71327829444978e-10,2.71372705369516e-10,5.91690056129308e-05
2.2,1.65000830335985,-0.000259855081198532,5.93189555861594e-05,5.93104845304704e-05,7.70228998294904e-11,7.70356863953427e-11,5.9314797087608e-05
2.25,1.65000832105808,-0.000259858981936104,5.94604582128328e-05,5.9451962339939e-05,2.18618081940883e-11,2.18654455045656e-11,5.94562321400128e-05
2.3,1.65000835406521,-0.000259862983284516,5.95981693854868e-05,5.9589631962259e-05,6.20470353264754e-12,6.20574049366875e-12,5.95939068790949e-05
2.35,1.65000838121902,-0.000259866719136176,5.97324215163149e-05,5.97238521105965e-05,1.76091702663781e-12,1.76121237765053e-12,5.97281385745204e-05
2.4,1.6500084028018,-0.000259870334108163,5.98634395664456e-05,5.98548473170778e-05,4.99744533950571e-13,4.99828584969578e-13,5.98591439415483e-05
2.45,1.65000844119748,-0.000259873710358724,5.99914100026287e-05,5.99827766184163e-05,1.41824846070951e-13,1.41848825193108e-13,5.99870934523593e-05
2.5,1.65000846838359,-0.000259877103967818,6.01164663823152e-05,6.01078081284639e-05,4.02489071360939e-14,4.02557366183659e-14,6.01121372956419e-05
2.55,1.65000851113223,-0.000259880539031643,6.02387777400374e-05,6.02300777772564e-05,1.14223336895667e-14,1.14242832752389e-14,6.02344277700702e-05
2.6,1.65000853955631,-0.000259883754271458,6.03584539233979e-05,6.03497327705949e-05,3.24156604089927e-15,3.24212139498532e-15,6.03540933502383e-05
2.65,1.65000858086761,-0.000259886887096213,6.04756485716575e-05,6.04668930030415e-05,9.19928898384421e-16,9.20087394176654e-16,6.04712707882695e-05
2.7,1.65000861650931,-0.000259889941317287,6.05904797654415e-05,6.05816997288741e-05,2.61067862453825e-16,2.61113057809305e-16,6.05860897474189e-05
2.75,1.65000866022541,-0.000259892794181193,6.07030818707674e-05,6.06942703725909e-05,7.4088755719234e-17,7.41016583858477e-17,6.06986761217532e-05
2.8,1.65000870534105,-0.00025989584479025,6.08135924762074e-05,6.08047508395712e-05,2.10257525406794e-17,2.10294366353846e-17,6.08091716579103e-05
2.85,1.65000874919421,-0.00025989856715833,6.0922132204975e-05,6.0913265699077e-05,5.96692181884015e-18,5.9679735426215e-18,6.0917698952032e-05
2.9,1.65000879974365,-0.000259901500109046,6.10288617910455e-05,6.10199653348681e-05,1.69336020757584e-18,1.69366073063201e-18,6.10244135629585e-05
2.95,1.65000885915934,-0.000259904243296198,6.11339223037652e-05,6.11249885788091e-05,4.80560382851177e-19,4.80646353788923e-19,6.11294554412876e-05
3.0,1.650008912697,-0.000259906942660481,6.12374584776405e-05,6.12284991397732e-05,1.36378776972644e-19,1.36403352255921e-19,6.1232978808707e-05
3.05,1.65000896183473,-0.000259909595793872,6.13396373135135e-05,6.13306627116057e-05,3.87030953149395e-20,3.87101152050886e-20,6.13351500125596e-05
3.1,1.65000902623285,-0.000259912080118301,6.14406645947874e-05,6.14316599283458e-05,1.09835959334734e-20,1.09856042768508e-20,6.14361622615666e-05
3.15,1.6500090991082,-0.000259914789042944,6.15407246834816e-05,6.15316840483778e-05,3.11704487986417e-21,3.11762082289159e-21,6.15362043659297e-05
3.2,1.65000916282452,-0.00025991720186019,6.16400508285854e-05,6.1630992104292e-05,8.84589269012354e-22,8.84753956320221e-22,6.16355214664387e-05
3.25,1.65000923555066,-0.000259919864155259,6.17389094271391e-05,6.17298270666551e-05,2.51038612165366e-22,2.51085729142138e-22,6.17343682468971e-05
