VCM_V,gm_total_S,gm_N_S,gm_P_S
0.05,6.69251707294718e-05,2.00987709498486e-09,6.69231608523768e-05
0.1,6.67876942379551e-05,5.04005538552145e-09,6.67826541825695e-05
0.15,6.66518328244662e-05,1.26352328328626e-08,6.66391975916333e-05
0.2,6.65244080818931e-05,3.16547086238924e-08,6.64927533732692e-05
0.25,6.64224309359e-05,7.91712788084265e-08,6.63432596570916e-05
0.3,6.63878910661627e-05,1.97202127412753e-07,6.619068893875e-05
0.35,6.6521307492434e-05,4.86340326656253e-07,6.60349671657778e-05
0.4,6.70481708869187e-05,1.17209249088546e-06,6.58760783960332e-05
0.45,6.8403887386107e-05,2.69001742058828e-06,6.57138699655187e-05
0.5,7.12023583799333e-05,5.6540167056005e-06,6.55483416743328e-05
0.55,7.58734763501134e-05,1.04940652464808e-05,6.53794111036326e-05
0.6,8.2213777443553e-05,1.7006795158559e-05,6.5206982284994e-05
0.65,8.94491256777522e-05,2.44181682344697e-05,6.50309574432825e-05
0.7,9.66600232272441e-05,3.18087725492977e-05,6.48512506779464e-05
0.75,0.00010308096359498,3.84132339474613e-05,6.46677296475188e-05
0.8,0.00010821893975581,4.37386312094457e-05,6.44803085463638e-05
0.85,0.000111908872567563,4.76199781760341e-05,6.42888943915287e-05
0.9,0.000114311606999672,5.02183343801222e-05,6.409327261955e-05
0.95,0.000115782732113335,5.18893289463593e-05,6.38934031669752e-05
1.0,0.000116674051540179,5.29849658702038e-05,6.36890856699756e-05
1.05,0.000117229297168446,5.37491629275403e-05,6.34801342409055e-05
1.1,0.000117589697163292,5.43232783213115e-05,6.32664188419801e-05
1.15,0.00011783199162413,5.47842248794167e-05,6.30477667447133e-05
1.2,0.000117997859305202,5.51738971509163e-05,6.28239621542857e-05
1.25,0.00011811075519578,5.55159673131834e-05,6.25947878825965e-05
1.3,0.000118184366149384,5.58243484455284e-05,6.23600177038558e-05
1.35,0.000118227181093438,5.61076367854664e-05,6.21195443079712e-05
1.4,0.000118244072542287,5.63713901640383e-05,6.18726823782487e-05
1.45,0.00011823901699435,5.66193526759291e-05,6.1619664318421e-05
1.5,0.000118213820839252,5.68541517947627e-05,6.13596690444894e-05
1.55,0.000118170346614332,5.70776984513058e-05,6.10926481630258e-05
1.6,0.000118109591847066,5.72914225439667e-05,6.08181693030988e-05
1.65,0.000118032226852486,5.74964314306309e-05,6.05357954218555e-05
1.7,0.000117938337963986,5.7693600969826e-05,6.02447369941603e-05
1.75,0.000117828055420101,5.78836448175428e-05,5.9944410602558e-05
1.8,0.000117701533279405,5.8067150760614e-05,5.96343825187912e-05
1.85,0.000117557526956488,5.82446147361436e-05,5.9312912220344e-05
1.9,0.00011739576864815,5.84164632282454e-05,5.89793054199045e-05
1.95,0.00011721446615189,5.85830635593215e-05,5.86314025925688e-05
2.0,0.000117010795573643,5.87447390002402e-05,5.82660565734026e-05
2.05,0.000116779970415763,5.8901776664653e-05,5.78781937511095e-05
2.1,0.000116512536440534,5.90544348143621e-05,5.74581016261718e-05
2.15,0.000116188338026167,5.92029441796082e-05,5.6985393846559e-05
2.2,0.000115759214201192,5.93475156713181e-05,5.64116985298738e-05
2.25,0.00011509834219976,5.94883430948804e-05,5.56099991048796e-05
2.3,0.000113875403341664,5.96256031304691e-05,5.42498002111952e-05
2.35,0.000111439216260862,5.97594607749748e-05,5.16797554858869e-05
2.4,0.00010712766121346,5.98900682832834e-05,4.72375929301766e-05
2.45,0.000100805576587504,6.00175689220463e-05,4.07880076654577e-05
2.5,9.28823172717087e-05,6.01420969120758e-05,3.27402203596329e-05
2.55,8.41392493755084e-05,6.0263778429038e-05,2.38754709464703e-05
2.6,7.56758059290966e-05,6.03827339338494e-05,1.52930719952472e-05
2.65,6.87731610227465e-05,6.04990825200844e-05,8.27407850266213e-06
2.7,6.43267721261477e-05,6.06129287758545e-05,3.71384335029329e-06
2.75,6.21543361375611e-05,6.07243834284635e-05,1.42995270909768e-06
2.8,6.133686526267e-05,6.08335505052213e-05,5.03314757448649e-07
2.85,6.11105715556222e-05,6.0940531734167e-05,1.70039821455223e-07
2.9,6.11019229678572e-05,6.1045431989941e-05,5.6490977916246e-08
2.95,6.1166993061789e-05,6.11483524112164e-05,1.86406505726199e-08
3.0,6.1255530083828e-05,6.12493966585006e-05,6.13342532738497e-09
3.05,6.13506922238463e-05,6.13486767133996e-05,2.01551044675133e-09
3.1,6.14469619779238e-05,6.14463000648285e-05,6.61913095289005e-10
3.15,6.15426008028974e-05,6.15423834933981e-05,2.17309499246986e-10
3.2,6.16371251819413e-05,6.16370538498916e-05,7.13320496468615e-11
3.25,6.17304699844837e-05,6.1730446571806e-05,2.34126776329998e-11
