seed,Vout_V,equivalent_offset_V,IREF_uA,Iq_uA,terminal_guard_passed
70100,1.650197341707733,-0.00019734170773300086,4.386861554708137,252.0295819181858,True
70101,1.647292417624577,0.002707582375423012,4.706575405791975,267.332336286874,True
70102,1.650378937996151,-0.0003789379961511852,4.718866141093159,245.3151086415777,True
70103,1.652758569490743,-0.002758569490743046,4.937166733052511,270.6906651991317,True
70104,1.656933470841462,-0.006933470841462119,5.755660912418591,305.82430069317763,True
70105,1.651484355573649,-0.00148435557364901,4.846587258535099,259.276738199669,True
70106,1.655581431618576,-0.005581431618576049,4.427131298428876,239.895847167035,True
70107,1.648422286410234,0.0015777135897658834,4.862216221082442,247.2704428116123,True
70108,1.654632514290816,-0.004632514290816125,5.38832192993872,295.17563586157047,True
70109,1.646610590541566,0.003389409458433912,5.277390177686701,243.40977621605,True
70110,1.653934487457936,-0.00393448745793612,5.539218550479877,279.8047027565611,True
70111,1.653114316607955,-0.0031143166079550255,4.110962717856288,216.025170051062,True
70112,1.64314857132197,0.006851428678029903,4.4343463270264785,211.4572238059774,True
70113,1.639368083907146,0.010631916092853855,4.799731110385774,263.6124094546763,True
70114,1.65537972606902,-0.005379726069020041,5.7774472830070565,291.76655018497974,True
70115,1.644054022579948,0.005945977420051873,5.483888819030168,278.3829246147821,True
70116,1.650716964253972,-0.0007169642539721632,6.060498783819207,296.4149455828996,True
70117,1.652673150543458,-0.0026731505434580694,5.073195258046172,278.0989246620098,True
70118,1.650573636182023,-0.0005736361820229963,4.395923099323281,212.4711887899964,True
70119,1.652135765349126,-0.002135765349126073,5.4967108586627225,271.7162172135583,True
70120,1.652047554416987,-0.0020475544169871185,5.519617706191777,303.6745760243456,True
70121,1.64246637252909,0.007533627470909909,4.610378390717025,248.059203648509,True
70122,1.641845139403277,0.00815486059672299,3.9960208369560735,190.2033282253033,True
70123,1.647710665622028,0.0022893343779719633,5.794408481051199,280.3104474130589,True
70124,1.647441821966755,0.0025581780332448734,4.9165039956665995,249.57657528229217,True
70125,1.641577918629817,0.008422081370182966,4.760781082459068,252.89819323207828,True
70126,1.642387788069238,0.007612211930762003,5.681803403286692,285.747505451743,True
70127,1.647679993451188,0.002320006548811815,4.605234753548496,251.1046947339,True
70128,1.657439547595864,-0.007439547595864182,5.8290800583093,282.6744431690779,True
70129,1.652183933192664,-0.002183933192664078,4.67168011752031,240.0161490272699,True
70130,1.64044640390165,0.009553596098349937,5.6045924972015735,274.8224817879991,True
70131,1.6529417740136,-0.0029417740136001846,4.4155698444395535,247.5115884619741,True
70132,1.652785513829004,-0.0027855138290040493,4.611723893601382,262.2270338341674,True
70133,1.653088819557167,-0.0030888195571669996,5.371000018248318,287.773539946378,True
70134,1.639630667774866,0.01036933222513392,5.544359185808388,287.01857925809026,True
70135,1.646477652045158,0.0035223479548418535,4.935689699731392,242.936153456169,True
70136,1.646558652300764,0.003441347699235875,4.916368516282712,282.4465647644797,True
70137,1.652731465158279,-0.002731465158279045,4.570739376058741,252.3692011196478,True
70138,1.650933144770568,-0.0009331447705680507,4.770115735446263,244.5612501432095,True
70139,1.645385171670494,0.004614828329505993,5.1498824610269445,260.6218745374778,True
70140,1.655658266264403,-0.005658266264403133,5.101389211195371,270.2063721798785,True
70141,1.652792196764125,-0.002792196764125121,5.398467949429939,254.62249794475989,True
70142,1.652286086809678,-0.002286086809678123,5.094142578375965,262.7657777650341,True
70143,1.652986831545521,-0.0029868315455210404,4.240348545128311,231.8012976290261,True
70144,1.648434585072777,0.0015654149272228413,5.248606335000979,255.82487307750043,True
70145,1.648977973091339,0.0010220269086609335,4.2774934935149735,227.9319956265999,True
70146,1.645070009192669,0.0049299908073308085,4.7974226720793665,251.40912880926567,True
70147,1.647630816296063,0.0023691837039370167,4.529450666060669,243.4313288205177,True
70148,1.640164820677152,0.009835179322847942,5.010944591119078,288.1179290036885,True
70149,1.655812126931869,-0.005812126931869166,4.197974675950583,224.8257809561034,True
70150,1.647750593344916,0.0022494066550839964,5.213670523557902,263.4096083990515,True
70151,1.653022391242202,-0.0030223912422020494,4.388696715762466,242.9220374811935,True
70152,1.649591039331596,0.00040896066840390155,5.464900069006634,280.5602902640844,True
70153,1.647074551999005,0.0029254480009948125,5.0943399602752955,248.856277788324,True
70154,1.642827884588583,0.007172115411416824,4.065194479326215,208.51019962195932,True
70155,1.656206198506785,-0.0062061985067851655,5.153990757727388,269.8898556748768,True
70156,1.651909980371017,-0.0019099803710171948,5.268509258083201,269.8117197254201,True
70157,1.653627821026841,-0.003627821026841005,5.057139902961866,279.6199587327965,True
70158,1.642887745315469,0.0071122546845308054,4.914103683539019,269.11286727648786,True
70159,1.647711205853117,0.0022887941468829887,4.89191384663193,262.6036730751894,True
70160,1.654810171947743,-0.004810171947743136,4.326201650543373,230.6698371795925,True
70161,1.66119208803869,-0.011192088038689985,5.826089775213975,260.3882479606959,True
70162,1.65625289619384,-0.006252896193840174,5.943486205541645,287.9014047238223,True
70163,1.646668916257134,0.003331083742865948,4.704429606612055,275.5786585721533,True
