v-sweep,i(EPLAIN),i(ECAS),v(br),v(bc)
0.05,-2.286699280562617e-06,-2.266709326390781e-06,0.9539122632353804,1.931225155748153
0.07500000000000001,-3.058598912785553e-06,-3.038164774801958e-06,0.9539122632353804,1.931225155748153
0.1,-3.618501641562719e-06,-3.60092963159702e-06,0.9539122632353804,1.931225155748153
0.125,-4.005339180124301e-06,-3.991809783063629e-06,0.9539122632353804,1.931225155748153
0.15,-4.263143433587872e-06,-4.253372144601973e-06,0.9539122632353804,1.931225155748153
0.175,-4.432825128036292e-06,-4.425918356617378e-06,0.9539122632353804,1.931225155748153
0.2,-4.546002593261984e-06,-4.541064660341501e-06,0.9539122632353804,1.931225155748153
0.225,-4.623960765831997e-06,-4.620319734398088e-06,0.9539122632353804,1.931225155748153
0.25,-4.6799166397085e-06,-4.67712574391543e-06,0.9539122632353804,1.931225155748153
0.275,-4.721819774632431e-06,-4.719594648649095e-06,0.9539122632353804,1.931225155748153
0.3,-4.754455824346064e-06,-4.752616189705385e-06,0.9539122632353804,1.931225155748153
0.325,-4.780761905115609e-06,-4.779191619973362e-06,0.9539122632353804,1.931225155748153
0.35,-4.802591778009807e-06,-4.801214068671616e-06,0.9539122632353804,1.931225155748153
0.3750000000000001,-4.821152270555628e-06,-4.819914829716666e-06,0.9539122632353804,1.931225155748153
0.4000000000000001,-4.837253765918775e-06,-4.836119780068694e-06,0.9539122632353804,1.931225155748153
0.4250000000000001,-4.851456721689315e-06,-4.850399382546302e-06,0.9539122632353804,1.931225155748153
0.4500000000000001,-4.864159500969256e-06,-4.863158566430969e-06,0.9539122632353804,1.931225155748153
0.4750000000000001,-4.87565243318072e-06,-4.874692006456201e-06,0.9539122632353804,1.931225155748153
0.5000000000000001,-4.886151980138842e-06,-4.885219020697681e-06,0.9539122632353804,1.931225155748153
0.5250000000000001,-4.895822885764215e-06,-4.894906160574044e-06,0.9539122632353804,1.931225155748153
0.5500000000000002,-4.904792885313679e-06,-4.903882178104469e-06,0.9539122632353804,1.931225155748153
0.5750000000000002,-4.913162695599911e-06,-4.912248151675569e-06,0.9539122632353804,1.931225155748153
0.6000000000000002,-4.921012943307487e-06,-4.920084456620256e-06,0.9539122632353804,1.931225155748153
0.6250000000000002,-4.928409063630846e-06,-4.927455620289793e-06,0.9539122632353804,1.931225155748153
0.6500000000000002,-4.935404826290646e-06,-4.934413706237633e-06,0.9539122632353804,1.931225155748153
0.6750000000000003,-4.9420449158126e-06,-4.941000617376273e-06,0.9539122632353804,1.931225155748153
0.7000000000000003,-4.94836684878752e-06,-4.947249526633668e-06,0.9539122632353804,1.931225155748153
0.7250000000000003,-4.954402418752266e-06,-4.953185489451142e-06,0.9539122632353804,1.931225155748153
0.7500000000000003,-4.960178799421896e-06,-4.958825128165896e-06,0.9539122632353804,1.931225155748153
0.7750000000000004,-4.965719397344102e-06,-4.964175076574158e-06,0.9539122632353804,1.931225155748153
0.8000000000000004,-4.971044518358106e-06,-4.969228657333057e-06,0.9539122632353804,1.931225155748153
0.8250000000000004,-4.976171894005223e-06,-4.973960267118786e-06,0.9539122632353804,1.931225155748153
0.8500000000000004,-4.981117101397066e-06,-4.978317971284277e-06,0.9539122632353804,1.931225155748153
0.8750000000000004,-4.985893901164577e-06,-4.982218411018628e-06,0.9539122632353804,1.931225155748153
0.9000000000000005,-4.990514511790951e-06,-4.985554360196928e-06,0.9539122632353804,1.931225155748153
0.9250000000000005,-4.994989834077943e-06,-4.988226996011411e-06,0.9539122632353804,1.931225155748153
0.9500000000000005,-4.999329636179929e-06,-4.990201035948486e-06,0.9539122632353799,1.931225152359103
0.9750000000000005,-5.003542707199018e-06,-4.991551804579874e-06,0.9539122632353799,1.931225152359103
1.0,-5.007636985518072e-06,-4.992448153115498e-06,0.9539122632353797,1.931225152359103
1.025,-5.011619666687859e-06,-4.993066945451933e-06,0.9539122632353797,1.931225152359103
1.05,-5.015497294650228e-06,-4.993530566609403e-06,0.9539122632353797,1.931225152359103
1.075,-5.019275839292563e-06,-4.993906921153883e-06,0.9539122632353797,1.931225152359103
1.1,-5.022960762720033e-06,-4.994231106813103e-06,0.9539122632353797,1.931225152359103
1.125,-5.026557076163034e-06,-4.994521576649871e-06,0.9539122632353797,1.931225152359103
1.15,-5.030069389064757e-06,-4.99478858103695e-06,0.9539122632353797,1.931225152359103
1.175,-5.033501951610171e-06,-4.995038198454642e-06,0.9539122632353797,1.931225152359103
1.2,-5.036858691722136e-06,-4.995274269083697e-06,0.9539122632353797,1.931225152359103
1.225,-5.040143247370724e-06,-4.995499359486584e-06,0.9539122632353801,1.931225152359103
1.25,-5.043358994893151e-06,-4.99571527352177e-06,0.9539122632353799,1.931225152359103
1.274999999999999,-5.046509073906401e-06,-4.995923326421575e-06,0.9539122632353799,1.931225152359103
1.299999999999999,-5.049596409293465e-06,-4.996124515638093e-06,0.9539122632353801,1.931225152359103
1.324999999999999,-5.052623730671318e-06,-4.996319617255166e-06,0.9539122632353801,1.931225152359103
1.349999999999999,-5.055593589680974e-06,-4.996509250239503e-06,0.9539122632353801,1.931225152359103
1.374999999999999,-5.058508375389425e-06,-4.996693918382503e-06,0.9539122632353801,1.931225152359103
1.399999999999999,-5.06137032804946e-06,-4.996874038898906e-06,0.9539122632353801,1.931225152359103
1.424999999999999,-5.064181551424858e-06,-4.997049962497863e-06,0.9539122632353801,1.931225152359103
1.449999999999999,-5.066944023862989e-06,-4.997221987834195e-06,0.9539122632353801,1.931225152359103
1.474999999999999,-5.069659608267706e-06,-4.997390372146277e-06,0.9539122632353801,1.931225152359103
1.499999999999999,-5.072330061105815e-06,-4.997555339235446e-06,0.9539122632353801,1.931225152359103
1.524999999999999,-5.074957040564181e-06,-4.997717080709122e-06,0.9539122632353799,1.931225152359103
1.549999999999998,-5.077542113956311e-06,-4.997875785680596e-06,0.9539122632353804,1.931225155748153
1.574999999999998,-5.080086764467497e-06,-4.9980315934509e-06,0.9539122632353804,1.931225155748153
1.599999999999998,-5.082592397316792e-06,-4.998184648589938e-06,0.9539122632353804,1.931225155748153
1.624999999999998,-5.085060345401429e-06,-4.998335076744571e-06,0.9539122632353804,1.931225155748153
1.649999999999998,-5.087491874486915e-06,-4.998482992002901e-06,0.9539122632353804,1.931225155748153
1.674999999999998,-5.089888187993373e-06,-4.998628498487665e-06,0.9539122632353804,1.931225155748153
1.699999999999998,-5.092250431428685e-06,-4.998771691676579e-06,0.9539122632353804,1.931225155748153
1.724999999999998,-5.094579696509283e-06,-4.998912659500283e-06,0.9539122632353804,1.931225155748153
1.749999999999998,-5.096877025006065e-06,-4.999051483266269e-06,0.9539122632353804,1.931225155748153
1.774999999999998,-5.0991434123532e-06,-4.999188238436663e-06,0.9539122632353804,1.931225155748153
1.799999999999998,-5.101379811046238e-06,-4.999322995291101e-06,0.9539122632353804,1.931225155748153
1.824999999999998,-5.103587133861056e-06,-4.999455819475884e-06,0.9539122632353804,1.931225155748153
1.849999999999997,-5.105766256916587e-06,-4.999586770519594e-06,0.9539122632353804,1.931225155748153
1.874999999999997,-5.107918022605197e-06,-4.999715911843178e-06,0.9539122632353796,1.931225152359102
1.899999999999997,-5.110043242410937e-06,-4.999843292763281e-06,0.9539122632353796,1.931225152359102
1.924999999999997,-5.112142699633503e-06,-4.999968966304868e-06,0.9539122632353799,1.931225152359103
1.949999999999997,-5.114217152034952e-06,-5.000092981078227e-06,0.9539122632353796,1.931225152359102
1.974999999999997,-5.116267334425467e-06,-5.00021538329151e-06,0.9539122632353796,1.931225152359102
1.999999999999997,-5.1182939611979e-06,-5.00033621678438e-06,0.9539122632353796,1.931225152359102
2.024999999999997,-5.120297728826502e-06,-5.000455523298646e-06,0.9539122632353796,1.931225152359102
2.049999999999997,-5.122279318338928e-06,-5.000573342629462e-06,0.9539122632353796,1.931225152359102
2.074999999999997,-5.124239397769194e-06,-5.000689712774292e-06,0.9539122632353796,1.931225152359102
2.099999999999997,-5.1261786246021e-06,-5.000804670065944e-06,0.9539122632353796,1.931225152359102
2.124999999999996,-5.128097648213106e-06,-5.000918249292534e-06,0.9539122632353796,1.931225152359102
2.149999999999996,-5.129997112312251e-06,-5.001030483803607e-06,0.9539122632353796,1.931225152359102
2.174999999999996,-5.131877657392511e-06,-5.001141405607142e-06,0.9539122632353796,1.931225152359102
2.199999999999996,-5.133739923191578e-06,-5.001251045457075e-06,0.9539122632353796,1.931225152359102
2.224999999999996,-5.135584551164639e-06,-5.001359432932611e-06,0.9539122632353796,1.931225152359102
2.249999999999996,-5.137412186973865e-06,-5.001466596509966e-06,0.9539122632353796,1.931225152359102
2.274999999999996,-5.139223482992901e-06,-5.001572563629214e-06,0.9539122632353796,1.931225152359102
2.299999999999996,-5.141019100828833e-06,-5.001677360754212e-06,0.9539122632353796,1.931225152359102
2.324999999999996,-5.142799713860684e-06,-5.001781013429251e-06,0.9539122632353796,1.931225152359102
2.349999999999996,-5.144566009792065e-06,-5.001883546331044e-06,0.9539122632353796,1.931225152359102
2.374999999999996,-5.146318693219351e-06,-5.001984983317946e-06,0.9539122632353796,1.931225152359102
2.399999999999995,-5.148058488211038e-06,-5.002085347476201e-06,0.9539122632353796,1.931225152359102
2.424999999999995,-5.149786140896129e-06,-5.002184661165716e-06,0.9539122632353796,1.931225152359102
2.449999999999995,-5.151502422060497e-06,-5.002282946063488e-06,0.9539122632353796,1.931225152359102
2.474999999999995,-5.153208129746113e-06,-5.002380223208052e-06,0.9539122632353796,1.931225152359102
2.499999999999995,-5.154904091849981e-06,-5.002476513044698e-06,0.9539122632353796,1.931225152359102
2.524999999999995,-5.156591168720153e-06,-5.002571835472573e-06,0.9539122632353796,1.931225152359102
2.549999999999995,-5.158270255743512e-06,-5.002666209895888e-06,0.9539122632353796,1.931225152359102
2.574999999999995,-5.159942285922374e-06,-5.002759655279562e-06,0.9539122632353796,1.931225152359102
2.599999999999995,-5.161608232434504e-06,-5.002852190211184e-06,0.9539122632353796,1.931225152359102
2.624999999999995,-5.163269111173339e-06,-5.002943832971025e-06,0.9539122632353796,1.931225152359102
2.649999999999995,-5.164925983263123e-06,-5.003034601613952e-06,0.9539122632353796,1.931225152359102
2.674999999999994,-5.166579957545188e-06,-5.003124514062587e-06,0.9539122632353796,1.931225152359102
2.699999999999994,-5.168232193030653e-06,-5.00321358821632e-06,0.9539122632353796,1.931225152359102
2.724999999999994,-5.169883901315162e-06,-5.003301842078302e-06,0.9539122632353796,1.931225152359102
2.749999999999994,-5.171536348951778e-06,-5.003389293903136e-06,0.9539122632353796,1.931225152359102
2.774999999999994,-5.173190859777418e-06,-5.003475962369838e-06,0.9539122632353796,1.931225152359102
2.799999999999994,-5.174848817188414e-06,-5.003561866781894e-06,0.9539122632353796,1.931225152359102
2.824999999999994,-5.176511666363182e-06,-5.003647027299827e-06,0.9539122632353796,1.931225152359102
2.849999999999994,-5.178180916424816e-06,-5.003731465209291e-06,0.9539122632353796,1.931225152359102
2.874999999999994,-5.179858142544274e-06,-5.003815203228983e-06,0.9539122632353796,1.931225152359102
2.899999999999994,-5.1815449879763e-06,-5.003898265864393e-06,0.9539122632353796,1.931225152359102
2.924999999999994,-5.18324316602858e-06,-5.003980679809067e-06,0.9539122632353796,1.931225152359102
2.949999999999994,-5.184954461959294e-06,-5.004062474400946e-06,0.9539122632353796,1.931225152359102
2.974999999999993,-5.186680734799341e-06,-5.004143682137526e-06,0.9539122632353796,1.931225152359102
2.999999999999993,-5.188423919100024e-06,-5.004224339254579e-06,0.9539122632353796,1.931225152359102
3.024999999999993,-5.190186026599584e-06,-5.004304486373772e-06,0.9539122632353796,1.931225152359102
3.049999999999993,-5.191969147809766e-06,-5.004384169224151e-06,0.9539122632353796,1.931225152359102
3.074999999999993,-5.193775453518769e-06,-5.004463439443229e-06,0.9539122632353796,1.931225152359102
3.099999999999993,-5.195607196209864e-06,-5.004542355460152e-06,0.9539122632353796,1.931225152359102
3.124999999999993,-5.197466711392946e-06,-5.004620983468878e-06,0.9539122632353796,1.931225152359102
3.149999999999993,-5.199356418849786e-06,-5.004699398494084e-06,0.9539122632353796,1.931225152359102
3.174999999999993,-5.201278823789598e-06,-5.004777685554376e-06,0.9539122632353796,1.931225152359102
3.199999999999993,-5.203236517916611e-06,-5.004855940928291e-06,0.9539122632353796,1.931225152359102
3.224999999999993,-5.205232180406237e-06,-5.00493427352475e-06,0.9539122632353796,1.931225152359102
3.249999999999992,-5.207268578792947e-06,-5.005012806363538e-06,0.9539122632353796,1.931225152359102
