input_CM_command_V,Vout_V,output_minus_midpoint_mV,input_differential_mV,qualified_flag
0.050000000000000003,1.64998981873968,-0.010181260324815301,0.010181260324815301,1
0.10000000000000001,1.6499898321236799,-0.0101678763229085,0.0101678763229085,1
0.14999999999999999,1.64998984502014,-0.010154979859899899,0.010154979859899899,1
0.20000000000000001,1.64998985721424,-0.010142785760836,0.010142785760836,1
0.25,1.64998986874735,-0.010131252653922101,0.010131252653922101,1
0.29999999999999999,1.6499898795493499,-0.0101204506479657,0.0101204506479657,1
0.34999999999999998,1.6499898895973499,-0.010110402654861499,0.010110402654861499,1
0.40000000000000002,1.6499898988626001,-0.010101137396967301,0.010101137396967301,1
0.45000000000000001,1.6499899072844399,-0.0100927155588515,0.0100927155588515,1
0.5,1.64998991486103,-0.010085138965942901,0.010085138965942901,1
0.55000000000000004,1.64998992153251,-0.010078467491014801,0.010078467491014801,1
0.59999999999999998,1.64998992729233,-0.0100727076739471,0.0100727076739471,1
0.65000000000000002,1.6499899321106299,-0.010067889367970701,0.010067889367970701,1
0.69999999999999996,1.64998993593008,-0.0100640699189913,0.0100640699189913,1
0.75,1.6499899387093999,-0.010061290597995799,0.010061290597995799,1
0.80000000000000004,1.6499899404202001,-0.0100595797958292,0.0100595797958292,1
0.84999999999999998,1.6499899410252501,-0.0100589747538127,0.0100589747538127,1
0.90000000000000002,1.64998994054557,-0.010059454425892501,0.010059454425892501,1
0.94999999999999996,1.6499899388955099,-0.0100611044899779,0.0100611044899779,1
1,1.6499899360161601,-0.0100639838369609,0.0100639838369609,1
1.05,1.64998993200136,-0.0100679986390073,0.0100679986390073,1
1.1000000000000001,1.64998992666776,-0.010073332241900001,0.010073332241900001,1
1.1499999999999999,1.6499899200736901,-0.010079926306971699,0.010079926306971699,1
1.2,1.6499899121734101,-0.010087826593840899,0.010087826593840899,1
1.25,1.64998990331982,-0.010096680180815601,0.010096680180815601,1
1.3,1.6499898932788399,-0.0101067211648598,0.0101067211648598,1
1.3500000000000001,1.6499898794698999,-0.0101205300999663,0.0101205300999663,1
1.3999999999999999,1.6499898489801501,-0.0101510198449173,0.0101510198449173,1
1.45,1.64998974574602,-0.0102542539788253,0.0102542539788253,1
1.5,1.6499893512510899,-0.010648748910879699,0.010648748910879699,1
1.55,1.64998793126736,-0.012068732642811501,0.012068732642811501,1
1.6000000000000001,1.64998352105917,-0.016478940827013799,0.016478940827013799,1
1.6499999999999999,1.64997337741534,-0.026622584661017999,0.026622584661017999,1
1.7,1.64996007738672,-0.039922613275011898,0.039922613275011898,1
1.75,1.6499516351563901,-0.048364843612924702,0.048364843612924702,1
1.8,1.64994879031569,-0.051209684314823499,0.051209684314823499,1
1.8500000000000001,1.6499482682334301,-0.051731766568918799,0.051731766568918799,1
1.8999999999999999,1.6499483554340799,-0.051644565920883102,0.051644565920883102,1
1.95,1.64994855346061,-0.051446539391930599,0.051446539391930599,1
2,1.64994875391689,-0.051246083105915802,0.051246083105915802,1
2.0499999999999998,1.6499489414761901,-0.0510585238098216,0.0510585238098216,1
2.1000000000000001,1.6499491176371099,-0.0508823628948551,0.0508823628948551,1
2.1499999999999999,1.6499492852822,-0.050714717803934703,0.050714717803934703,1
2.2000000000000002,1.6499494462115301,-0.050553788466967099,0.050553788466967099,1
2.25,1.64994960130876,-0.050398691237019101,0.050398691237019101,1
2.2999999999999998,1.6499497515913499,-0.050248408649977698,0.050248408649977698,1
2.3500000000000001,1.6499498970586499,-0.050102941353991098,0.050102941353991098,1
2.3999999999999999,1.6499500382354999,-0.0499617645048911,0.0499617645048911,1
2.4500000000000002,1.6499501754536501,-0.0498245463509406,0.0498245463509406,1
2.5,1.6499503088193599,-0.049691180642907902,0.049691180642907902,1
2.5499999999999998,1.6499504387685,-0.049561231495909297,0.049561231495909297,1
2.6000000000000001,1.6499505653630799,-0.0494346369188658,0.0494346369188658,1
2.6499999999999999,1.64995068883715,-0.049311162847010002,0.049311162847010002,1
2.7000000000000002,1.64995080946599,-0.049190534006981999,0.049190534006981999,1
2.75,1.64995092737182,-0.0490726281818787,0.0490726281818787,1
2.7999999999999998,1.6499510427837201,-0.048957216283840303,0.048957216283840303,1
2.8500000000000001,1.64995115583609,-0.048844163907935098,0.048844163907935098,1
2.8999999999999999,1.6499512667818399,-0.048733218164898097,0.048733218164898097,1
2.9500000000000002,1.6499513757708,-0.048624229201932302,0.048624229201932302,1
3,1.64995148295746,-0.048517042538831497,0.048517042538831497,1
3.0499999999999998,1.64995158865303,-0.048411346964982699,0.048411346964982699,1
3.1000000000000001,1.64995169302551,-0.048306974491874002,0.048306974491874002,1
3.1499999999999999,1.6499517961619199,-0.048203838078020297,0.048203838078020297,1
3.2000000000000002,1.64995189875438,-0.048101245616827298,0.048101245616827298,1
3.25,1.6499520005053401,-0.047999494661832301,0.047999494661832301,1
