input_CM_command_V,Vout_V,I_VDD_A,IREF_A
0.050000000000000003,1.6500059936145459,-0.00026179838281051749,5.008536744800014e-06
0.10000000000000001,1.65000603045878,-0.00026178691945467561,5.008536744800014e-06
0.14999999999999999,1.650006067497402,-0.00026177551853210908,5.008536744800014e-06
0.20000000000000001,1.6500061117617399,-0.00026176406510341121,5.008536744800014e-06
0.25,1.6500061503488881,-0.00026175258643031731,5.008536744800014e-06
0.29999999999999999,1.6500061949696461,-0.0002617410901355825,5.008536744800014e-06
0.34999999999999998,1.6500062355803169,-0.0002617295693619167,5.008536744800014e-06
0.40000000000000002,1.6500062787216441,-0.00026171797836479528,5.008536744800014e-06
0.45000000000000001,1.650006322614741,-0.00026170641075424318,5.008536744800014e-06
0.49999999999999989,1.650006376348147,-0.00026169481981295752,5.008536744800014e-06
0.54999999999999993,1.6500064178547269,-0.00026168324576773621,5.008536744800014e-06
0.59999999999999998,1.6500064714231311,-0.00026167160470444379,5.008536744800014e-06
0.65000000000000002,1.650006512999951,-0.0002616599218116817,5.008536744800014e-06
0.70000000000000007,1.650006573804462,-0.00026164821689585518,5.008536744800014e-06
0.75000000000000011,1.6500066195799341,-0.00026163640742228112,5.008536744800014e-06
0.80000000000000016,1.650006677225843,-0.0002616246870137836,5.008536744800014e-06
0.8500000000000002,1.65000672815412,-0.00026161279908005271,5.008536744800014e-06
0.90000000000000024,1.650006780560596,-0.00026160092485294891,5.008536744800014e-06
0.95000000000000029,1.650006839130949,-0.00026158907396457281,5.008536744800014e-06
1,1.6500068947444391,-0.00026157710572880563,5.008536744800014e-06
1.05,1.650006947919187,-0.00026156500652675012,5.008536744800014e-06
1.1000000000000001,1.6500070072694479,-0.00026155299253055218,5.008536744800014e-06
1.1499999999999999,1.650007065020451,-0.00026154075871829679,5.008536744800014e-06
1.2,1.6500071318304159,-0.0002615286040998098,5.008536744800014e-06
1.25,1.6500071947207291,-0.00026151628923600038,5.008536744800014e-06
1.3,1.650007258541383,-0.00026150388353701759,5.008536744800014e-06
1.350000000000001,1.650007313364559,-0.00026149129191774251,5.008536744800014e-06
1.400000000000001,1.650007374117237,-0.000261478776781214,5.008536744800014e-06
1.4500000000000011,1.6500073830359421,-0.00026146610360007477,5.008536744800014e-06
1.5000000000000011,1.6500073926357559,-0.00026145353039184669,5.008536744800014e-06
1.5500000000000009,1.6500073788315099,-0.00026144141737952792,5.008536744800014e-06
1.600000000000001,1.6500074743679869,-0.00026143115392987428,5.008536744800014e-06
1.650000000000001,1.650007827370231,-0.00026142478499843129,5.008536744800014e-06
1.7000000000000011,1.6500082278752259,-0.00026142348439375541,5.008536744800014e-06
1.7500000000000011,1.65000835154551,-0.00026142633245755773,5.008536744800014e-06
1.8000000000000009,1.6500082991285421,-0.00026143147017057338,5.008536744800014e-06
1.850000000000001,1.65000825434314,-0.00026143695693556267,5.008536744800014e-06
1.900000000000001,1.650008236911815,-0.00026144261360191621,5.008536744800014e-06
1.9500000000000011,1.650008244967992,-0.00026144793643782398,5.008536744800014e-06
2.0000000000000009,1.6500082669438121,-0.00026145299496506549,5.008536744800014e-06
2.0500000000000012,1.650008288555995,-0.00026145769242406718,5.008536744800014e-06
2.100000000000001,1.6500083175536771,-0.00026146226799077048,5.008536744800014e-06
2.1499999999999999,1.650008335826971,-0.00026146676504152239,5.008536744800014e-06
2.2000000000000002,1.650008358627042,-0.00026147096368052961,5.008536744800014e-06
2.25,1.650008391853101,-0.0002614748806842319,5.008536744800014e-06
2.2999999999999998,1.650008415048275,-0.00026147888163396412,5.008536744800014e-06
2.3500000000000001,1.650008453080928,-0.00026148251061553412,5.008536744800014e-06
2.399999999999999,1.6500084750153881,-0.00026148625551724252,5.008536744800014e-06
2.4499999999999988,1.650008502014318,-0.00026148964388766498,5.008536744800014e-06
2.4999999999999991,1.650008541818331,-0.00026149317533628429,5.008536744800014e-06
2.5499999999999989,1.650008575718579,-0.00026149636132096512,5.008536744800014e-06
2.5999999999999992,1.6500086112955401,-0.00026149970484794059,5.008536744800014e-06
2.649999999999999,1.6500086532825231,-0.00026150271570062099,5.008536744800014e-06
2.699999999999998,1.650008692150934,-0.00026150577848533418,5.008536744800014e-06
2.7499999999999978,1.6500087417560589,-0.00026150877049643448,5.008536744800014e-06
2.799999999999998,1.650008780434828,-0.00026151181994134678,5.008536744800014e-06
2.8499999999999979,1.65000882165667,-0.000261514684598217,5.008536744800014e-06
2.8999999999999981,1.650008872136479,-0.00026151749375887868,5.008536744800014e-06
2.949999999999998,1.650008922653952,-0.00026152024504720118,5.008536744800014e-06
2.9999999999999969,1.650008983327317,-0.00026152281824529978,5.008536744800014e-06
3.0499999999999972,1.6500090359606669,-0.00026152547563658922,5.008536744800014e-06
3.099999999999997,1.650009109586803,-0.0002615280965566634,5.008536744800014e-06
3.1499999999999968,1.650009178729239,-0.00026153081095119091,5.008536744800014e-06
3.1999999999999971,1.6500092468933629,-0.0002615333647176634,5.008536744800014e-06
3.249999999999996,1.650009314812819,-0.00026153589076792608,5.008536744800014e-06
