frequency_Hz,transfer_real,transfer_imag
1,0.99999948786792037,-3.1815954841378019e-07
1.029200527194428,0.99999948786705639,-3.2744997498467289e-07
1.0592537251772891,0.99999948786719761,-3.3701168688288589e-07
1.090184492385128,0.99999948786734705,-3.4685260580929698e-07
1.122018454301964,0.99999948786750514,-3.5698088475632502e-07
1.1547819846894589,0.99999948786767245,-3.6740491478805172e-07
1.1885022274370189,0.99999948786785009,-3.7813333199207709e-07
1.2232071190499321,0.99999948786621518,-3.8917502464083601e-07
1.2589254117941679,0.99999948786641435,-4.0053914052933478e-07
1.29568669751702,0.99999948786662518,-4.1223509459269848e-07
1.3335214321633251,0.99999948786684878,-4.2427257668055508e-07
1.3724609610075631,0.99999948786708459,-4.3666155959127488e-07
1.412537544622755,0.99999948786733617,-4.4941230733416101e-07
1.4537843856076631,0.99999948786760173,-4.6253538363302689e-07
1.496235656094435,0.99999948786788273,-4.7604166067794818e-07
1.539926526059493,0.99999948786818038,-4.8994232813273544e-07
1.5848931924611149,0.99999948786667325,-5.0424890241376471e-07
1.63117290922784,0.99999948786700699,-5.1897323619728057e-07
1.6788040181225621,0.99999948786736137,-5.3412752828945912e-07
1.7278259805078651,0.99999948786773629,-5.497243336995937e-07
1.778279410038925,0.99999948786713611,-5.6577657409528114e-07
1.830206106311058,0.99999948786755777,-5.8229754832721308e-07
1.883649089489803,0.9999994878661802,-5.9930094372607945e-07
1.93865263595221,0.99999948786665216,-6.168008472239595e-07
1.995262314968882,0.99999948786715187,-6.3481175712920548e-07
2.053525026457149,0.99999948786768222,-6.533485950982492e-07
2.1134890398366499,0.99999948786642023,-6.7242671851910769e-07
2.1752040340195258,0.99999948786701454,-6.9206193318956903e-07
2.238721138568343,0.99999948786764414,-7.1227050647907219e-07
2.3040929760558502,0.99999948786731374,-7.3306918082042269e-07
2.3713737056616599,0.99999948786619819,-7.5447518737027106e-07
2.4406190680419848,0.99999948786694626,-7.7650626058257427e-07
2.511886431509585,0.99999948786773873,-7.9918065274606685e-07
2.585234839562196,0.99999948786675497,-8.2251714912705549e-07
2.660725059798815,0.9999994878676447,-8.465350834898587e-07
2.7384196342643672,0.99999948786576742,-8.7125435428132912e-07
2.8183829312644599,0.9999994878667644,-8.9669544072518303e-07
2.9006811986931602,0.99999948786599879,-9.2287942031924987e-07
2.9853826189179671,0.99999948786711823,-9.4982798590377661e-07
3.0725573652674538,0.99999948786548465,-9.7756346390333913e-07
3.162277660168388,0.99999948786674087,-1.0061088323847881e-06
3.254617834980468,0.99999948786624826,-1.03548774068966e-06
3.3496543915782859,0.99999948786765713,-1.0657245285849081e-06
3.4474660657315042,0.99999948786633053,-1.09684424673082e-06
3.5481338923357648,0.99999948786608972,-1.128872676961492e-06
3.6517412725483882,0.99999948786594139,-1.16183635423683e-06
3.7583740428844532,0.99999948786671822,-1.195762588339086e-06
3.868120546330533,0.99999948786677562,-1.2306794862829781e-06
3.9810717055349851,0.9999994878659465,-1.266615976152165e-06
4.0973210981354278,0.99999948786623261,-1.3036018303643491e-06
4.2169650342858356,0.99999948786664372,-1.3416676910129509e-06
4.340102636447452,0.99999948786618964,-1.3808450949657489e-06
4.4668359215096451,0.99999948786587689,-1.4211664997648849e-06
4.5972698853087364,0.999999487866708,-1.462665310720054e-06
4.7315125896148196,0.99999948786487813,-1.5053759089718399e-06
4.8696752516586477,0.99999948786603388,-1.5493336790543579e-06
5.0118723362727398,0.99999948786454651,-1.5945750393434841e-06
5.1582216507230747,0.99999948786506987,-1.6411374711706701e-06
5.3088444423099022,0.99999948786496429,-1.689059550440155e-06
5.4638654988185618,0.99999948786589399,-1.7383809797875389e-06
5.6234132519035116,0.9999994878652233,-1.789142620894864e-06
5.787619883491228,0.99999948786478798,-1.8413865286742911e-06
5.9566214352901268,0.99999948786460291,-1.8951559860927709e-06
6.1305579214982302,0.99999948786468185,-1.950495540002847e-06
6.3095734448019556,0.99999948786503956,-2.0074510380482308e-06
6.493816315762138,0.99999948786373138,-2.0660696664473048e-06
6.6834391756861722,0.99999948786469928,-2.126399989882809e-06
6.8785991230881036,0.9999994878631806,-2.1884919907624688e-06
7.079457843841408,0.99999948786301163,-2.252397110606535e-06
7.286181745132307,0.99999948786321413,-2.3181682936181839e-06
7.4989420933245894,0.99999948786281578,-2.3858600300150568e-06
7.7179151558501564,0.99999948786200965,-2.4555284006234981e-06
7.9432823472428487,0.99999948786247295,-2.5272311245135789e-06
8.1752303794365346,0.99999948786158344,-2.601027605758531e-06
8.4139514164519866,0.99999948786119042,-2.6769789831306989e-06
8.6596432336006917,0.9999994878613252,-2.755148180729322e-06
8.9125093813374949,0.99999948786019555,-2.8355999601180191e-06
9.1727593538978365,0.99999948786147907,-2.9184009737879341e-06
9.4406087628592754,0.9999994878587477,-3.0036198210045699e-06
9.7162795157711059,0.9999994878594981,-3.091327103142964e-06
10.00000000000005,0.99999948785813153,-3.1815954844104678e-06
10.29200527194433,0.99999948785750958,-3.274499749944734e-06
10.59253725177294,0.99999948785767567,-3.3701168689490792e-06
10.90184492385133,0.99999948785685433,-3.4685260582262482e-06
11.220184543019689,0.99999948785677661,-3.569808847227514e-06
11.54781984689464,0.99999948785678072,-3.674049147680422e-06
11.88502227437024,0.99999948785512727,-3.7813333195985541e-06
12.23207119049937,0.99999948785538906,-3.891750246178496e-06
12.58925411794173,0.99999948785390791,-4.0053914053704573e-06
12.956866975170261,0.99999948785277981,-4.1223509459512806e-06
13.335214321633311,0.99999948785190484,-4.2427257669883948e-06
13.72460961007569,0.99999948785235249,-4.3666155961250704e-06
14.12537544622761,0.99999948785055759,-4.4941230735865678e-06
14.537843856076689,0.99999948784911019,-4.6253538362893817e-06
14.962356560944411,0.99999948784937531,-4.7604166068000079e-06
15.399265260595,0.99999948784766268,-4.899423281383457e-06
15.84893192461122,0.9999994878464894,-5.0424890244317636e-06
16.311729092278469,0.99999948784559056,-5.1897323623667033e-06
16.788040181225689,0.99999948784370452,-5.3412752829051071e-06
17.278259805078729,0.9999994878421008,-5.4972433365684584e-06
17.782794100389321,0.9999994878410372,-5.6577657400473992e-06
18.30206106311066,0.99999948783950776,-5.822975482568242e-06
18.836490894898109,0.99999948783765169,-5.9930094368957949e-06
19.386526359522179,0.99999948783468784,-6.1680084716721926e-06
19.952623149688911,0.99999948783462311,-6.3481175705857777e-06
20.53525026457158,0.99999948783288006,-6.5334859504131152e-06
21.13489039836659,0.99999948782963366,-6.7242671849171483e-06
21.75204034019535,0.99999948782675141,-6.9206193313859516e-06
22.387211385683528,0.99999948782570725,-7.1227050643650773e-06
23.040929760558591,0.9999994878227555,-7.3306918080517426e-06
23.713737056616701,0.99999948781996828,-7.5447518730003604e-06
24.40619068041995,0.99999948781690307,-7.7650626059435068e-06
25.118864315095959,0.99999948781444603,-7.9918065266763351e-06
25.852348395622069,0.9999994878111873,-8.2251714910080482e-06
26.607250597988269,0.99999948780797132,-8.4653508331288254e-06
27.38419634264379,0.99999948780384784,-8.7125435408721813e-06
28.183829312644718,0.99999948779833969,-8.9669544067332288e-06
29.00681198693173,0.99999948779457437,-9.2287942030242911e-06
29.853826189179792,0.99999948779132009,-9.4982798587234176e-06
30.725573652674669,0.99999948778655057,-9.7756346386250033e-06
31.622776601683999,0.99999948778124403,-1.006108832396645e-05
32.546178349804798,0.99999948777687631,-1.0354877406547029e-05
33.496543915782993,0.99999948777095959,-1.065724528410226e-05
34.474660657315177,0.99999948776622039,-1.096844246594956e-05
35.481338923357796,0.99999948775988623,-1.128872676837173e-05
36.517412725484029,0.99999948775283054,-1.1618363541608139e-05
37.583740428844678,0.99999948774645164,-1.1957625882702671e-05
38.681205463305503,0.99999948773944169,-1.2306794862490051e-05
39.810717055350011,0.99999948773231218,-1.2666159758477781e-05
40.973210981354448,0.99999948772323721,-1.3036018301882489e-05
42.169650342858532,0.99999948771428737,-1.341667690986488e-05
43.401026364474703,0.99999948770576685,-1.380845094778e-05
44.668359215096643,0.99999948769729285,-1.421166499327864e-05
45.972698853087557,0.999999487686969,-1.462665310353212e-05
47.315125896148409,0.99999948767672797,-1.5053759086268109e-05
48.696752516586677,0.99999948766410041,-1.5493336786617588e-05
50.118723362727607,0.9999994876502446,-1.594575039078388e-05
51.582216507230967,0.99999948763815871,-1.6411374708119509e-05
53.088444423099247,0.99999948762418256,-1.6890595501263331e-05
54.638654988185849,0.9999994876103061,-1.7383809794172971e-05
56.234132519035349,0.99999948759444035,-1.7891426206502049e-05
57.876198834912522,0.99999948757951873,-1.8413865282038991e-05
59.566214352901518,0.99999948756190971,-1.8951559855701971e-05
61.305579214982558,0.99999948754444234,-1.9504955394802979e-05
63.095734448019833,0.99999948752368284,-2.0074510376457271e-05
64.938163157621659,0.99999948750454948,-2.0660696660331371e-05
66.834391756862004,0.99999948748325251,-2.126399989259229e-05
68.785991230881322,0.99999948746026135,-2.1884919901975729e-05
70.794578438414376,0.99999948743583411,-2.252397109817079e-05
72.861817451323375,0.99999948740987965,-2.318168292859235e-05
74.989420933246208,0.99999948738375222,-2.385860029361905e-05
77.179151558501886,0.99999948735463362,-2.455528399803166e-05
79.432823472428822,0.99999948732528621,-2.5272311236114421e-05
81.752303794365702,0.99999948729391319,-2.601027604312003e-05
84.139514164520236,0.99999948725995658,-2.6769789814774391e-05
86.596432336007283,0.99999948722037002,-2.7551481791149281e-05
89.125093813375329,0.99999948718370546,-2.83559995832591e-05
91.727593538978766,0.99999948714288511,-2.9184009721020959e-05
94.40608762859317,0.99999948709980102,-3.0036198188856949e-05
97.162795157711486,0.9999994870561516,-3.0913271006267768e-05
100.0000000000009,0.99999948700567731,-3.1815954820336592e-05
102.9200527194437,0.99999948695548446,-3.2744997472894501e-05
105.9253725177299,0.99999948690313356,-3.3701168655090342e-05
109.0184492385138,0.999999486845218,-3.4685260549598963e-05
112.20184543019739,0.99999948678395012,-3.5698088441779388e-05
115.4781984689469,0.99999948671949024,-3.674049144094274e-05
118.8502227437029,0.99999948665151051,-3.7813333156459823e-05
122.3207119049943,0.99999948657980053,-3.891750241926983e-05
125.8925411794179,0.99999948650342207,-4.0053914003002032e-05
129.5686697517032,0.99999948642348169,-4.1223509407922293e-05
133.3521432163337,0.99999948633559443,-4.2427257610042597e-05
137.24609610075751,0.99999948624646851,-4.3666155898149152e-05
141.25375446227679,0.99999948615079037,-4.4941230666636781e-05
145.37843856076759,0.9999994860494209,-4.6253538291160953e-05
149.6235656094448,0.99999948594077026,-4.760416598478239e-05
153.9926526059507,0.99999948582637443,-4.8994232724775837e-05
158.4893192461129,0.99999948570544039,-5.0424890148169757e-05
163.1172909227854,0.9999994855781742,-5.1897323514009481e-05
167.8804018122577,0.99999948544287931,-5.3412752710271197e-05
172.78259805078801,0.99999948529899896,-5.4972433244855168e-05
177.82794100389401,0.99999948514829851,-5.6577657271910472e-05
183.02061063110739,0.99999948498471747,-5.8229754688815619e-05
188.36490894898191,0.99999948481501577,-5.9930094212860607e-05
193.8652635952227,0.99999948463387223,-6.1680084548061131e-05
199.52623149689001,0.9999994844423763,-6.3481175515882817e-05
205.3525026457167,0.99999948423922635,-6.533485930093776e-05
211.34890398366679,0.99999948402378713,-6.7242671628214799e-05
217.5204034019545,0.99999948379544679,-6.9206193070373749e-05
223.87211385683631,0.99999948355602819,-7.122705037868377e-05
230.409297605587,0.99999948329967558,-7.3306917787065672e-05
237.13737056616799,0.99999948302985309,-7.5447518411547872e-05
244.06190680420059,0.99999948274302408,-7.7650625706669627e-05
251.1886431509607,0.9999994824379087,-7.9918064889007283e-05
258.52348395622181,0.99999948211698253,-8.2251714488899559e-05
266.07250597988377,0.99999948177788811,-8.4653507894435578e-05
273.84196342643901,0.99999948141597372,-8.7125434937782638e-05
281.83829312644838,0.99999948103348546,-8.9669543532258953e-05
290.06811986931848,0.99999948062767718,-9.2287941448241691e-05
298.53826189179921,0.99999948019893814,-9.4982797959407094e-05
307.25573652674802,0.99999947974416936,-9.7756345690907476e-05
316.22776601684137,0.9999994792643353,-0.000100610882472878
325.4617834980495,0.99999947875221162,-0.00010354877323322219
334.96543915783138,0.99999947821322288,-0.0001065724519520069
344.74660657315331,0.99999947764197195,-0.000109684423685392
354.81338923357953,0.99999947703569914,-0.0001128872666106859
365.17412725484178,0.99999947639434195,-0.0001161836342527868
375.83740428844851,0.99999947571348491,-0.000119576257566106
386.81205463305662,0.99999947499445718,-0.00012306794723390899
398.10717055350187,0.99999947423002267,-0.00012666159608745419
409.73210981354629,0.99999947342333839,-0.0001303601813624547
421.69650342858722,0.99999947256583899,-0.00013416676731301951
434.01026364474899,0.99999947165990921,-0.00013808450752375091
446.68359215096842,0.99999947069905815,-0.00014211664779746611
459.72698853087769,0.99999946968316211,-0.0001462665287127494
473.15125896148618,0.99999946860476641,-0.00015053758831067479
486.96752516586901,0.99999946746414548,-0.0001549333651014577
501.18723362727837,0.99999946625512592,-0.00015945750086629129
515.82216507231192,0.99999946497467895,-0.000164113743760759
530.88444423099486,0.99999946361884329,-0.00016890595141576991
546.3865498818609,0.99999946218111313,-0.00017383809401484441
562.34132519035597,0.99999946065868384,-0.00017891425777995519
578.76198834912782,0.99999945904731224,-0.0001841386481441669
595.66214352901784,0.99999945733917273,-0.0001895155934581778
613.05579214982833,0.99999945553177527,-0.000195049548367296
630.95734448020119,0.99999945361171638,-0.0002007450976990471
649.38163157621955,0.99999945158075632,-0.00020660696001405739
668.34391756862317,0.99999944943086394,-0.00021263999173690561
687.85991230881643,0.99999944715463185,-0.0002188491911924295
707.94578438414703,0.99999944474158198,-0.00022523970245339991
728.61817451323714,0.99999944218705883,-0.00023181681998189901
749.89420933246561,0.99999943948020065,-0.0002385859927829849
771.79151558502247,0.99999943661313451,-0.00024555282893027019
794.32823472429186,0.99999943357668786,-0.00025272310028528019
817.52303794366071,0.99999943035789607,-0.0002601027473093688
841.39514164520619,0.9999994269516832,-0.00026769788383856398
865.96432336007683,0.99999942334299596,-0.00027551480227973812
891.25093813375736,0.99999941951691729,-0.00028355997887481032
917.27593538979181,0.99999941546829019,-0.00029184007870630821
944.06087628593605,0.99999941117911895,-0.00030036196171073071
971.62795157711923,0.99999940663430054,-0.00030913268810427061
1000.000000000014,0.99999940182242653,-0.00031815952414964587
1029.200527194442,0.99999939672372717,-0.0003274499485114108
1059.2537251773031,0.99999939132261428,-0.0003370116580058105
1090.184492385142,0.99999938559921153,-0.00034685257437415331
1122.0184543019791,0.99999937954042217,-0.00035698085052002172
1154.781984689474,0.99999937312244036,-0.00036740487737134061
1188.5022274370349,0.99999936632472419,-0.00037813329127967319
1223.207119049948,0.99999935912197668,-0.00038917498014112099
1258.9254117941839,0.99999935149246078,-0.0004005390920885326
1295.6866975170369,0.99999934341213181,-0.00041223504181155899
1333.5214321633421,0.99999933485156778,-0.0004242725191958287
1372.4609610075811,0.99999932578587225,-0.00043666149678749078
1412.537544622774,0.9999993161788383,-0.00044941223897452441
1453.784385607682,0.99999930600734988,-0.00046253530912322569
1496.235656094454,0.99999929523311393,-0.00047604157945909092
1539.926526059513,0.9999992838188223,-0.00048994223954389974
1584.8931924611361,0.99999927172823899,-0.00050424880581971738
1631.1729092278611,0.99999925892078345,-0.00051897313092254434
1678.804018122584,0.99999924535069118,-0.00053412741361910491
1727.8259805078881,0.99999923098611532,-0.00054972420859770836
1778.2794100389481,0.9999992157645381,-0.00056577643754950968
1830.2061063110821,0.99999919964003936,-0.00058229739950100916
1883.649089489827,0.99999918256077236,-0.000599300781541966
1938.652635952235,0.99999916446993575,-0.00061680067041434863
1995.262314968908,0.99999914530732259,-0.0006348115643580761
2053.525026457176,0.99999912501113275,-0.00065334838497340092
2113.4890398366779,0.99999910350681631,-0.00067242648965169316
2175.2040340195549,0.99999908073672128,-0.00069206168363523349
2238.7211385683731,0.9999990566114062,-0.00071227023423152142
2304.0929760558802,0.99999903105549592,-0.00073306888420997891
2371.373705661691,0.99999900398747021,-0.00075447486394096151
2440.6190680420168,0.99999897531717163,-0.00077650590794341786
2511.886431509618,0.99999894494799635,-0.000799180268259242
2585.2348395622298,0.9999989127772434,-0.00082251673002295585
2660.72505979885,0.99999887870122617,-0.00084653462646478469
2738.4196342644032,0.9999988426073454,-0.00087125385582195345
2818.3829312644971,0.99999880437300692,-0.00089669489759031606
2900.681198693198,0.99999876387027564,-0.00092287882805845961
2985.3826189180058,0.99999872097272458,-0.00094982734051396727
3072.5573652674939,0.99999867553053423,-0.00097756276030059198
3162.2776601684291,0.99999862739575252,-0.001006108065126126
3254.61783498051,0.99999857641174938,-0.0010354869044920431
3349.6543915783291,0.99999852240253628,-0.0010657236169216849
3447.466065731548,0.99999846519663438,-0.00109684325264786
3548.1338923358112,0.99999840459897649,-0.001128871593320982
3651.7412725484351,0.99999834041166724,-0.0011618351729226319
3758.3740428845022,0.99999827242057981,-0.001195761300390726
3868.1205463305841,0.99999820039855591,-0.00123067808234524
3981.071705535036,0.9999981241138246,-0.0012666144455134351
4097.3210981354814,0.9999980433067901,-0.0013036001616644191
4216.9650342858913,0.99999795771024647,-0.0013416658717244441
4340.1026364475092,0.99999786704301885,-0.0013808431112762791
4466.8359215097043,0.99999777100301368,-0.0014211643373103491
4597.2698853087977,0.99999766927020695,-0.0014626629535748909
4731.5125896148829,0.99999756151327013,-0.0015053733393398259
4869.6752516587121,0.99999744737132501,-0.001549330877874426
5011.872336272806,0.999997326461595,-0.001594571985175481
5158.2216507231424,0.99999719839308165,-0.0016411341413804291
5308.8444423099718,0.99999706273385303,-0.0016890559204869109
5463.8654988186336,0.99999691903532584,-0.0017383770225283201
5623.4132519035857,0.99999676682284555,-0.001789138306383998
5787.6198834913048,0.9999966055893591,-0.0018413818256526929
5956.6214352902061,0.99999643480144706,-0.0018951508591989791
6130.5579214983118,0.99999625389813307,-0.001950489950942917
6309.5734448020403,0.99999606227571503,-0.0020074449443149849
6493.8163157622248,0.99999585929830737,-0.0020660630237698328
6683.4391756862606,0.99999564428839127,-0.0021263927477239951
6878.5991230881946,0.99999541654688406,-0.0021884840954254918
7079.4578438415028,0.99999517530528803,-0.002252388503190554
7286.181745132405,0.99999491976964339,-0.002318158910433318
7498.9420933246902,0.99999464909688596,-0.0023858498009850689
7717.9151558502599,0.99999436238395578,-0.0024555172485823161
7943.2823472429554,0.99999405868186841,-0.0025272189665271299
8175.2303794366453,0.9999937369865497,-0.0026010143513945359
8413.9514164521006,0.99999339622531702,-0.002676964533158245
8659.6432336008074,0.99999303527287053,-0.002755132427849802
8912.5093813376134,0.99999265293717365,-0.002835582785757104
9172.75935389796,0.99999224794423491,-0.0029183822509586651
9440.6087628594032,0.99999181895643008,-0.0030035994090111301
9716.2795157712371,0.99999136454470339,-0.003091304851177765
10000.00000000018,0.99999088321280349,-0.003181571225455186
10292.00527194447,0.99999037335329399,-0.0032744733041085278
10592.537251773079,0.99998983329265223,-0.0033700880376332579
10901.84492385148,0.99998926122728282,-0.0034684946264729212
11220.184543019839,0.99998865526988601,-0.0035697745819633611
11547.819846894799,0.99998801340369114,-0.003674011791319876
11885.022274370411,0.99998733350800684,-0.0037812925947109349
12232.071190499541,0.99998661332482719,-0.0038917058488304791
12589.254117941909,0.99998585046849486,-0.0040053430038201063
12956.86697517044,0.99998504241429709,-0.0041222981789972076
13335.21432163349,0.99998418647835574,-0.0042426682425716518
13724.60961007588,0.99998327982827806,-0.004366552883171706
14125.37544622781,0.99998231945721672,-0.0044940547047902868
14537.84385607689,0.99998130218566794,-0.0046252793014668831
14962.35656094462,0.99998022463163627,-0.0047603353494808714
15399.26526059521,0.99997908323676721,-0.0048993346964749029
15848.931924611439,0.99997787421124373,-0.0050423924504391622
16311.7290922787,0.9999765935478736,-0.005189627079805869
16788.04018122593,0.99997523700743418,-0.0053411605048902053
17278.259805078971,0.99997380009102776,-0.0054971182083226652
17782.794100389568,0.99997227802793165,-0.0056576293285507794
18302.061063110919,0.99997066578903915,-0.0058228267681048329
18836.490894898368,0.99996895802121033,-0.0059928473092692126
19386.52635952245,0.99996714906890383,-0.0061678317238900333
19952.623149689189,0.99996523293959871,-0.0063479248855716633
20535.250264571871,0.99996320327587385,-0.0065332758854971433
21134.89039836689,0.99996105335583985,-0.006724038176430313
21752.040340195661,0.99995877605345651,-0.006920369671684308
22387.21138568384,0.99995636382790043,-0.0071224328885829786
23040.92976055892,0.99995380867572259,-0.007330395088744052
23713.737056617028,0.99995110213688143,-0.0075444283939009246
24406.190680420299,0.99994823524039189,-0.0077647099543445919
25118.864315096311,0.99994519849131625,-0.0079914220738396772
25852.34839562243,0.99994198181575578,-0.0082247523678636685
26607.250597988641,0.99993857456608959,-0.0084648939129764421
27384.19634264418,0.99993496544113081,-0.0087120454154469649
28183.829312645121,0.99993114249152881,-0.0089664113600600708
29006.811986932142,0.99992709305494909,-0.0092282021848324788
29853.826189180221,0.99992280370080777,-0.0094976344510345895
30725.57365267511,0.99991826022965369,-0.0097749310268218977
31622.776601684462,0.99991344757689349,-0.01006032125895371
32546.178349805268,0.99990834980545396,-0.010354041172406649
33496.54391578347,0.99990295002686769,-0.010656333641613889
34474.660657315668,0.99989723035663847,-0.01096744861163247
35481.3389233583,0.99989117183576748,-0.01128764328896509
36517.412725484552,0.99988475439841396,-0.01161718235794333
37583.740428845224,0.99987795679437852,-0.011956338180381569
38681.205463306047,0.9998707565010585,-0.01230539103836888
39810.717055350578,0.99986312966986657,-0.01266462934445846
40973.210981355027,0.99985505103691608,-0.013034349883600039
42169.650342859139,0.99984649385340418,-0.01341485803485775
43401.026364475329,0.99983742977268319,-0.01380646806294687
44668.359215097284,0.99982782878149612,-0.014209503304103451
45972.698853088223,0.9998176590912663,-0.01462429648573158
47315.125896149082,0.99980688701286013,-0.01505118995850987
48696.752516587381,0.99979547689187309,-0.01549053600169154
50118.723362728328,0.99978339094419588,-0.01594269704929294
51582.216507231708,0.99977058916607453,-0.016408046043453101
53088.444423100009,0.99975702916248255,-0.016886966697704418
54638.65498818663,0.99974266606345707,-0.01737985377946789
56234.132519036153,0.99972745231818239,-0.017887113481870751
57876.198834913353,0.99971133758249198,-0.018409163686358421
59566.214352902367,0.99969426852295462,-0.018946434335514219
61305.579214983431,0.9996761886565555,-0.019499367726030701
63095.734448020718,0.99965703816017848,-0.020068418904671911
64938.163157622577,0.99963675368268989,-0.020654055961792549
66834.391756862955,0.99961526811810297,-0.021256760459913381
68785.991230882297,0.99959251041060493,-0.021877027751941169
70794.578438415381,0.99956840528639435,-0.022515367399984929
72861.817451324416,0.99954287304091749,-0.023172303547671341
74989.420933247282,0.99951582925724658,-0.02384837529755154
77179.151558502999,0.99948718453222063,-0.024544137178026199
79432.823472429969,0.99945684419264846,-0.025260159504345191
81752.303794366875,0.99942470797108807,-0.025997028824834231
84139.514164521446,0.99939066967901657,-0.026755348385189431
86596.43233600854,0.99935461687868865,-0.02753573851026057
89125.093813376618,0.9993164304927693,-0.028338837132198109
91727.593538980087,0.99927598442545507,-0.02916530022092554
94406.087628594527,0.99923314514052863,-0.03001580222744557
97162.79515771287,0.99918777125108593,-0.03089103662277469
100000.0000000023,0.99913971302996063,-0.031791716361963603
102920.0527194452,0.99908881193315235,-0.032718574383825832
105925.3725177314,0.99903490009361196,-0.033672364123070217
109018.4492385153,0.99897779976351342,-0.0346538600082959
112201.845430199,0.99891732273776135,-0.035663858070084438
115478.1984689485,0.99885326975306143,-0.036703176335492603
118850.22274370459,0.99878542984308405,-0.037772655485478847
122320.711904996,0.99871357964704577,-0.038873159322077931
125892.5411794197,0.99863748268629726,-0.040005575412944201
129568.66975170501,0.99855688863827174,-0.041170815525166542
133352.14321633559,0.99847153246496001,-0.042369816304963712
137246.09610075949,0.99838113363647407,-0.043603539746924977
141253.7544622788,0.99828539517016612,-0.0448729738556609
145378.43856076969,0.99818400273277286,-0.046179133066378157
149623.5656094469,0.9980766235971954,-0.04752305901652018
153992.6526059529,0.99796290561474976,-0.04890582087852384
158489.31924611519,0.99784247606386067,-0.050328516159027822
163117.2909227878,0.99771494050763843,-0.051792271072388131
167880.4018122601,0.99757988152903354,-0.053298241149141973
172782.59805079049,0.99743685740964716,-0.054847611813586272
177827.94100389659,0.99728540075669414,-0.056441598837465613
183020.61063111009,0.99712501703045442,-0.058081448926179169
188364.9089489847,0.9969551830151675,-0.059768440182617871
193865.26359522549,0.99677534519741551,-0.061503882550836581
199526.2314968929,0.99658491802864169,-0.063289118281438267
205352.50264571971,0.99638328215726313,-0.065125522412737058
211348.90398366991,0.99616978251044364,-0.067014503022856178
217520.40340195771,0.99594372628136119,-0.068957501732891613
223872.11385683951,0.99570438085892354,-0.07095599388119439
230409.29760559031,0.99545097159655682,-0.073011488849827735
237137.37056617139,0.9951826794989862,-0.075125530200513851
244061.9068042041,0.99489863875916595,-0.077299695929893178
251188.64315096429,0.99459793421544307,-0.079535598374590774
258523.48395622551,0.99427959864180893,-0.081834884308874242
266072.50597988762,0.99394260994049544,-0.084199234862650366
273841.96342644299,0.99358588816219051,-0.086630365202263027
281838.29312645248,0.99320829242911546,-0.089130024289795926
290068.11986932269,0.99280861769434803,-0.091699994393675738
298538.26189180347,0.99238559123253534,-0.094342090966657008
307255.73652675247,0.99193786925855421,-0.097058161188404019
316227.766016846,0.99146403311867093,-0.099850083655508542
325461.7834980542,0.99096258545725746,-0.1027197672179751
334965.43915783631,0.990431946140097,-0.1056691497726418
344746.60657315818,0.98987044814371872,-0.1087001967137454
354813.38923358457,0.98927633311408736,-0.1118148993590983
365174.12725484709,0.98864774684391443,-0.1150152732701836
375837.40428845392,0.98798273464602837,-0.1183033555912088
386812.05463306222,0.98727923640529536,-0.1216812031123552
398107.17055350757,0.98653508161835379,-0.12515088907135119
409732.10981355218,0.98574798419046195,-0.12871450023776559
421696.50342859328,0.98491553706907065,-0.1323741334821015
434010.26364475518,0.98403520685240686,-0.13613189165832229
446683.5921509749,0.98310432808697334,-0.1399898794658801
459726.98853088432,0.98212009756232432,-0.14395019864735839
473151.25896149297,0.98107956853625033,-0.14801494243766769
486967.52516587602,0.97997964471034527,-0.1521861901410333
501187.23362728558,0.97881707434460841,-0.15646600037495581
515822.16507231939,0.97758844396142086,-0.1608564046030507
530884.44423100248,0.97629017267787355,-0.1653593987852032
546386.54988186876,0.97491850589110107,-0.1699769355196783
562341.32519036403,0.97346950950699396,-0.1747109146477698
578761.98834913608,0.97193906391946649,-0.1795631738061183
595662.14352902642,0.97032285839530652,-0.18453547742260121
613055.79214983713,0.96861638570204989,-0.18962950510190399
630957.34448021022,0.96681493672331742,-0.19484683959226121
649381.63157622877,0.96491359582154335,-0.2001889530488869
668343.91756863263,0.96290723564631597,-0.2056571939219238
687859.91230882623,0.96079051456806319,-0.2112527694021667
707945.78438415716,0.95855787247846469,-0.21697673070911719
728618.17451324756,0.95620352848103174,-0.22282995502741021
749894.20933247625,0.95372147906123295,-0.2288131275328241
771791.51558503346,0.95110549752213003,-0.2349267211806276
794328.23472430324,0.94834913389620912,-0.24117097688900191
817523.03794367239,0.94544571732259297,-0.2475458804435724
841395.14164521813,0.94238835845170232,-0.25405114073481022
865964.3233600891,0.93916995422748784,-0.26068616572054532
891250.93813377002,0.93578319384715669,-0.26745003756941632
917275.93538980489,0.93222056782716234,-0.27434148676012787
944060.87628594949,0.92847437701600022,-0.28135886658512371
971627.95157713315,0.92453674729189861,-0.28850012387643598
1000000.0000000281,0.92039964247529704,-0.29576277381838578
1029200.527194457,0.91605488376100264,-0.30314387045499791
1059253.725177319,0.91149417060452176,-0.31063997802490678
1090184.4923851581,0.90670910255935999,-0.31824714523961323
1122018.454301995,0.90169120983873829,-0.32596087403206009
1154781.9846894911,0.89643197998923185,-0.33377609614172499
1188502.2274370519,0.89092289603235564,-0.34168714366332331
1223207.1190499661,0.88515546993380623,-0.34968772806752452
1258925.4117942031,0.87912128896107788,-0.35777091353952928
1295686.697517056,0.87281205751018942,-0.3659290988655266
1333521.4321633619,0.86621964777037752,-0.37415400000943799
1372460.9610076011,0.8593361534693732,-0.38243663347727652
1412537.544622795,0.85215394654713905,-0.39076730765756229
1453784.3856077041,0.84466573400553457,-0.39913561760145161
1496235.656094477,0.83686462674754991,-0.40753044121070059
1539926.526059536,0.8287442014560602,-0.41593994675199591
1584893.1924611591,0.82029857276077867,-0.42435160191838178
1631172.909227886,0.81152246205384726,-0.43275219253286518
1678804.018122609,0.80241126570026122,-0.44112784911311981
1727825.980507914,0.79296113566082871,-0.44946407678109362
1778279.4100389751,0.78316904419325206,-0.45774579994076309
1830206.1063111089,0.77303285640586195,-0.4659574112554597
1883649.089489856,0.76255139852912834,-0.47408283056119921
1938652.6359522641,0.75172452572949411,-0.4821055734825147
1995262.314968938,0.74055317502295015,-0.49000882840359988
2053525.0264572061,0.72903942734675387,-0.4977755434158378
2113489.0398367089,0.71718654635929724,-0.50538852057063599
2175204.0340195871,0.70499902535703463,-0.51283051820760195
2238721.138568406,0.69248260864657185,-0.52008436146298753
2304092.9760559141,0.67964431150185978,-0.52713306006135219
2371373.7056617248,0.66649242743780279,-0.53395992805174342
2440619.068042052,0.65303651672970897,-0.54054871059961529
2511886.431509655,0.63928738577493571,-0.54688371261310853
2585234.839562268,0.62525705311333701,-0.5529499273883659
2660725.0597988889,0.61095869289208327,-0.55873316511300353
2738419.6342644431,0.59640656772078005,-0.56422017723857576
2818382.9312645379,0.58161595260466514,-0.56939878064887373
2900681.198693241,0.56660302463390078,-0.57425796582592081
2985382.6189180501,0.55138476080212895,-0.57878800764753435
3072557.3652675389,0.5359788028921717,-0.58298055554615524
3162277.660168475,0.52040332533349842,-0.58682871973922868
3254617.8349805572,0.5046768742482628,-0.59032713456975028
3349654.3915783782,0.48881821770879919,-0.59347201618229073
3447466.065731599,0.47284616486101622,-0.59626119237295561
3548133.8923358619,0.45677939949690399,-0.59869412596614502
3651741.2725484879,0.44063629612454502,-0.60077191413901088
3758374.042884557,0.42443473454723929,-0.60249726024938655
3868120.5463306401,0.40819192471640708,-0.60387445025248754
3981071.7055350952,0.39192421906129699,-0.60490928274411004
4097321.0981355412,0.37564693922773379,-0.60560900313783128
4216965.0342859523,0.359374201035564,-0.60598220287377724
4340102.6364475721,0.34311874976520579,-0.60603871820936206
4466835.9215097688,0.32689180160895731,-0.605789498378972
4597269.8853088636,0.31070289143964153,-0.60524646792456294
4731512.5896149511,0.29455973437748051,-0.60442237351173955
4869675.2516587824,0.27846809067332878,-0.60333061958070677
5011872.3362728786,0.26243164285570247,-0.60198508641702897
5158221.6507232171,0.2464518776387187,-0.60039994458692181
5308844.4423100492,0.23052798072891489,-0.59858945129059649
5463865.4988187132,0.21465672910074371,-0.59656774781974342
5623413.2519036671,0.19883239366272851,-0.59434862595534199
5787619.8834913895,0.1830466438555573,-0.59194530760403274
5956621.4352902919,0.16728844985637781,-0.58937017233913813
6130557.9214984002,0.15154398106805081,-0.58663451086727103
6309573.4448021324,0.13579650812980379,-0.58374821939507515
6493816.3157623187,0.1200262899596763,-0.58071947846698235
6683439.1756863575,0.1042104602896561,-0.57755440093136989
6878599.1230882937,0.08832289836276816,-0.57425662013437928
7079457.843841604,0.072334095332944714,-0.5708268284196687
7286181.7451325087,0.056211007603555331,-0.56726224307517614
7498942.0933247972,0.039916911391678557,-0.56355596532534691
7717915.1558503704,0.02341125235645666,-0.55969623444818584
7943282.3472430687,0.0066495111172572936,-0.55566553153046405
8175230.3794367621,-0.01041689139286526,-0.55143949664125524
8413951.4164522216,-0.027840657872740121,-0.54698562789113958
8659643.2336009331,-0.045678536436598291,-0.54226169874610541
8912509.3813377433,-0.063991117013049909,-0.53721384881996792
9172759.3538980931,-0.082842354970840748,-0.53177426850385645
9440608.7628595401,-0.1022987368926508,-0.52585841648924736
9716279.5157713778,-0.12242787481344961,-0.51936170238407531
10000000.00000033,-0.14329630216479849,-0.51215557015468283
10292005.27194462,-0.16496613944015501,-0.50408296768927274
10592537.251773231,-0.18749014156948529,-0.49495326542427009
10901844.92385163,-0.21090456669884999,-0.48453678236720582
11220184.543020001,-0.2352190807081925,-0.4725593610642832
11547819.846894961,-0.26040282103747231,-0.45869776323852651
11885022.274370581,-0.28636569165348891,-0.44257721287782631
12232071.190499719,-0.31293403716360452,-0.42377326921921871
12589254.117942089,-0.33982048798381281,-0.40182123673039988
12956866.975170629,-0.36658898762357178,-0.37623753988452019
13335214.32163368,-0.39261840518653879,-0.34655853920109569
13724609.610076079,-0.41707196930009649,-0.31240222199979562
14125375.446228011,-0.43888484020796642,-0.27355604972854908
14537843.856077099,-0.45678732785094139,-0.23008782893154331
14962356.560944829,-0.46938339498220771,-0.18246508497531691
15399265.260595441,-0.47529829336795382,-0.1316528490066661
15848931.924611671,-0.47339071330771609,-0.079146435696346967
16311729.092278929,-0.46299426877297162,-0.026895567069610861
16788040.181226172,-0.44412190100523308,0.022899725914767952
17278259.805079222,-0.4175561173439381,0.068093607323807773
17782794.100389831,-0.38477513174275191,0.10692146616012239
18302061.063111179,-0.34772482606901622,0.13825085538592569
18836490.894898649,-0.30850688986752639,0.16168457465235339
19386526.35952273,-0.26907904960679863,0.17750426177381171
19952623.149689481,-0.23104259804776511,0.18649986025618581
20535250.264572158,-0.19554569368092931,0.18975557564161791
21134890.398367189,-0.1632875840735962,0.18845345000658831
21752040.340195969,-0.13458693348802259,0.18372841734348641
22387211.38568417,-0.10947647792247379,0.17658192142934789
23040929.76055925,-0.087796860675101659,0.1678446972912454
23713737.056617372,-0.0692752437317357,0.15817335048453049
24406190.680420648,-0.053584124264405439,0.14806623095751689
25118864.315096669,-0.040381504555472347,0.13788782915345821
25852348.395622801,-0.029336010433156499,0.1278948625978833
26607250.597989019,-0.020140995288516352,0.118260385923705
27384196.342644569,-0.012521164450526799,0.10909434696425049
28183829.312645521,-0.0062344490474416309,0.1004602400449071
29006811.98693255,-0.001071070395362464,0.092388132515173957
29853826.189180639,0.003148899650988005,0.084884602424131553
30725573.65267555,0.006578652766217833,0.077940169045849453
31622776.601684909,0.0093479322604876521,0.071534763157497044
32546178.349805739,0.011566208279103809,0.065641696326407525
33496543.915783949,0.01332559764678354,0.06023050294094294
34474660.657316163,0.014703463418228381,0.055268943045700201
35481338.923358798,0.015764684999339869,0.050724390331422377
36517412.725485057,0.016563611934658901,0.04656477203872756
37583740.428845748,0.017145730031716919,0.042759185411053217
38681205.463306591,0.017549073955626219,0.039278281935460131
39810717.055351138,0.01780541881704973,0.036094488981248188
40973210.981355608,0.01794128344544638,0.033182115327862929
42169650.34285973,0.01797877362079588,0.030517378414206941
43401026.364475943,0.017936291656365851,0.028078378106873692
44668359.215097912,0.017829132191398561,0.025845035656555819
45972698.853088871,0.017669985288238751,0.023799010371599819
47315125.896149747,0.017469360070971919,0.02192360361425803
48696752.516588069,0.017235944194133719,0.020203655999693829
50118723.362729043,0.01697690872796908,0.018625441246546241
51582216.507232442,0.01669816780384174,0.017176560227866199
53088444.423100762,0.016404600155009611,0.015845835384176929
54638654.98818741,0.016100238251800202,0.01462320702215762
56234132.519036964,0.015788429445455891,0.01349963157802918
57876198.834914178,0.015471972357357099,0.012466982022072051
59566214.352903217,0.01515323107326725,0.01151795068770565
61305579.214984313,0.01483422891129639,0.01064595534064032
63095734.448021643,0.014516723284849129,0.0098450486611936817
64938163.157623507,0.014202263270426681,0.0091098332230070619
66834391.756863907,0.01389223145172892,0.008435382585019819
68785991.230883285,0.01358787152451676,0.0078171703707425877
70794578.438416392,0.013290304471702491,0.0072510081601467376
72861817.451325446,0.01300053520844437,0.0067329937871430396
74989420.933248341,0.012719453015497749,0.0062594694707884674
77179151.55850409,0.01244782783460407,0.0058269907020132711
79432823.472431093,0.012186305486813461,0.0054323039603673736
81752303.794368029,0.01193540345994651,0.0050723328536846964
84139514.164522633,0.01169550890591344,0.0047441701530513414
86596432.336009756,0.01146687985170367,0.0044450746312033633
89125093.813377872,0.01124964980104068,0.0041724703879455153
91727593.538981378,0.01104383560793902,0.003923947372454926
94406087.628595859,0.01084934813626706,0.0036972617786714271
97162795.157714248,0.01066600486140575,0.003490335328052434
100000000.0000037,0.010493543708550339,0.0033012531547556971
102920052.7194467,0.01033163722442965,0.0031282597642458511
105925372.5177329,0.010179906480553339,0.0029697534270619261
109018449.2385169,0.01003793412069443,0.0028242790284717608
112201845.43020061,0.0099052761778209621,0.002690519729166872
115478198.4689502,0.0097814724825636065,0.0025672877843342439
118850222.7437063,0.0096660554969420637,0.002453514969027648
122320711.9049978,0.0095585576406644491,0.0023482427643338908
125892541.1794215,0.0094585171773055657,0.0022506127206089778
129568669.7517069,0.0093654827970915989,0.002159857172749411
133352143.2163375,0.0092790170421702799,0.002075290356339262
137246096.10076141,0.0091986987878631167,0.0019963002190249491
141253754.46228081,0.0091241248930426424,0.001922340771043267
145378438.5607717,0.009054911231406039,0.0018529252028770379
149623565.60944909,0.0089906931842134389,0.001787619550362547
153992652.60595509,0.0089311257690430496,0.001726037090369956
158489319.24611741,0.008875883470645515,0.001667833221888602
163117290.92279011,0.0088246598536549439,0.001612700974691282
167880401.81226251,0.0087771670393445543,0.0015603669388648551
172782598.05079299,0.0087331350793271173,0.0015105876442120011
177827941.0038991,0.0086923112680139317,0.001463146358094943
183020610.63111269,0.0086544594145298859,0.001417850161697397
188364908.94898731,0.0086193590987644533,0.0013745273924202961
193865263.5952282,0.0085868049183944785,0.001333025293056759
199526231.4968957,0.0085566057322015148,0.0012932079452144881
205352502.6457226,0.0085285839201903694,0.001254954379806749
211348903.98367289,0.0085025746365497822,0.001218156887979796
217520403.4019607,0.0084784250927552735,0.001182719505473398
223872113.8568427,0.0084559938436400642,0.00114855665062143
230409297.60559359,0.0084351500902960473,0.0011155918881093759
237137370.56617481,0.0084157730074852118,0.001083756839854555
244061906.80420759,0.0083977510919802083,0.001052990211280467
251188643.1509679,0.008380981519824502,0.001023236911444847
258523483.95622921,0.0083653695502243618,0.00099444728481838879
266072505.97989139,0.008350827934262884,0.00096657642308047844
273841963.42644691,0.0083372763655153465,0.00093958357756881224
281838293.1264565,0.0083246409529585674,0.00091343161408308129
290068119.86932677,0.0083128537234678883,0.00088808656441405538
298538261.89180779,0.0083018521555336903,0.00086351721356917521
307255736.52675688,0.0082915787413031551,0.000839694760674578
316227766.01685047,0.0082819805788264134,0.00081659251076136613
325461783.49805892,0.0082730089925264049,0.00079418561784408025
334965439.15784103,0.0082646191818735188,0.00077245085077064484
344746606.57316321,0.0082567698941833027,0.0007513664140437272
354813389.23358959,0.0082494231294736337,0.00073091177096543266
365174127.25485241,0.008242543862519219,0.00071106751212161629
375837404.28845918,0.0082360997896520852,0.00069181522387281062
386812054.63306773,0.0082300611001168318,0.00067313739544580932
398107170.55351329,0.0082244002638309135,0.00065501732391806591
409732109.81355798,0.0082190918374862101,0.00063743903911704636
421696503.4285993,0.0082141122910275206,0.00062038724832404538
434010263.64476138,0.0082094398452823777,0.00060384727006837177
446683592.15098119,0.0082050543271822759,0.00058780499256884909
459726988.53089082,0.0082009370367600587,0.00057224683171390857
473151258.96149969,0.0081970706265962652,0.00055715970044657595
486967525.16588289,0.0081934389917367473,0.00054253097147274388
501187233.62729269,0.0081900271693638536,0.00052834845780194738
515822165.07232672,0.0081868212480631346,0.00051460038780284554
530884444.23101002,0.0081838082849157168,0.00050127538152692521
546386549.88187659,0.0081809762295026317,0.00048836243633395453
562341325.19037211,0.0081783138559196038,0.00047585091237259332
578761988.34914434,0.0081758106987650288,0.00046373051370224142
595662143.52903485,0.0081734569965932497,0.00045199128107792998
613055792.14984584,0.0081712436388635904,0.00044062357513652571
630957344.48021913,0.0081691621187297437,0.00042961806954380349
649381631.57623804,0.0081672044882522121,0.00041896574022903609
668343917.56864214,0.0081653633183831429,0.000408657851170675
687859912.30883598,0.0081636316624588787,0.00039868595852929123
707945784.38416719,0.0081620030216975545,0.00038904188635848971
728618174.51325786,0.0081604713141722861,0.00037971773410254878
749894209.33248687,0.0081590308463532178,0.00037070586017938799
771791515.58504438,0.008157676286467715,0.00036199887935669649
794328234.72431445,0.0081564026401265768,0.00035358965449133392
817523037.94368398,0.0081552052280760984,0.00034547129234479591
841395141.64523005,0.0081540796651622012,0.00033763713595264628
865964323.36010134,0.0081530218415227507,0.00033008076104415642
891250938.13378263,0.008152027904754066,0.00032279597167942509
917275935.38981783,0.0081510942433801331,0.00031577679085885083
944060876.28596282,0.0081502174720880644,0.00030901745949902599
971627951.57714677,0.0081493944172877034,0.00030251243164679481
1000000000.000042,0.0081486221046454844,0.0002962563682360345
