frequency_Hz,T_real,T_imag
1,88531.3147686796,-2660.2074016813499
1.02920052719443,88526.57527791,-2737.7400532156798
1.05925372517729,88521.564810944896,-2817.52406947598
1.09018449238513,88516.258067036295,-2899.6234621886201
1.12201845430196,88510.637573489395,-2984.1045502413699
1.15478198468946,88504.684825569202,-3071.0354727150102
1.1885022274370201,88498.380220696796,-3160.4862311678899
1.2232071190499301,88491.687762119094,-3252.5276113607501
1.2589254117941699,88484.616026787902,-3347.2356863525602
1.29568669751702,88477.126495548597,-3444.6852154291701
1.33352143216333,88469.194562713601,-3544.95408703467
1.37246096100756,88460.794186831801,-3648.1222703600702
1.4125375446227599,88451.897794557604,-3754.27185771531
1.45378438560766,88442.4762110921,-3863.4871091790401
1.4962356560944301,88432.498548428106,-3975.8544937499901
1.5399265260594901,88421.932127457607,-4091.4627332569498
1.58489319246111,88410.727131358901,-4210.4013888454101
1.63117290922784,88398.877423336904,-4332.7666747283602
1.6788040181225601,88386.3290367257,-4458.6528998711301
1.72782598050787,88373.040999805598,-4588.1581983201304
1.7782794100389201,88358.961221313002,-4721.38221529985
1.83020610631106,88344.061299152396,-4858.4298573840697
1.8836490894897999,88328.268793010793,-4999.4040685009404
1.93865263595221,88311.562760100496,-5144.4163691803296
1.99526231496888,88293.873717297596,-5293.5757743589102
2.0535250264571498,88275.144264918403,-5446.9955707805202
2.1134890398366499,88255.298534521295,-5604.7897243437301
2.1752040340195302,88234.302636179404,-5767.0805697953401
2.2387211385683399,88212.073546586107,-5933.9873960652803
2.3040929760558502,88188.530830893098,-6105.6328049172398
2.3713737056616599,88163.600906834996,-6282.14346419919
2.4406190680419799,88137.225147545294,-6463.6515511058296
2.5118864315095899,88109.303726745493,-6650.2866675874102
2.5852348395622,88079.732083318406,-6842.1807608054496
2.6607250597988199,88048.445792006998,-7039.4753336824697
2.7384196342643699,88015.306248073903,-7242.3035619096099
2.8183829312644599,87980.255288207394,-7450.8150156114698
2.9006811986931602,87943.142873382298,-7665.1474994670898
2.9853826189179702,87903.881394265001,-7885.4527649229603
3.0725573652674498,87862.308214335499,-8111.8726607297604
3.1622776601683902,87818.339426522507,-8344.5667208973591
3.2546178349804702,87771.798380905602,-8583.6806252628994
3.3496543915782899,87722.5691377451,-8829.3748932468607
3.4474660657315002,87670.459687047696,-9081.7981527397405
3.5481338923357599,87615.339933445299,-9341.1147137350108
3.65174127254839,87557.030549996794,-9607.4819492770093
3.7583740428844501,87495.3578715068,-9881.0614194831705
3.8681205463305299,87430.119750505401,-10162.0111432992
3.98107170553499,87361.114487635496,-10450.4917737264
4.0973210981354304,87288.148894744998,-10746.668737247201
4.21696503428584,87210.993491099594,-11050.701155721301
4.3401026364474502,87129.407455610693,-11362.7472307839
4.4668359215096496,87043.154819940202,-11682.968326940099
4.5972698853087399,86951.987118212797,-12011.5243959045
4.7315125896148196,86855.603561445998,-12348.5620336474
4.8696752516586503,86753.766556223301,-12694.246845673701
5.0118723362727398,86646.133722693296,-13048.714592125199
5.1582216507230703,86532.430620048806,-13412.121328393299
5.3088444423099004,86412.310451076803,-13784.6007382112
5.46386549881856,86285.443600886298,-14166.290891459899
5.6234132519035098,86151.452276379394,-14557.3123790994
5.7876198834912298,86009.976735743403,-14957.789544151799
5.9566214352901303,85860.626262570499,-15367.8332864487
6.1305579214982302,85702.992979407703,-15787.5445681563
6.30957344480196,85536.651465771807,-16217.013174014999
6.4938163157621398,85361.144767763501,-16656.310852025101
6.6834391756861704,85176.038940124403,-17105.511957534301
6.8785991230881001,84980.819230941896,-17564.6498919279
7.0794578438414097,84775.016676881001,-18033.767795460801
7.2861817451323097,84558.106732835993,-18512.874689770098
7.4989420933245903,84329.546599842695,-19001.958792444399
7.71791515585016,84088.784813551494,-19500.990234646699
7.9432823472428504,83835.260875918,-20009.919506110899
8.1752303794365293,83568.366967046197,-20528.655914442301
8.4139514164519902,83287.509632226604,-21057.095966859899
8.6596432336006899,82992.065894572006,-21595.0989487511
8.9125093813374896,82681.384829003699,-22142.483867396499
9.17275935389784,82354.826132174698,-22699.048215844199
9.4406087628592807,82011.716721265402,-23264.540414440598
9.7162795157711095,81651.392784380296,-23838.6811991135
10,81273.141208075496,-24421.123523176899
10.2920052719443,80876.285652014805,-25011.503030436899
10.5925372517729,80460.125335385994,-25609.395718636999
10.9018449238513,80023.945526002397,-26214.319023517299
11.2201845430197,79567.0544218328,-26825.7537428379
11.547819846894599,79088.735222977703,-27443.104427072201
11.885022274370201,78588.318786200805,-28065.749669704801
12.232071190499401,78065.111260347097,-28692.981350566701
12.589254117941699,77518.436730873203,-29324.031215133298
12.9568669751703,76947.661471179905,-29958.087591561602
13.3352143216333,76352.163368483103,-30594.264156647001
13.724609610075699,75731.348351214299,-31231.6077509184
14.125375446227601,75084.671827558705,-31869.113822287101
14.5378438560767,74411.607639285605,-32505.6894727207
14.9623565609444,73711.697880517197,-33140.197888989504
15.399265260595,72984.542166801097,-33771.444005607402
15.8489319246112,72229.779919818306,-34398.147382316303
16.311729092278501,71447.129069624498,-35018.980103345501
16.7880401812257,70636.400359626001,-35632.583077796698
17.278259805078701,69797.458489598706,-36237.511394269699
17.7827941003893,68930.2684313598,-36832.2892739694
18.302061063110699,68034.892935350494,-37415.406094794103
18.836490894898098,67111.490708972196,-37985.311402540698
19.3865263595222,66160.322903547407,-38540.422030420901
19.9526231496889,65181.759877081997,-39079.131613083096
20.535250264571602,64176.301256087303,-39599.849220678603
21.134890398366601,63144.553277649196,-40100.961782710598
21.7520403401954,62087.242539688297,-40580.861432046899
22.3872113856835,61005.226461937702,-41037.975909370602
23.040929760558601,59899.485061826403,-41470.762474017698
23.713737056616701,58771.116511842098,-41877.707007199599
24.40619068042,57621.345078703001,-42257.359358818299
25.118864315096001,56451.513866351001,-42608.335144580902
25.852348395622101,55263.080594683401,-42929.327304814498
26.607250597988301,54057.612040893102,-43219.117329402397
27.384196342643801,52836.775419718397,-43476.577118846697
28.183829312644701,51602.335342232604,-43700.701338221901
29.006811986931702,50356.140392627,-43890.601008404599
29.853826189179799,49100.113124843301,-44045.512003416203
30.725573652674701,47836.238498858802,-44164.794631814097
31.622776601683999,46566.554428623902,-44247.966248279103
32.546178349804798,45293.136282133499,-44294.6909174588
33.496543915783001,44018.083409193699,-44304.7651381631
34.474660657315198,42743.5067038583,-44278.149609032902
35.481338923357796,41471.513191160302,-44214.963817590797
36.517412725484,40204.193416232803,-44115.460006424997
37.583740428844699,38943.6069767761,-43980.048140086597
38.681205463305503,37691.770590809298,-43809.273829018202
39.810717055349997,36450.641161712098,-43603.843620138301
40.973210981354399,35222.110209909799,-43364.572309038304
42.169650342858503,34007.988910776403,-43092.406383103596
43.401026364474703,32810.0015944552,-42788.397918229501
44.668359215096601,31629.766834640399,-42453.733641879102
45.9726988530876,30468.805661586201,-42089.662916447502
47.315125896148402,29328.526165234602,-41697.525520838703
48.696752516586699,28210.215216271801,-41278.746149443003
50.1187233627276,27115.041378954102,-40834.802553241898
51.582216507231003,26044.052453337601,-40367.216613967597
53.088444423099197,24998.168576805299,-39877.556246449203
54.638654988185799,23978.1883178352,-39367.409910153998
56.234132519035299,22984.789184856301,-38838.378390754398
57.876198834912501,22018.5227323123,-38292.077560525198
59.566214352901497,21079.8313643785,-37730.1034943962
61.3055792149826,20169.036958221601,-37154.050727973801
63.095734448019797,19286.356001051601,-36565.485481599797
64.938163157621702,18431.902049480701,-35965.943190088299
66.834391756862004,17605.688334988299,-35356.925991062897
68.785991230881294,16807.641352693601,-34739.886422679701
70.794578438414405,16037.596994130699,-34116.235967554203
72.861817451323404,15295.3171018988,-33487.327608107596
74.989420933246194,14580.4908975406,-32854.459136140598
77.1791515585019,13892.7389184066,-32218.872898159101
79.432823472428794,13231.630249027799,-31581.742005873901
81.752303794365702,12596.6794162512,-30944.1796141505
84.139514164520193,11987.350449481801,-30307.239533539901
86.596432336007297,11403.0762773439,-29671.902877604502
89.125093813375301,10843.248107531401,-29039.093934211702
91.727593538978795,10307.2341575712,-28409.668323157799
94.406087628593198,9794.3800845873502,-27784.418610831901
97.1627951577115,9304.0114138517802,-27164.0775313755
100.00000000000099,8835.4420858875601,-26549.3162154481
102.920052719444,8387.9744177632092,-25940.749371787198
105.92537251773,7960.9054562196097,-25338.935215319001
109.01844923851399,7553.5336905074801,-24744.375522527502
112.201845430197,7165.1558636834598,-24157.5225055476
115.478198468947,6795.0729147571801,-23578.778895019201
118.850222743703,6442.5909375339597,-23008.501389834499
122.320711904994,6107.0296926792398,-22446.999310703399
125.892541179418,5787.71302646595,-21894.5441621684
129.568669751703,5483.9839394629898,-21351.364120345799
133.35214321633401,5195.1935356041604,-20817.6537602649
137.246096100758,4920.7091778964104,-20293.572415891202
141.25375446227699,4659.9168732485696,-19779.245907503799
145.37843856076799,4412.2178382427001,-19274.7711332045
149.623565609445,4177.0298214868399,-18780.2178082377
153.99265260595101,3953.78866787688,-18295.630033057201
158.48931924611301,3741.94894769141,-17821.028201394802
163.117290922785,3540.9847741124599,-17356.410713776801
167.88040181225799,3350.3871529745702,-16901.757029106499
172.78259805078801,3169.66587730127,-16457.0285416808
177.82794100389401,2998.3498434467001,-16022.170093319601
183.02061063110699,2835.9846760790801,-15597.1123846142
188.36490894898199,2682.1363997971198,-15181.771934370699
193.86526359522301,2536.3873052071099,-14776.053933178
199.52623149689001,2398.3358162397999,-14379.8533861534
205.35250264571701,2267.6009429279402,-13993.0546069922
211.34890398366699,2143.81409740047,-13615.535048985799
217.52040340195401,2026.6260278728901,-13247.163807078699
223.87211385683599,1915.7014751996501,-12887.8042131569
230.409297605587,1810.72063641714,-12537.314074813999
237.13737056616799,1711.37904430156,-12195.5463876759
244.06190680420099,1617.38574064776,-11862.350501871701
251.18864315096101,1528.46289102327,-11537.5727425121
258.52348395622198,1444.34794950736,-11221.056314657701
266.072505979884,1364.7887490436999,-10912.6431113321
273.84196342643901,1289.54673131053,-10612.1732066411
281.83829312644798,1218.3946555570201,-10319.485845371
290.06811986931802,1151.1160310898899,-10034.419874555
298.53826189179898,1087.5059376379199,-9756.8138334319992
307.25573652674802,1027.36907596948,-9486.5066716720194
316.22776601684097,970.52034264480005,-9223.3378268316992
325.46178349804899,916.78402379135798,-8967.1476088500694
334.96543915783099,865.99308457807399,-8717.7775087235404
344.74660657315297,817.98932025762394,-8475.0703203770208
354.81338923357998,772.62252117629998,-8238.87042870802
365.17412725484201,729.75083187399798,-8009.0238567869301
375.83740428844902,689.238604158052,-7785.3787546678104
386.81205463305702,650.95824683395995,-7567.7851257741404
398.10717055350199,614.78883937846297,-7356.0951490240304
409.732109813546,580.61534076768896,-7150.1633556717698
421.69650342858699,548.32907606734398,-6949.8465810553798
434.01026364474899,517.82729878654004,-6755.0040639794797
446.68359215096802,489.012138073404,-6565.4976286247802
459.72698853087797,461.79170252390901,-6381.1915137327596
473.15125896148601,436.07849002666802,-6201.9526228845798
486.96752516586901,411.78986044045502,-6027.6504370042803
501.18723362727798,388.84762334174599,-5858.1570629872704
515.82216507231203,367.17784162531098,-5693.3472414551497
530.88444423099497,346.71040931205101,-5533.0983779895196
546.38654988186101,327.37931149424901,-5377.2904792652298
562.34132519035597,309.12166404040499,-5225.80624424903
578.76198834912805,291.87852474542598,-5078.5309271985398
595.66214352901795,275.59376053688101,-4935.3524371079702
613.05579214982799,260.21436188617798,-4796.1612569635499
630.95734448020096,245.69039159624799,-4660.8504064743302
649.38163157622,231.97454855507101,-4529.3154495101899
668.34391756862306,219.021989725948,-4401.4544608217702
687.85991230881598,206.79050144446401,-4277.1679646787597
707.94578438414703,195.24019430832499,-4156.3589163961897
728.61817451323702,184.333190225994,-4038.93268133841
749.89420933246595,174.03382448062001,-3924.7969690442601
771.79151558502201,164.308405467005,-3813.8618040316001
794.32823472429197,155.12507813939399,-3706.0394845754399
817.52303794366105,146.45366928538701,-3601.2445519848002
841.39514164520597,138.26578814032001,-3499.39372491115
865.96432336007695,130.53452465419599,-3400.4058784369099
891.25093813375702,123.234512316584,-3304.20198590064
917.27593538979204,116.34175378015,-3210.70508566131
944.06087628593605,109.833587293166,-3119.8402302549398
971.62795157711901,103.688597389118,-3031.5344492955501
1000.00000000001,97.886565754709594,-2945.7167002513602
1029.2005271944399,92.408409396195793,-2862.3178237037901
1059.2537251773001,87.236073110587796,-2781.27050968812
1090.1844923851399,82.352512295980503,-2702.5092484798001
1122.01845430198,77.741650551016093,-2625.9702869062999
1154.7819846894699,73.388266170445604,-2551.59159267428
1188.5022274370299,69.278018305703,-2479.3128065204301
1223.2071190499501,65.397314257921394,-2409.07520814701
1258.92541179418,61.733416927866799,-2340.8216658571901
1295.6866975170401,58.274189086544503,-2274.4966114743702
1333.52143216334,55.008209193588499,-2210.0459917080102
1372.46096100758,51.924708980003402,-2147.4172303354599
1412.5375446227699,49.013505828876397,-2086.5591944808398
1453.78438560768,46.264966915638098,-2027.4221562955499
1496.23565609445,43.6700272359694,-1969.9577556552899
1539.92652605951,41.220108581335602,-1914.1189660262201
1584.89319246114,38.9071031226146,-1859.8600602951401
1631.1729092278599,36.723394516353899,-1807.1365741710299
1678.8040181225799,34.661719850356697,-1755.90527863642
1727.8259805078901,32.715295737648603,-1706.1241403464901
1778.2794100389499,30.8776757733098,-1657.7522951777701
1830.20610631108,29.1427742525638,-1610.7500148838401
1883.64908948983,27.504869924800101,-1565.0786767853699
1938.65263595223,25.9585251814065,-1520.7007355718099
1995.26231496891,24.498631397237499,-1477.5796920181799
2053.52502645718,23.120360909333201,-1435.6800672593599
2113.4890398366801,21.819150774124701,-1394.96737369062
2175.2040340195499,20.590686064358501,-1355.4080881929499
2238.72113856837,19.430918512386,-1316.9696267217901
2304.0929760558802,18.335998762654601,-1279.6203169057101
2371.3737056616901,17.302299127921302,-1243.3293758836401
2440.61906804202,16.3264062221286,-1208.0668830254999
2511.8864315096198,15.405079086987,-1173.8037592011001
2585.2348395622298,14.5352777597522,-1140.51174059764
2660.72505979885,13.7141128332129,-1108.1633591668699
2738.4196342644,12.9388708859401,-1076.73191793458
2818.3829312644998,12.206982389162601,-1046.19147179891
2900.6811986931998,11.516025265373401,-1016.516805887
2985.3826189180099,10.863706547630199,-987.68341573279804
3072.5573652674898,10.2478683533449,-959.66748636541899
3162.27766016843,9.6664764844506603,-932.44587444559795
3254.61783498051,9.1175985259356001,-905.99608960036505
3349.65439157833,8.5994186999695597,-880.29627513322498
3447.4660657315499,8.1102176720403705,-855.32519120588302
3548.1338923358098,7.6483779535826901,-831.06219756063399
3651.7412725484401,7.2123691132875596,-807.48723643928497
3758.3740428844999,6.8007449617499001,-784.58081696882198
3868.1205463305801,6.4121457811891496,-762.32399787456905
3981.0717055350401,6.0452798272906101,-740.69837379556304
4097.3210981354796,5.6989340474080601,-719.68605934982702
4216.9650342858904,5.3719605375390396,-699.26967467054897
4340.1026364475101,5.0632742512604496,-679.43233135988999
4466.8359215096998,4.7718536372328204,-660.15761851931404
4597.2698853088004,4.4967341137224999,-641.42958905398098
4731.5125896148802,4.2370020972892002,-623.23274760427898
4869.6752516587103,3.9917983013170599,-605.55203679640601
5011.8723362728097,3.7603092002841199,-588.37282541628099
5158.2216507231396,3.5417690104483102,-571.68089632733597
5308.84444230997,3.33545104257432,-555.462435007061
5463.8654988186299,3.1406749805073102,-539.70401778950497
5623.4132519035902,2.9567937469332999,-524.39260088183198
5787.6198834913002,2.7831977249783599,-509.51551048172399
5956.6214352902098,2.6193123836769101,-495.06043112900102
6130.55792149831,2.4645925451317701,-481.01539648705398
6309.5734448020403,2.3185286828364999,-467.36877872748198
6493.8163157622203,2.1806341806098901,-454.10928002833498
6683.4391756862597,2.0504535080926698,-441.22592193170698
6878.59912308819,1.92755411154738,-428.70803770344497
7079.4578438415001,1.81152980255463,-416.54526232026302
7286.1817451324096,1.70199507770322,-404.72752499085198
7498.9420933246902,1.5985876444868801,-393.24503975912899
7717.9151558502599,1.5009642326374899,-382.08829829881603
7943.28234724296,1.40880232946645,-371.24806179428703
8175.2303794366499,1.3217950192685299,-360.71535310185101
8413.9514164521006,1.2396549023288499,-350.48144992449102
8659.6432336008093,1.1621092006229701,-340.537876860371
8912.5093813376097,1.0889018784261999,-330.87639867631401
9172.75935389796,1.0197888192667599,-321.48901404475799
9440.6087628593996,0.95454203348069799,-312.367948181749
9716.2795157712408,0.89294535202258696,-303.50564682208602
10000.0000000002,0.834794213855376,-294.89476971576102
10292.005271944499,0.77989540023598103,-286.52818509204201
10592.537251773099,0.72806788075979101,-278.398963122037
10901.8449238515,0.67913960269250195,-270.50037050253701
11220.184543019799,0.63294791377005399,-262.82586507866102
11547.819846894799,0.58934034995925899,-255.36908990098499
11885.0222743704,0.54817198768506004,-248.12386856844799
12232.071190499501,0.50930672538398702,-241.084199616783
12589.2541179419,0.47261529005700897,-234.24425204692801
12956.8669751704,0.43797667282955999,-227.598359944609
13335.214321633501,0.40527523021730799,-221.14101831681799
13724.6096100759,0.37440328299869502,-214.86687827007299
14125.375446227799,0.345258218360316,-208.77074242796999
14537.843856076899,0.31774353224545498,-202.84756100909399
14962.3565609446,0.291767925175757,-197.092427489741
15399.265260595201,0.26724532392150102,-191.50057434034699
15848.931924611399,0.24409451483504299,-186.06736947092901
16311.7290922787,0.22223873818714299,-180.78831200450199
16788.040181225901,0.20160563428755801,-175.659028786085
17278.259805079,0.18212653576680299,-170.67527085503301
17782.794100389601,0.16373715834227001,-165.83290948569399
18302.061063110901,0.14637637904692899,-161.12793336742601
18836.490894898401,0.12998687976239801,-156.55644472589401
19386.526359522399,0.114514119696164,-152.11465656674699
19952.6231496892,0.099906867313390296,-147.79888923191001
20535.2502645719,0.086116731184067596,-143.605567351199
21134.890398366901,0.073097992744446297,-139.531217136652
21752.040340195701,0.060807542626241502,-135.57246331120299
22387.2113856838,0.049204582427998897,-131.72602627466799
23040.929760558902,0.038250584406405899,-127.98871956052901
23713.737056616999,0.027909390709603601,-124.357446994645
24406.190680420299,0.0181467026279689,-120.829200284322
25118.8643150963,0.0089300602238296303,-117.40105655956
25852.348395622401,0.00022904318045663199,-114.070175687617
26607.250597988601,-0.0079852644085610502,-110.83379829377201
27384.196342644202,-0.015740117024232999,-107.689243231367
28183.829312645099,-0.023061178049425299,-104.63390531961301
29006.811986932102,-0.029972701565442902,-101.665253453985
29853.826189180199,-0.036497627007002001,-98.780828207385596
30725.573652675099,-0.0426575707416589,-95.978239963255803
31622.776601684502,-0.048472901060069802,-93.255166872819899
32546.178349805301,-0.0539629613362754,-90.609353029342799
33496.543915783499,-0.059145918710897,-88.038606495299405
34474.660657315697,-0.064039011480101701,-85.540797526268605
35481.3389233583,-0.068658333959647905,-83.113856698879999
36517.412725484603,-0.073019301457749305,-80.755773510881497
37583.740428845202,-0.077136342105946901,-78.464594314230794
38681.205463306003,-0.081023102104834002,-76.238420949406304
39810.7170553506,-0.084692429053259299,-74.0754091145986
40973.210981354998,-0.088156533825922395,-71.973766854218397
42169.650342859102,-0.091426902620832806,-69.931753026885104
43401.026364475299,-0.094514317400107101,-67.947675851102503
44668.359215097298,-0.097429064504839999,-66.019891657913405
45972.698853088201,-0.10018078895542,-64.146803268414899
47315.125896149097,-0.102778606470596,-62.326858935216599
48696.752516587403,-0.10523114115165599,-60.558550871499101
50118.723362728299,-0.10754649924412001,-58.840414085743198
51582.2165072317,-0.10973237799534701,-57.1710251747295
53088.444423100002,-0.111796007430495,-55.549001081239197
54638.654988186601,-0.113744237423462,-53.972998009742597
56234.132519036197,-0.11558351311328,-52.441710298252602
57876.198834913397,-0.117319953417358,-50.953869292390998
59566.214352902403,-0.11895929371619,-49.508242397486001
61305.579214983401,-0.120506972305624,-48.103631906408403
63095.734448020703,-0.12196812538922,-46.738874160528603
64938.163157622599,-0.123347593178292,-45.412838513755702
66834.391756862999,-0.12464993566070599,-44.124426325956101
68785.991230882297,-0.12587949273171101,-42.8725702455095
70794.578438415396,-0.12704031948630701,-41.656233098595898
72861.817451324401,-0.12813627509508799,-40.4744071959256
74989.420933247296,-0.12917098982419001,-39.326113423653403
77179.151558502999,-0.130147890384161,-38.210400449427297
79432.823472429998,-0.13107021737709601,-37.1263439389529
81752.303794366904,-0.13194102921456699,-36.0730457756449
84139.514164521403,-0.13276320644642101,-35.049633317315802
86596.432336008496,-0.133539480141528,-34.055258700745902
89125.093813376603,-0.13427242720351401,-33.0890981134092
91727.593538980102,-0.13496445858990599,-32.150351105717498
94406.087628594498,-0.13561789193420001,-31.238239944713701
97162.795157712899,-0.13623487555685401,-30.352008980609899
100000.00000000199,-0.13681746510292001,-29.490924005984901
102920.052719445,-0.13736758568135299,-28.6542715910563
105925.372517731,-0.137887064257395,-27.841358616570702
109018.44923851499,-0.13837762138078299,-27.051511605466999
112201.845430199,-0.138840881604303,-26.284076170227198
115478.198468948,-0.13927837714748001,-25.538416512036999
118850.222743705,-0.13969156919026701,-24.8139148863172
122320.711904996,-0.14008181676637399,-24.109971048174799
125892.54117942,-0.14045041850818199,-23.426001793235201
129568.66975170501,-0.14079859552603799,-22.761440465806
133352.143216336,-0.141127500223372,-22.1157365110674
137246.09610075899,-0.14143822158496999,-21.488354941093402
141253.754462279,-0.141731795336834,-20.878776017444501
145378.43856077001,-0.14200919095758299,-20.286494712480401
149623.56560944699,-0.14227132440287399,-19.7110203144947
153992.65260595299,-0.14251907083607099,-19.151876077646101
158489.31924611499,-0.142753247682148,-18.608598752238301
163117.290922788,-0.14297463301369001,-18.080738252940002
167880.40181226001,-0.14318395778333501,-17.567857239282201
172782.59805078999,-0.143381919758853,-17.0695308238104
177827.94100389699,-0.14356917260868801,-16.5853461435672
183020.61063111,-0.14374633687738,-16.1149020575665
188364.90894898499,-0.143914001311786,-15.657808822377
193865.263595225,-0.144072719540672,-15.2136877380341
199526.23149689299,-0.14422301892089201,-14.7821708563957
205352.50264572,-0.144365398232178,-14.3629006838907
211348.90398367,-0.144500328095715,-13.955529860850101
217520.403401958,-0.144628256671674,-13.559720881263599
223872.11385684001,-0.14474960654740399,-13.1751458299773
230409.29760558999,-0.14486478225074501,-12.801486102943301
237137.37056617101,-0.144974163437152,-12.438432118922201
244061.90680420399,-0.14507811367119,-12.0856831002466
251188.643150964,-0.14517697751049599,-11.7429467994316
258523.483956226,-0.145271081871887,-11.4099392643356
266072.50597988802,-0.14536073943357899,-11.0863846010239
273841.96342644299,-0.145446246498521,-10.772014755501701
281838.29312645202,-0.145527887780427,-10.466569281744301
290068.11986932298,-0.14560593262802701,-10.1697951108544
298538.26189180301,-0.14568063999723199,-9.8814463785779196
307255.73652675201,-0.145752257514079,-9.6012841885351801
316227.766016846,-0.14582102243303799,-9.3290764351437705
325461.78349805402,-0.14588716279529601,-9.0645975961679
334965.43915783602,-0.14595089715261,-8.8076285453552998
344746.606573158,-0.14601243763036001,-8.55795639934205
354813.38923358498,-0.14607198713097699,-8.3153743005912801
365174.12725484697,-0.14612974361168199,-8.0796812694309708
375837.40428845398,-0.14618589795315401,-7.8506820391815397
386812.05463306198,-0.146240636184647,-7.6281868838809901
398107.17055350798,-0.14629413961549301,-7.4120114692190704
409732.109813552,-0.14634658544711501,-7.2019766926765998
421696.50342859299,-0.14639814684489499,-6.9979085339999196
434010.263644755,-0.14644899525271299,-6.7996379304858303
446683.59215097502,-0.146499298297282,-6.6070006095698401
459726.98853088397,-0.146549222418771,-6.4198369644840598
473151.25896149297,-0.14659893296491999,-6.2379919320488799
486967.52516587602,-0.14664859596746099,-6.0613148584772301
501187.23362728598,-0.14669837200899799,-5.8896593387883804
515822.16507231898,-0.146748428798264,-5.7228831770334301
530884.44423100201,-0.14679892869648201,-5.5608481671371202
546386.549881869,-0.146850040117187,-5.4034200714515803
562341.32519036403,-0.14690193144220701,-5.2504684446256098
578761.98834913597,-0.14695477406058,-5.1018665625230399
595662.14352902595,-0.14700874182960999,-4.9574912918500802
613055.79214983701,-0.14706401291445201,-4.8172230092172299
630957.34448020998,-0.14712077045323199,-4.6809454953004499
649381.631576229,-0.147179199102842,-4.54854581427045
668343.91756863298,-0.14723949201884701,-4.4199142614131599
687859.91230882599,-0.14730184730270099,-4.2949442450941797
707945.78438415704,-0.147366470374964,-4.17353221196805
728618.17451324803,-0.147433572635597,-4.05557754209888
749894.20933247602,-0.147503375732397,-3.9409824910687101
771791.51558503299,-0.14757610602346599,-3.8296520798553599
794328.23472430301,-0.14765200260778499,-3.72149404134269
817523.03794367204,-0.14773131411969301,-3.61641873647166
841395.14164521801,-0.14781430155463099,-3.5143390780711998
865964.32336008898,-0.14790123188231499,-3.4151704315770299
891250.93813377002,-0.14799239149506699,-3.3188306095974398
917275.935389805,-0.14808807618238701,-3.2252397354092102
944060.87628594902,-0.148188600431818,-3.1343202255216198
971627.95157713303,-0.14829428597769601,-3.0459966774401899
1000000.00000003,-0.14840547813781799,-2.96019585830506
1029200.52719446,-0.14852253768808599,-2.8768466087423601
1059253.72517732,-0.1486458431521,-2.7958798000147
1090184.4923851599,-0.148775794902203,-2.7172282660158098
1122018.4543019901,-0.14891280878334101,-2.6408267444046798
1154781.9846894899,-0.14905733018329101,-2.5666118495599402
1188502.2274370501,-0.149209819981797,-2.49452197306233
1223207.1190499701,-0.149370770912443,-2.42449727346371
1258925.4117942001,-0.14954069531654501,-2.3564795991128298
1295686.69751706,-0.14972013949875901,-2.29041246097287
1333521.4321633601,-0.149909673533999,-2.2262409651737101
1372460.9610076,-0.15010990355588399,-2.1639117809210902
1412537.5446227901,-0.15032146284122699,-2.1033730790019498
1453784.3856077001,-0.15054502022034899,-2.0445745014630998
1496235.6560944801,-0.15078128296200199,-1.9874671187742801
1539926.52605954,-0.15103099823305499,-1.9320033884601899
1584893.19246116,-0.15129494554858799,-1.87813709007986
1631172.90922789,-0.15157395196272799,-1.8258233175160901
1678804.0181226099,-0.151868886948789,-1.7750184222513301
1727825.98050791,-0.15218067059211501,-1.72567998692906
1778279.41003898,-0.15251026371245799,-1.6777667661359601
1830206.1063111101,-0.15285868659455601,-1.6312386785155899
1883649.08948986,-0.15322700755605401,-1.5860567465300901
1938652.6359522601,-0.153616350289975,-1.5421830700704
1995262.3149689401,-0.15402790439648401,-1.49958080473295
2053525.0264572101,-0.15446291186585401,-1.4582141021316599
2113489.0398367099,-0.154922686824502,-1.4180481008018899
2175204.0340195899,-0.15540860490769001,-1.3790488755863799
2238721.1385684102,-0.15592211375371101,-1.3411834218176699
2304092.9760559099,-0.15646473445132,-1.3044196048910499
2371373.7056617201,-0.15703806556348399,-1.2687261477815099
2440619.0680420501,-0.15764378130887199,-1.2340725862108199
2511886.4315096498,-0.15828364235452799,-1.20042924235139
2585234.8395622699,-0.158959488736232,-1.1677671923950299
2660725.0597988898,-0.15967325629065701,-1.13605824412701
2738419.6342644398,-0.16042696480542501,-1.1052748906502401
2818382.9312645402,-0.16122273744144699,-1.07539029947634
2900681.1986932401,-0.16206279149875599,-1.0463782669570301
2985382.6189180501,-0.162949443206271,-1.01821319154982
3072557.3652675399,-0.163885116278214,-0.99087004965030101
3162277.6601684801,-0.16487234225538999,-0.96432435736330502
3254617.83498056,-0.165913758337395,-0.93855213900033896
3349654.39157838,-0.16701212282587399,-0.91352990397310196
3447466.0657315999,-0.16817030522538601,-0.88923460631659101
3548133.8923358601,-0.16939128965945499,-0.86564361315983296
3651741.2725484902,-0.17067818585834399,-0.84273467291602899
3758374.0428845598,-0.172034226946404,-0.82048588380693999
3868120.5463306401,-0.173462768843482,-0.798875654484696
3981071.7055350998,-0.17496728698778999,-0.77788266346380897
4097321.0981355398,-0.17655139364066399,-0.75748583428441696
4216965.0342859495,-0.17821882483551699,-0.73766428144206997
4340102.6364475703,-0.17997344279031,-0.71839728063964003
4466835.9215097697,-0.18181923320874099,-0.69966421538649004
4597269.8853088599,-0.183760313499269,-0.681444541063979
4731512.5896149501,-0.1858009240605,-0.66371772845553301
4869675.2516587796,-0.18794542029670899,-0.64646321647374305
5011872.3362728804,-0.19019827663274699,-0.62966035413165899
5158221.6507232198,-0.19256407537901199,-0.61328834114906805
5308844.4423100501,-0.19504749574552899,-0.59732616519108295
5463865.4988187104,-0.197653311736225,-0.58175252778307895
5623413.2519036699,-0.20038637042592999,-0.56654577028167397
5787619.8834913904,-0.203251575980164,-0.55168378553508302
5956621.43529029,-0.206253867948169,-0.53714392943631595
6130557.9214984002,-0.20939819178460101,-0.52290291053686599
6309573.4448021296,-0.21268945435484901,-0.50893667882105598
6493816.3157623196,-0.216132488781827,-0.49522029513681398
6683439.1756863603,-0.21973198456811999,-0.481727790635189
6878599.12308829,-0.223492414410601,-0.46843199749203002
7079457.8438416002,-0.227417935902652,-0.455304378217259
7286181.7451325096,-0.23151226251783499,-0.442314822289819
7498942.0933248,-0.235778514345205,-0.429431417118464
7717915.1558503704,-0.24021901144829899,-0.41662020419905799
7943282.3472430697,-0.24483502559130799,-0.40384490585879401
8175230.3794367602,-0.249626457723614,-0.391066625707503
8413951.4164522197,-0.25459144026320102,-0.37824352342769402
8659643.2336009294,-0.25972582372793701,-0.36533048333135099
8912509.3813377395,-0.26502255212470799,-0.35227875998921998
9172759.3538980894,-0.27047086450187202,-0.339035641047919
9440608.7628595401,-0.27605531836823,-0.32554413360513701
9716279.5157713797,-0.28175457667422399,-0.31174271783115998
10000000.0000003,-0.28753992139919798,-0.29756522695901699
10292005.271944599,-0.293373458643158,-0.282940909461395
10592537.251773201,-0.29920596911096298,-0.26779479235752601
10901844.9238516,-0.30497437633793201,-0.252048481075902
11220184.543020001,-0.31059884399888199,-0.235621580541928
11547819.846895,-0.31597954342094098,-0.218433974203399
11885022.2743706,-0.32099322354479998,-0.20040923786250101
12232071.190499701,-0.32548983327965703,-0.18147952535460399
12589254.1179421,-0.329289609960559,-0.16159225848439501
12956866.975170599,-0.33218128088133497,-0.140718886889943
13335214.3216337,-0.33392230425056102,-0.118865877895936
13724609.6100761,-0.33424231731500298,-0.096087689006819299
14125375.446227999,-0.332851209905899,-0.072501017943851206
14537843.856077099,-0.32945319235218701,-0.048298806508110997
14962356.560944799,-0.32376783821203298,-0.023761551113618901
15399265.2605954,-0.31555806270786302,0.00073745175597588202
15848931.924611701,-0.30466330482735898,0.024736784327659501
16311729.0922789,-0.29103397818214899,0.047704954163895703
16788040.181226201,-0.27476101779615503,0.069073457899639201
17278259.805079199,-0.256093158814305,0.088283245592838996
17782794.100389801,-0.23543531852406099,0.10483889525744999
18302061.063111201,-0.21332472974840799,0.118361298993254
18836490.894898601,-0.190386627615409,0.128628342412552
19386526.3595227,-0.167276779828438,0.13559503493672301
19952623.149689499,-0.14462162478617899,0.139389370998034
20535250.264572199,-0.12296698090511,0.140286201031605
21134890.3983672,-0.102743195580088,0.13866621906877299
21752040.340195999,-0.084249729478594701,0.13496932863692199
22387211.3856842,-0.067657492145783094,0.129650839864386
23040929.760559201,-0.053024194287861003,0.123146276267444
23713737.056617402,-0.040316946819312999,0.115847256973883
24406190.6804206,-0.029436962601935499,0.10808821574941301
25118864.315096699,-0.020242664492102401,0.100142041795946
25852348.395622801,-0.012569116662499999,0.092222086497549802
26607250.597989,-0.0062430196569370402,0.084488050513910395
27384196.342644598,-0.0010933990208287299,0.077053762986672006
28183829.312645499,0.0030414016631088799,0.069995421765650906
29006811.986932501,0.0063096442190653497,0.063359414334900194
29853826.189180601,0.0088442594339579895,0.057169241876052601
30725573.652675599,0.010762391693705201,0.051431368761756802
31622776.601684898,0.0121658960793732,0.0461399852686201
32546178.349805702,0.0131423982611887,0.0412807803195143
33496543.915783901,0.013766644770652699,0.036833858299711301
34474660.6573162,0.014101956233760499,0.032775947032582499
35481338.923358798,0.014201670879424699,0.029082035682222299
36517412.725485101,0.0141105073993974,0.025726561932077799
37583740.428845704,0.0138658134228922,0.022684253321247901
38681205.463306598,0.0134986826389163,0.019930701970059601
39810717.055351101,0.013034942520247301,0.017442739916300298
40973210.9813556,0.012496015343129699,0.015198664550493299
42169650.3428597,0.0118996657212631,0.0131783531703401
43401026.364475898,0.011260643145163901,0.011363294790357499
44668359.215097897,0.0105912332035279,0.0097365612561737397
45972698.8530889,0.0099017252973218894,0.0082827335879973405
47315125.896149702,0.0092008073543227206,0.0069877954692450098
48696752.516588099,0.0084958939016612205,0.0058390030867257999
50118723.362728998,0.0077933927286479498,0.00482473982380335
51582216.507232398,0.0070989152935671098,0.0039343625033409404
53088444.423100799,0.0064174349638227296,0.0031580462768799702
54638654.988187402,0.0057533971814485397,0.0024866344532868002
56234132.519037001,0.0051107864399048096,0.00191150168017211
57876198.8349142,0.0044931559940828997,0.0014244356021228899
59566214.352903202,0.0039036282563785101,0.00101754324257982
61305579.214984298,0.0033448741029361499,0.00068318595839439303
63095734.448021598,0.0028190807171159199,0.00041394507825016002
64938163.1576235,0.00232791793211939,0.000202616798443694
66834391.7568639,0.0018725115130666201,4.2233214395087601e-05
68785991.2308833,0.00145343074472438,-7.3896705732266502e-05
70794578.438416407,0.0010706947272895401,-0.00015213355979666799
72861817.451325402,0.00072379924509989395,-0.00019844929986046199
74989420.933248296,0.00041176330769783899,-0.00021837216601454899
77179151.558504105,0.000133191975351093,-0.000216941333707629
79432823.472431093,-0.00011364918645565,-0.00019867528113246899
81752303.794367999,-0.00033075354046489998,-0.000167556616862252
84139514.164522603,-0.00052029231558064701,-0.00012703362091272499
86596432.3360098,-0.00068453744373224499,-8.0036986388301405e-05
89125093.813377902,-0.000825792308834127,-2.9009517164120999e-05
91727593.538981393,-0.00094633243177238502,2.40546337554579e-05
94406087.628595904,-0.0010483576916030101,7.7564288888339497e-05
97162795.157714203,-0.0011339556885485401,0.000130282458760995
100000000.00000399,-0.0012050762739042799,0.00018127692606469299
102920052.719447,-0.0012635153686769501,0.00022987251933114501
105925372.51773299,-0.0013109073054558499,0.00027560647492961101
109018449.238517,-0.00134872353463377,0.000318187998337335
112201845.43020099,-0.00137827657347416,0.00035746248122720198
115478198.46895,-0.0014007276615057599,0.00039338057911890602
118850222.743706,-0.0014170968884962901,0.00042597205128285702
122320711.904998,-0.00142827497080677,0.00045532408644254697
125892541.17942099,-0.00143503559594613,0.00048156362272309798
129568669.751707,-0.00143804803946072,0.00050484336207114199
133352143.21633799,-0.0014378893305674,0.00052533080210187598
137246096.100761,-0.00143505582698577,0.00054319998201251001
141253754.46228099,-0.00142997390092838,0.00055862539715907905
145378438.560772,-0.0014230096312560199,0.00057177771179851996
149623565.609449,-0.0014144774688565501,0.00058282090560473297
153992652.605955,-0.00140464786110371,0.00059191052841591504
158489319.246117,-0.0013937538728857599,0.00059919281956935001
163117290.92278999,-0.0013819968503160801,0.00060480443018775902
167880401.81226301,-0.001369551255329,0.00060887259402068702
172782598.05079299,-0.0013565687062185999,0.00061151556715753196
177827941.00389901,-0.00134318135175408,0.00061284325548039201
183020610.63111299,-0.0013295046660086499,0.00061295791556120196
188364908.94898701,-0.0013156397454778799,0.00061195486193158703
193865263.59522799,-0.00130167519306473,0.00060992315567304201
199526231.496896,-0.0012876886690983301,0.00060694622858123199
205352502.64572299,-0.0012737481681197101,0.000603102457493178
211348903.98367301,-0.0012599130784628799,0.00059846561597726503
217520403.401961,-0.0012462350719949101,0.00059310528892305098
223872113.85684299,-0.00123275886141899,0.00058708720496897498
230409297.60559401,-0.0012195228534004599,0.00058047348493108701
237137370.56617501,-0.0012065597256242101,0.00057332287538827296
244061906.80420801,-0.0011938969492556401,0.00056569089848663805
251188643.15096799,-0.0011815572481130999,0.000557629999913997
258523483.956229,-0.0011695590422936999,0.00054918965281085404
266072505.979891,-0.00115791684117518,0.00054041645125038195
273841963.42644697,-0.0011466416266319799,0.00053135419839047597
281838293.12645602,-0.0011357412026572701,0.00052204397807744795
290068119.86932701,-0.0011252205276460401,0.000512524230741093
298538261.89180797,-0.00111508202734092,0.00050283083042301595
307255736.526757,-0.0011053258842620799,0.00049299716350443895
316227766.01684999,-0.00109595031261754,0.00048305420339840799
325461783.49805897,-0.0010869518094543801,0.00047303060895518699
334965439.15784103,-0.00107832538966504,0.00046295280272179402
344746606.57316297,-0.0010700648012142899,0.000452845068010494
354813389.23359001,-0.00106216272305402,0.000442729644613943
365174127.254852,-0.00105461094378737,0.00043262682733622403
375837404.288459,-0.0010474005258113599,0.00042255506409626798
386812054.63306803,-0.0010405219507718399,0.000412531056014012
398107170.55351299,-0.00103396525034677,0.00040256985867296902
409732109.81355798,-0.0010277201248896199,0.00039268497857937701
421696503.428599,-0.0010217760444507201,0.00038288847247733098
434010263.64476103,-0.0010161223409469399,0.00037319103808899998
446683592.15098101,-0.0010107482865976301,0.00036360211088816202
459726988.530891,-0.0010056431627467801,0.00035412994800525103
473151258.96149999,-0.00100079631894713,0.000344781718240919
486967525.165883,-0.0009961972227293741,0.00033556357926348
501187233.62729299,-0.00099183550225461804,0.00032648075737339802
515822165.07232702,-0.00098770098164110303,0.00031753762080265701
530884444.23101002,-0.00098378370976173095,0.00030873774821282401
546386549.88187695,-0.00098007398345076996,0.00030008399558286201
562341325.19037199,-0.00097656236642528697,0.000291578554445865
578761988.34914398,-0.00097323970313961303,0.00028322301497060498
595662143.52903497,-0.00097009712909681902,0.000275018414421447
613055792.14984596,-0.00096712607808644704,0.00026696528812074002
630957344.48021901,-0.00096431828650038703,0.00025906371664367498
649381631.57623804,-0.00096166579492074902,0.00025131337200262301
668343917.56864202,-0.00095916094788513499,0.00024371354870973599
687859912.30883598,-0.00095679639196094601,0.000236263209914014
707945784.38416696,-0.00095456507224057398,0.00022896101584325899
728618174.51325798,-0.000952460227661819,0.00022180535559343601
749894209.33248699,-0.00095047538549772304,0.00021479437724663701
771791515.58504403,-0.00094860435445150604,0.00020792601266575599
794328234.72431397,-0.00094684121802292905,0.000201198001561231
817523037.94368398,-0.00094518032668676304,0.00019460791409434
841395141.64523005,-0.00094361629005565797,0.000188153170232535
865964323.36010098,-0.00094214396873623196,0.00018183105743914399
891250938.13378298,-0.00094075846615523505,0.000175638748121588
917275935.38981795,-0.00093945512006237601,0.000169573314817861
944060876.28596306,-0.00093822949420012598,0.000163631742305446
971627951.57714701,-0.00093707737014421197,0.00015781094119664201
1000000000.0000401,-0.00093599473929177699,0.00015210775874799099
