command_V,Vout_V,error_mV,qualified_flag
0.050000000000000003,0.0495817581256335,-0.41824187436652299,1
0.10000000000000001,0.099574218674259599,-0.42578132574036498,1
0.14999999999999999,0.149570379235891,-0.42962076410929501,1
0.20000000000000001,0.199568518365872,-0.43148163412831703,1
0.25,0.24956748859353201,-0.43251140646810599,1
0.29999999999999999,0.29956679222905302,-0.43320777094679702,1
0.34999999999999998,0.34956624294954403,-0.43375705045639601,1
0.40000000000000002,0.39956576757844697,-0.43423242155304898,1
0.45000000000000001,0.44956533356001999,-0.43466643997969201,1
0.5,0.49956492473139202,-0.43507526860808698,1
0.55000000000000004,0.54956453230881896,-0.43546769118052397,1
0.59999999999999998,0.59956415091122395,-0.43584908877603001,1
0.65000000000000002,0.64956377707647694,-0.43622292352352199,1
0.69999999999999996,0.69956340860909005,-0.43659139090968002,1
0.75,0.74956304380501404,-0.43695619498596,1
0.80000000000000004,0.799562681259264,-0.43731874073604798,1
0.84999999999999998,0.84956232015459598,-0.43767984540377097,1
0.90000000000000002,0.89956195963741403,-0.43804036258587897,1
0.94999999999999996,0.94956159903461701,-0.438400965383279,1
1,0.99956123783811501,-0.43876216188487599,1
1.05,1.04956087545232,-0.43912454768113601,1
1.1000000000000001,1.0995605114442499,-0.43948855575104401,1
1.1499999999999999,1.1495601454317499,-0.43985456825090802,1
1.2,1.19955977694998,-0.44022305002089401,1
1.25,1.2495594055505801,-0.44059444941590997,1
1.3,1.29955903098443,-0.44096901557111301,1
1.3500000000000001,1.3495586526894801,-0.44134731051603798,1
1.3999999999999999,1.39955827031332,-0.44172968667899298,1
1.45,1.44955788345561,-0.44211654439396703,1
1.5,1.49955749159954,-0.44250840045911799,1
1.55,1.54955709430517,-0.442905694833851,1
1.6000000000000001,1.59955669102116,-0.44330897883693199,1
1.6499999999999999,1.6495562812409801,-0.44371875901894098,1
1.7,1.6995558642556601,-0.44413574434210001,1
1.75,1.7495554394998201,-0.44456050017815901,1
1.8,1.7995550061027801,-0.444993897224855,1
1.8500000000000001,1.84955456334157,-0.44543665843188601,1
1.8999999999999999,1.89955411017751,-0.44588982249194098,1
1.95,1.9495536455795099,-0.44635442049201202,1
2,1.99955316829757,-0.44683170243486903,1
2.0499999999999998,2.04955267688316,-0.44732311683803899,1
2.1000000000000001,2.0995521696619002,-0.44783033809991901,1
2.1499999999999999,2.14955164464202,-0.44835535797993498,1
2.2000000000000002,2.1995510994612602,-0.44890053873913899,1
2.25,2.2495505311927699,-0.44946880723406601,1
2.2999999999999998,2.2995499363049698,-0.450063695027758,1
2.3500000000000001,2.3495493101987299,-0.450689801270165,1
2.3999999999999999,2.3995486470906502,-0.45135290934705802,1
2.4500000000000002,2.4495479390008601,-0.45206099913563902,1
2.5,2.4995471749894498,-0.45282501055332602,1
2.5499999999999998,2.5495463386422199,-0.45366135777413802,1
2.6000000000000001,2.5995454039931301,-0.45459600686825802,1
2.6499999999999999,2.6495443253886601,-0.455674611341994,1
2.7000000000000002,2.69954301281158,-0.45698718841302699,1
2.75,2.74954126271692,-0.45873728307865802,1
2.7999999999999998,2.7995385610063299,-0.46143899366812802,1
2.8500000000000001,2.84953360006191,-0.46639993809094399,1
2.8999999999999999,2.8995236119754302,-0.47638802456795298,1
2.9500000000000002,2.94950414029501,-0.49585970498888798,1
3,2.9994686515382001,-0.53134846179370099,1
3.0499999999999998,3.04940609664341,-0.59390335658715498,1
3.1000000000000001,3.0992938439714699,-0.70615602852619497,1
3.1499999999999999,3.1490743836749102,-0.92561632508258995,1
3.2000000000000002,3.1982482168124902,-1.7517831875100101,1
3.25,3.2189390919396801,-31.060908060312801,0
