command_V,Vout_V,I_VDD_A,IREF_A
0.050000000000000003,0.049627415729223141,-0.001146744014654617,5.0085367819188019e-06
0.10000000000000001,0.099620126428048295,-0.0011755308296747,5.0085367819188019e-06
0.14999999999999999,0.14961639739918881,-0.001189868817203813,5.0085367819188019e-06
0.20000000000000001,0.19961457774156499,-0.0011962660418344229,5.0085367819188019e-06
0.25,0.24961359571914921,-0.0011992821137942571,5.0085367819188019e-06
0.29999999999999999,0.29961292702197689,-0.001200937594153935,5.0085367819188019e-06
0.34999999999999998,0.34964281166903799,-0.0012019895467921991,5.0085367819188019e-06
0.40000000000000002,0.399611914743918,-0.0012027400799910809,5.0085367819188019e-06
0.45000000000000001,0.44961149527602873,-0.0012033153395905321,5.0085367819188019e-06
0.49999999999999989,0.49961831730114792,-0.0012037815056483471,5.0085367819188019e-06
0.54999999999999993,0.54961073646428804,-0.001204173197939437,5.0085367819188019e-06
0.59999999999999998,0.59962497252735969,-0.0012045120250127499,5.0085367819188019e-06
0.65000000000000002,0.64960998098960065,-0.0012048102109767319,5.0085367819188019e-06
0.70000000000000007,0.69960963501670537,-0.0012050773534580659,5.0085367819188019e-06
0.75000000000000011,0.74960928906122903,-0.0012053193630461589,5.0085367819188019e-06
0.80000000000000016,0.79960892839093545,-0.0012055407000533681,5.0085367819188019e-06
0.8500000000000002,0.84960644030064503,-0.00120574644235893,5.0085367819188019e-06
0.90000000000000024,0.89960822833875931,-0.0012059340118250441,5.0085367819188019e-06
0.95000000000000029,0.94962557106575074,-0.001206110516176477,5.0085367819188019e-06
1,0.99960750511793761,-0.0012062760527547631,5.0085367819188019e-06
1.05,1.049607175563317,-0.0012064317327480209,5.0085367819188019e-06
1.1000000000000001,1.099606812452842,-0.0012065787063549689,5.0085367819188019e-06
1.1499999999999999,1.149606463618319,-0.0012067178916112199,5.0085367819188019e-06
1.2,1.199606095411144,-0.0012068500245751509,5.0085367819188019e-06
1.25,1.249605734419686,-0.001206975764439659,5.0085367819188019e-06
1.3,1.299605363441934,-0.00120709567561951,5.0085367819188019e-06
1.350000000000001,1.3496202389922389,-0.001207208845465102,5.0085367819188019e-06
1.400000000000001,1.3996046221578049,-0.0012073198377426249,5.0085367819188019e-06
1.4500000000000011,1.4496042432156131,-0.001207424873375113,5.0085367819188019e-06
1.5000000000000011,1.499599164359259,-0.001207526752497167,5.0085367819188019e-06
1.5500000000000009,1.549603472674751,-0.001207622440897727,5.0085367819188019e-06
1.600000000000001,1.599603089058655,-0.0012077154952815439,5.0085367819188019e-06
1.650000000000001,1.6496046917444109,-0.0012078064565772561,5.0085367819188019e-06
1.7000000000000011,1.6996022725147779,-0.0012078912445655681,5.0085367819188019e-06
1.7500000000000011,1.749601848610149,-0.0012079743035081449,5.0085367819188019e-06
1.8000000000000009,1.7996014350102161,-0.0012080543576819501,5.0085367819188019e-06
1.850000000000001,1.849602218094708,-0.001208130952795302,5.0085367819188019e-06
1.900000000000001,1.8996046850779591,-0.0012082060013386051,5.0085367819188019e-06
1.9500000000000011,1.9496001142539909,-0.001208277694402537,5.0085367819188019e-06
2.0000000000000009,1.99959963364717,-0.0012083468714469861,5.0085367819188019e-06
2.0500000000000012,2.049611721695638,-0.0012084139480555509,5.0085367819188019e-06
2.100000000000001,2.0995986677897691,-0.001208477745081589,5.0085367819188019e-06
2.1499999999999999,2.1495981647778022,-0.0012085395424698781,5.0085367819188019e-06
2.2000000000000002,2.1995976215418831,-0.0012085989566587719,5.0085367819188019e-06
2.25,2.249597082039748,-0.001208655982636945,5.0085367819188019e-06
2.2999999999999998,2.2995964955858561,-0.001208710614137125,5.0085367819188019e-06
2.3500000000000001,2.3495958917213722,-0.0012087628001561631,5.0085367819188019e-06
2.399999999999999,2.399595250529639,-0.0012088124602047689,5.0085367819188019e-06
2.4499999999999988,2.449594569110213,-0.0012088594476962629,5.0085367819188019e-06
2.4999999999999991,2.499593830898784,-0.0012089035118133481,5.0085367819188019e-06
2.5499999999999989,2.5495930439001731,-0.0012089442607017601,5.0085367819188019e-06
2.5999999999999992,2.5995921518299081,-0.0012089809945989619,5.0085367819188019e-06
2.649999999999999,2.649591140508905,-0.0012090124749828471,5.0085367819188019e-06
2.699999999999998,2.699589937163049,-0.001209036173841305,5.0085367819188019e-06
2.7499999999999978,2.749588401025937,-0.00120904645422687,5.0085367819188019e-06
2.799999999999998,2.7995861480338231,-0.0012090292492540539,5.0085367819188019e-06
2.8499999999999979,2.8495822235326971,-0.0012089476779925501,5.0085367819188019e-06
2.8999999999999981,2.899574455519113,-0.0012087159553603409,5.0085367819188019e-06
2.949999999999998,2.9495589935693358,-0.001208180178825471,5.0085367819188019e-06
2.9999999999999969,2.999530203299297,-0.0012071043341129041,5.0085367819188019e-06
3.0499999999999972,3.0494791098970202,-0.0012050840806318941,5.0085367819188019e-06
3.099999999999997,3.099388424547699,-0.0012012567112598079,5.0085367819188019e-06
3.1499999999999968,3.1492174667663519,-0.001193211138107883,5.0085367819188019e-06
3.1999999999999971,3.1988091549156041,-0.001153421610553674,5.0085367819188019e-06
3.249999999999996,3.2336568998915229,-0.0010984610734188569,5.0085367819188019e-06
