frequency_Hz,Vout_real,Vout_imag,VDD_real,VDD_imag
1,5.5921818120828306e-06,8.7712895854146782e-08,1,0
1.029200527194428,5.5925082275615546e-06,9.0274158565145394e-08,1,0
1.0592537251772891,5.5924967961114789e-06,9.2910211589389414e-08,1,0
1.090184492385128,5.5924848472442157e-06,9.5623238752233429e-08,1,0
1.122018454301964,5.5924720533557619e-06,9.8415487737950461e-08,1,0
1.1547819846894589,5.5924585336057578e-06,1.0128927186651509e-07,1,0
1.1885022274370189,5.5924442407346922e-06,1.042469720068183e-07,1,0
1.2232071190499321,5.5924478258500621e-06,1.072910385651169e-07,1,0
1.2589254117941679,5.5924317624368088e-06,1.1042399345794019e-07,1,0
1.29568669751702,5.5924147260425789e-06,1.136484322861604e-07,1,0
1.3335214321633251,5.5923967232938409e-06,1.169670264289913e-07,1,0
1.3724609610075631,5.592377589397814e-06,1.203825252682795e-07,1,0
1.412537544622755,5.5923574129924491e-06,1.238977584757525e-07,1,0
1.4537843856076631,5.5923359442378263e-06,1.2751563834643319e-07,1,0
1.496235656094435,5.5923132336549342e-06,1.3123916221773131e-07,1,0
1.539926526059493,5.592289204775695e-06,1.3507141494807209e-07,1,0
1.5848931924611149,5.5922825245610911e-06,1.3901557150151861e-07,1,0
1.63117290922784,5.5922555728649426e-06,1.4307489948349891e-07,1,0
1.6788040181225621,5.5922269854270414e-06,1.4725276198595819e-07,1,0
1.7278259805078651,5.5921967503537437e-06,1.515526202753337e-07,1,0
1.778279410038925,5.5925018346621264e-06,1.559780365360035e-07,1,0
1.830206106311058,5.5924678670884284e-06,1.6053267744459419e-07,1,0
1.883649089489803,5.592450696408951e-06,1.652203162926808e-07,1,0
1.93865263595221,5.5924125900800092e-06,1.700448366434229e-07,1,0
1.995262314968882,5.5923722566639122e-06,1.7501023553401241e-07,1,0
2.053525026457149,5.5923294949365256e-06,1.8012062669054249e-07,1,0
2.1134890398366499,5.592302984153299e-06,1.8538024399019109e-07,1,0
2.1752040340195258,5.5922549763303174e-06,1.9079344486259001e-07,1,0
2.238721138568343,5.592204232176966e-06,1.9636471405772579e-07,1,0
2.3040929760558502,5.5924875352012267e-06,2.0209866704756921e-07,1,0
2.3713737056616599,5.5924492855423636e-06,2.08000054722435e-07,1,0
2.4406190680419848,5.5923889464788027e-06,2.140737660008813e-07,1,0
2.511886431509585,5.5923250036826027e-06,2.2032483285211531e-07,1,0
2.585234839562196,5.5922760386352539e-06,2.267584341878009e-07,1,0
2.660725059798815,5.5922042231257007e-06,2.3337990004309719e-07,1,0
2.7384196342643672,5.5924841707990411e-06,2.4019471598586232e-07,1,0
2.8183829312644599,5.5924036353623359e-06,2.4720852836047288e-07,1,0
2.9006811986931602,5.5923370961258053e-06,2.5442714779178089e-07,1,0
2.9853826189179671,5.592246775315089e-06,2.618565546866446e-07,1,0
3.0725573652674538,5.5925069566103597e-06,2.6950290394360388e-07,1,0
3.162277660168388,5.5924056275312677e-06,2.7737253087303121e-07,1,0
3.254617834980468,5.5923170425895464e-06,2.8547195510173932e-07,1,0
3.3496543915782859,5.5922033137418442e-06,2.9380788675384949e-07,1,0
3.4474660657315042,5.5924387408186916e-06,3.0238723174965011e-07,1,0
3.5481338923357648,5.5923299063615616e-06,3.1121709845274119e-07,1,0
3.6517412725483882,5.5922135536244419e-06,3.2030480192456862e-07,1,0
3.7583740428844532,5.5924074348493408e-06,3.2965787076044898e-07,1,0
3.868120546330533,5.5922745659964857e-06,3.3928405452579818e-07,1,0
3.9810717055349851,5.5924698387185621e-06,3.4919132759051798e-07,1,0
4.0973210981354278,5.5923184346675098e-06,3.5938789861247162e-07,1,0
4.2169650342858356,5.5921569828930713e-06,3.698822148991716e-07,1,0
4.340102636447452,5.5923219681277604e-06,3.8068297037750582e-07,1,0
4.4668359215096451,5.5924755928510536e-06,3.9179911361746718e-07,1,0
4.5972698853087364,5.5922801523913494e-06,4.0323985450943299e-07,1,0
4.7315125896148196,5.5924279001686671e-06,4.1501467072068719e-07,1,0
4.8696752516586477,5.5922062922063787e-06,4.2713331815659872e-07,1,0
5.0118723362727398,5.5923263990985967e-06,4.3960583611680652e-07,1,0
5.1582216507230747,5.5924125825115098e-06,4.5244255812995752e-07,1,0
5.3088444423099022,5.5921644783732829e-06,4.6565411973403261e-07,1,0
5.4638654988185618,5.5922177397913377e-06,4.7925146537817557e-07,1,0
5.6234132519035116,5.5922718920342039e-06,4.9324586076817102e-07,1,0
5.787619883491228,5.5923070480040581e-06,5.0764889989478014e-07,1,0
5.9566214352901268,5.5923220512757053e-06,5.2247251537744636e-07,1,0
6.1305579214982302,5.5923158046763778e-06,5.3772898826572331e-07,1,0
6.3095734448019556,5.5921360122760946e-06,5.5343095857019667e-07,1,0
6.493816315762138,5.5921020289245157e-06,5.6959143445532814e-07,1,0
6.6834391756861722,5.5920239884320666e-06,5.8622380469849487e-07,1,0
6.8785991230881036,5.5922749897688607e-06,6.0334184842878214e-07,1,0
7.079457843841408,5.5921603186948616e-06,6.2095974871104515e-07,1,0
7.286181745132307,5.5920157393731989e-06,6.3909210101881989e-07,1,0
7.4989420933245894,5.5921763058280369e-06,6.5775392695153905e-07,1,0
7.7179151558501564,5.5919847099900649e-06,6.7696068885349946e-07,1,0
7.9432823472428487,5.592075777193087e-06,6.9672829758848311e-07,1,0
8.1752303794365346,5.5921476835095611e-06,7.1707313106602e-07,1,0
8.4139514164519866,5.5921794352240576e-06,7.3801204445954219e-07,1,0
8.6596432336006917,5.5921687322111476e-06,7.5956238521411651e-07,1,0
8.9125093813374949,5.5921316914286538e-06,7.8174200746318153e-07,1,0
9.1727593538978365,5.5920469483925181e-06,8.0456928645286221e-07,1,0
9.4406087628592754,5.5922488869562266e-06,8.2806313326430906e-07,1,0
9.7162795157711059,5.5920600212824278e-06,8.52243013733324e-07,1,0
10.00000000000005,5.5921710291428541e-06,8.771289587906656e-07,1,0
10.29200527194433,5.5922214487141456e-06,9.0274158667464261e-07,1,0
10.59253725177294,5.5922081716932801e-06,9.2910211688987267e-07,1,0
10.90184492385133,5.592146273307732e-06,9.5623238873931642e-07,1,0
11.220184543019689,5.5920298474763488e-06,9.8415487895204221e-07,1,0
11.54781984689464,5.5928481962494512e-06,1.012892717333334e-06,1,0
11.88502227437024,5.59257796780353e-06,1.042469719506395e-06,1,0
12.23207119049937,5.5925600552331967e-06,1.0729103848560341e-06,1,0
12.58925411794173,5.5928081623389239e-06,1.1042399329077969e-06,1,0
12.956866975170261,5.5926428069323674e-06,1.136484321764882e-06,1,0
13.335214321633311,5.5927136290543126e-06,1.1696702628536071e-06,1,0
13.72460961007569,5.5926965264099116e-06,1.203825251297506e-06,1,0
14.12537544622761,5.5925831342093591e-06,1.2389775836383939e-06,1,0
14.537843856076689,5.5926889887830677e-06,1.275156381860766e-06,1,0
14.962356560944411,5.5926865945471656e-06,1.3123916205555821e-06,1,0
15.399265260595,5.5925497152155287e-06,1.3507141481967959e-06,1,0
15.84893192461122,5.5924633166697411e-06,1.390155713814833e-06,1,0
16.311729092278469,5.5924266614367946e-06,1.4307489939568661e-06,1,0
16.788040181225689,5.5922470212362974e-06,1.4725276196880929e-06,1,0
17.278259805078729,5.5922372068308996e-06,1.515526202542145e-06,1,0
17.782794100389321,5.592404031451881e-06,1.559780365869961e-06,1,0
18.30206106311066,5.5923995672903424e-06,1.6053267748819119e-06,1,0
18.836490894898109,5.5922127963284623e-06,1.652203163915711e-06,1,0
19.386526359522179,5.5921856390813284e-06,1.7004483673975101e-06,1,0
19.952623149688911,5.5922906450688651e-06,1.750102355775952e-06,1,0
20.53525026457158,5.5921751973799766e-06,1.8012062678542799e-06,1,0
21.13489039836659,5.5920114988654127e-06,1.853802441528222e-06,1,0
21.75204034019535,5.5921051328450676e-06,1.9079344496550549e-06,1,0
22.387211385683528,5.5919521801971323e-06,1.963647142548837e-06,1,0
23.040929760558591,5.5918709579228841e-06,2.0209866748220708e-06,1,0
23.713737056616701,5.5924998495673986e-06,2.0800005462195489e-06,1,0
24.40619068041995,5.5925114142254246e-06,2.1407376587537688e-06,1,0
25.118864315095959,5.5925230262572758e-06,2.2032483269831051e-06,1,0
25.852348395622069,5.5923625061415563e-06,2.2675843410910031e-06,1,0
26.607250597988269,5.5923599432557083e-06,2.333798999296702e-06,1,0
27.38419634264379,5.5923134581375676e-06,2.4019471608791222e-06,1,0
28.183829312644718,5.592540559065001e-06,2.4720852825757772e-06,1,0
29.00681198693173,5.592346952751717e-06,2.5442714777582619e-06,1,0
29.853826189179792,5.592175081274543e-06,2.618565547621199e-06,1,0
30.725573652674669,5.5927360797762489e-06,2.695029036443054e-06,1,0
31.622776601683999,5.5927893549898886e-06,2.7737253048555572e-06,1,0
32.546178349804798,5.5924508554303549e-06,2.85471954925937e-06,1,0
33.496543915782993,5.5924101897983341e-06,2.9380788657062211e-06,1,0
34.474660657315177,5.5924449711746393e-06,3.023872317559925e-06,1,0
35.481338923357796,5.5923334673616756e-06,3.1121709845040128e-06,1,0
36.517412725484029,5.592059886903739e-06,3.2030480208630319e-06,1,0
37.583740428844678,5.5927430849275221e-06,3.296578703196229e-06,1,0
38.681205463305503,5.5925258755107882e-06,3.3928405426899061e-06,1,0
39.810717055350011,5.5923271271830773e-06,3.4919132774184679e-06,1,0
40.973210981354448,5.5921138534804866e-06,3.5938789886754669e-06,1,0
42.169650342858532,5.5925230425102194e-06,3.6988221433151772e-06,1,0
43.401026364474703,5.5925172065129176e-06,3.806829701433626e-06,1,0
44.668359215096643,5.592299148243963e-06,3.9179911380578729e-06,1,0
45.972698853087557,5.5918745064048286e-06,4.0323985507058806e-06,1,0
47.315125896148409,5.5925061819626179e-06,4.1501467048970243e-06,1,0
48.696752516586677,5.5924463075341546e-06,4.2713331784198826e-06,1,0
50.118723362727607,5.5921194603915394e-06,4.3960583644832656e-06,1,0
51.582216507230967,5.5926447531335979e-06,4.5244255778831193e-06,1,0
53.088444423099247,5.5925735729646874e-06,4.6565411915969764e-06,1,0
54.638654988185849,5.5926751184475091e-06,4.7925146467097588e-06,1,0
56.234132519035349,5.5925230968437593e-06,4.9324586045626848e-06,1,0
57.876198834912522,5.5920127403139672e-06,5.0764890044401352e-06,1,0
59.566214352901518,5.5924219727202106e-06,5.2247251522374842e-06,1,0
61.305579214982558,5.591927731344466e-06,5.3772898904524771e-06,1,0
63.095734448019833,5.5924448607166302e-06,5.5343095797504176e-06,1,0
64.938163157621659,5.5928618204260028e-06,5.6959143286231489e-06,1,0
66.834391756862004,5.592355124993326e-06,5.8622380404099067e-06,1,0
68.785991230881322,5.5923508978854562e-06,6.0334184821506698e-06,1,0
70.794578438414376,5.5926297941306192e-06,6.2095974760146752e-06,1,0
72.861817451323375,5.5922651310723761e-06,6.3909210049149062e-06,1,0
74.989420933246208,5.5925827085490349e-06,6.577539261126707e-06,1,0
77.179151558501886,5.5925625806074088e-06,6.7696068740460376e-06,1,0
79.432823472428822,5.5925779792392371e-06,6.9672829622070513e-06,1,0
81.752303794365702,5.5927448646666132e-06,7.1707312949412239e-06,1,0
84.139514164520236,5.593008189873172e-06,7.3801204224757221e-06,1,0
86.596432336007283,5.5928963854851146e-06,7.5956238341882628e-06,1,0
89.125093813375329,5.5927642050882783e-06,7.817420057766941e-06,1,0
91.727593538978766,5.5925817179076349e-06,8.0456928494267349e-06,1,0
94.40608762859317,5.5924401905303971e-06,8.280631326060298e-06,1,0
97.162795157711486,5.592749007604703e-06,8.5224301157107149e-06,1,0
100.0000000000009,5.592879334138307e-06,8.7712895656200996e-06,1,0
102.9200527194437,5.5925526662389824e-06,9.0274158565635201e-06,1,0
105.9253725177299,5.5925817332643532e-06,9.2910211551707901e-06,1,0
109.0184492385138,5.5928230332455066e-06,9.5623238630141359e-06,1,0
112.20184543019739,5.5922788454197193e-06,9.8415487812975156e-06,1,0
115.4781984689469,5.5925441046540409e-06,1.012892718637839e-05,1,0
118.8502227437029,5.592390398664888e-06,1.04246972033739e-05,1,0
122.3207119049943,5.5924392015212821e-06,1.072910385810388e-05,1,0
125.8925411794179,5.5921801686827963e-06,1.104239935453368e-05,1,0
129.5686697517032,5.5927211379247488e-06,1.1364843217104261e-05,1,0
133.3521432163337,5.5926570916856454e-06,1.1696702636180741e-05,1,0
137.24609610075751,5.5928321187962092e-06,1.2038252509144051e-05,1,0
141.25375446227679,5.5930183045129521e-06,1.238977581864882e-05,1,0
145.37843856076759,5.5931266024319889e-06,1.275156380149047e-05,1,0
149.6235656094448,5.5933408515645241e-06,1.312391617931583e-05,1,0
153.9926526059507,5.5931739819721148e-06,1.350714146014456e-05,1,0
158.4893192461129,5.59242982031779e-06,1.3901557145702061e-05,1,0
163.1172909227854,5.592704991684848e-06,1.430748992901145e-05,1,0
167.8804018122577,5.5926940089368211e-06,1.472527617953482e-05,1,0
172.78259805078801,5.5930552104635589e-06,1.515526198910905e-05,1,0
177.82794100389401,5.5934243623382937e-06,1.5597803610073241e-05,1,0
183.02061063110739,5.5929967065318759e-06,1.605326772147101e-05,1,0
188.36490894898191,5.5929792198781434e-06,1.6522031603710211e-05,1,0
193.8652635952227,5.5931345846815591e-06,1.7004483631958759e-05,1,0
199.52623149689001,5.5931633761784057e-06,1.7501023508928932e-05,1,0
205.3525026457167,5.5937834691123409e-06,1.8012062587896359e-05,1,0
211.34890398366679,5.5933146356533734e-06,1.8538024339019079e-05,1,0
217.5204034019545,5.5931854088937948e-06,1.9079344436382781e-05,1,0
223.87211385683631,5.5931081028862724e-06,1.9636471358363941e-05,1,0
230.409297605587,5.5937767331486991e-06,2.020986662350625e-05,1,0
237.13737056616799,5.5939445645457402e-06,2.0800005374323739e-05,1,0
244.06190680420059,5.593967003344855e-06,2.1407376501026289e-05,1,0
251.1886431509607,5.5938541733992511e-06,2.2032483180906969e-05,1,0
258.52348395622181,5.5939596732149379e-06,2.2675843304341138e-05,1,0
266.07250597988377,5.5939294203942874e-06,2.3337989882469e-05,1,0
273.84196342643901,5.5940069458045316e-06,2.4019471488132911e-05,1,0
281.83829312644838,5.5941478990472074e-06,2.4720852711804721e-05,1,0
290.06811986931848,5.5942919719361702e-06,2.544271462769518e-05,1,0
298.53826189179921,5.5943212863784207e-06,2.6185655310248961e-05,1,0
307.25573652674802,5.5943959707633763e-06,2.6950290244183089e-05,1,0
316.22776601684137,5.5947041438934396e-06,2.7737252899228969e-05,1,0
325.4617834980495,5.5951577496754886e-06,2.854719526535445e-05,1,0
334.96543915783138,5.5947405395799878e-06,2.9380788464581551e-05,1,0
344.74660657315331,5.5953020665390866e-06,3.023872291454111e-05,1,0
354.81338923357953,5.594967656921578e-06,3.1121709602756487e-05,1,0
365.17412725484178,5.5957270773244029e-06,3.2030479859069123e-05,1,0
375.83740428844851,5.5955398463039391e-06,3.2965786783622052e-05,1,0
386.81205463305662,5.5957296157709652e-06,3.3928405107561257e-05,1,0
398.10717055350187,5.5959270154974611e-06,3.4919132407062293e-05,1,0
409.73210981354629,5.5962058092747996e-06,3.5938789453827052e-05,1,0
421.69650342858722,5.5965704983910974e-06,3.6988221004234613e-05,1,0
434.01026364474899,5.5968112706900328e-06,3.8068296549168097e-05,1,0
446.68359215096842,5.5962774883736421e-06,3.9179910950939551e-05,1,0
459.72698853087769,5.5974019564810087e-06,4.0323984853677072e-05,1,0
473.15125896148618,5.5975812222917836e-06,4.1501466450010983e-05,1,0
486.96752516586901,5.5979995726895358e-06,4.2713331090614509e-05,1,0
501.18723362727837,5.5972997596467404e-06,4.3960582990773339e-05,1,0
515.82216507231192,5.5980325407658367e-06,4.5244255086305901e-05,1,0
530.88444423099486,5.5977920725246794e-06,4.6565411220671222e-05,1,0
546.3865498818609,5.59875957737397e-06,4.7925145632568829e-05,1,0
562.34132519035597,5.5991573604434091e-06,4.9324585076567927e-05,1,0
578.76198834912782,5.6000273676134886e-06,5.0764888825728388e-05,1,0
595.66214352901784,5.6004035782900273e-06,5.224725029289204e-05,1,0
613.05579214982833,5.6007366030700068e-06,5.3772897491096062e-05,1,0
630.95734448020119,5.600889289822998e-06,5.5343094427210498e-05,1,0
649.38163157621955,5.6021081403012172e-06,5.6959141746338267e-05,1,0
668.34391756862317,5.6028015099296723e-06,5.8622378584604897e-05,1,0
687.85991230881643,5.6029327956709312e-06,6.0334182934189839e-05,1,0
707.94578438414703,5.6032702097121887e-06,6.2095972849783405e-05,1,0
728.61817451323714,5.6035336014546094e-06,6.3909207976895621e-05,1,0
749.89420933246561,5.6044094109728988e-06,6.5775390365841539e-05,1,0
771.79151558502247,5.6054367091327993e-06,6.7696066226620417e-05,1,0
794.32823472429186,5.6057507517784203e-06,6.9672827026146249e-05,1,0
817.52303794366071,5.6066296188473314e-06,7.1707310099863685e-05,1,0
841.39514164520619,5.6074725589075609e-06,7.3801201183364937e-05,1,0
865.96432336007683,5.608584674487498e-06,7.5956234898741994e-05,1,0
891.25093813375736,5.6095913963012644e-06,7.817419676684468e-05,1,0
917.27593538979181,5.6099667531767991e-06,8.0456924468332917e-05,1,0
944.06087628593605,5.6108952514721156e-06,8.2806308874451074e-05,1,0
971.62795157711923,5.6118322512739021e-06,8.5224296532358329e-05,1,0
1000.000000000014,5.6133357081207857e-06,8.7712890509725262e-05,1,0
1029.200527194442,5.6150193155966004e-06,9.0274152693108466e-05,1,0
1059.2537251773031,5.6162103288016624e-06,9.2910205245402328e-05,1,0
1090.184492385142,5.6179931826330236e-06,9.5623231696819746e-05,1,0
1122.0184543019791,5.6191915074347254e-06,9.8415480178071362e-05,1,0
1154.781984689474,5.6211631259388916e-06,0.0001012892634917693,1,0
1188.5022274370349,5.6235943136395682e-06,0.0001042469626008407,1,0
1223.207119049948,5.6235303980425253e-06,0.0001072910289653871,1,0
1258.9254117941839,5.6259023774826286e-06,0.0001104239828164739,1,0
1295.6866975170369,5.6281524435353292e-06,0.000113648420569863,1,0
1333.5214321633421,5.6301251882453228e-06,0.0001169670137179453,1,0
1372.4609610075811,5.6325102193849542e-06,0.0001203825113325494,1,0
1412.537544622774,5.6357542714367354e-06,0.000123897742892644,1,0
1453.784385607682,5.6373138424979929e-06,0.00012751562180080781,1,0
1496.235656094454,5.640383774344789e-06,0.00013123914401083381,1,0
1539.926526059513,5.6443601852045318e-06,0.00013507139450888141,1,0
1584.8931924611361,5.6457608948132974e-06,0.00013901555002307869,1,0
1631.1729092278611,5.6490208164947686e-06,0.00014307487609681749,1,0
1678.804018122584,5.6518138142981524e-06,0.00014725273672637921,1,0
1727.8259805078881,5.6553339287558974e-06,0.000151552592762067,1,0
1778.2794100389481,5.6605095375643709e-06,0.0001559780058722444,1,0
1830.2061063110821,5.6636309983468806e-06,0.0001605326445333591,1,0
1883.649089489827,5.6681127040123238e-06,0.00016522028023255211,1,0
1938.652635952235,5.673515343229863e-06,0.00017004479677613289,1,0
1995.262314968908,5.678382183353222e-06,0.00017501019202208369,1,0
2053.525026457176,5.6830327526580208e-06,0.00018012057953398911,1,0
2113.4890398366779,5.6873924531720574e-06,0.00018538019323749501,1,0
2175.2040340195549,5.692742191941472e-06,0.00019079338966357571,1,0
2238.7211385683731,5.6999586141587971e-06,0.00019636465294263139,1,0
2304.0929760558802,5.705470163502953e-06,0.00020209860126729401,1,0
2371.373705661691,5.7123659806368337e-06,0.00020799998277730639,1,0
2440.6190680420168,5.7200352309753758e-06,0.0002140736871559456,1,0
2511.886431509618,5.7254472403645288e-06,0.00022032474852437639,1,0
2585.2348395622298,5.7350585577255666e-06,0.00022675834088800649,1,0
2660.72505979885,5.7443447219593361e-06,0.00023337979748133271,1,0
2738.4196342644032,5.7525441559785947e-06,0.0002401946050844833,1,0
2818.3829312644971,5.7615090605705852e-06,0.00024720840787556238,1,0
2900.681198693198,5.7718423713314347e-06,0.00025442701604676591,1,0
2985.3826189180058,5.7823193993016804e-06,0.00026185641110477482,1,0
3072.5573652674939,5.7938044424688854e-06,0.00026950274725403948,1,0
3162.2776601684291,5.8059294173423606e-06,0.00027737236001523969,1,0
3254.61783498051,5.8184973995308506e-06,0.00028547176872278511,1,0
3349.6543915783291,5.8320700310496012e-06,0.00029380768338717138,1,0
3447.466065731548,5.8465644315697054e-06,0.00030238700982708472,1,0
3548.1338923358112,5.8618099301758692e-06,0.00031121685620320519,1,0
3651.7412725484351,5.8763503083831637e-06,0.00032030453938615118,1,0
3758.3740428845022,5.8932670077559111e-06,0.00032965758456278562,1,0
3868.1205463305841,5.9102339977559432e-06,0.00033928374360235592,1,0
3981.071705535036,5.9311516444672128e-06,0.00034919098611677649,1,0
4097.3210981354814,5.9502227365158588e-06,0.00035938752748821128,1,0
4216.9650342858913,5.9729286064001738e-06,0.00036988180826580131,1,0
4340.1026364475092,5.9935709528202974e-06,0.00038068252989215741,1,0
4466.8359215097043,6.0176947816774523e-06,0.00039179863305400538,1,0
4597.2698853087977,6.043164137774985e-06,0.00040323933010123699,1,0
4731.5125896148829,6.0709075468260526e-06,0.00041501409755135979,1,0
4869.6752516587121,6.0980317988351239e-06,0.00042713269506378278,1,0
5011.872336272806,6.1286972800649392e-06,0.00043960515554771271,1,0
5158.2216507231424,6.1605560394755533e-06,0.0004524418163327831,1,0
5308.8444423099718,6.1936327695563423e-06,0.00046565331143905289,1,0
5463.8654988186336,6.2295027345097523e-06,0.00047925058408978258,1,0
5623.4132519035857,6.266928127238312e-06,0.00049324490075165609,1,0
5787.6198834913048,6.3076684712454806e-06,0.00050764785204513157,1,0
5956.6214352902061,6.3507723148389984e-06,0.00052247137192953344,1,0
6130.5579214983118,6.3942572549323572e-06,0.00053772774433742438,1,0
6309.5734448020403,6.4429319385163617e-06,0.00055342959988900059,1,0
6493.8163157622248,6.4927946007019436e-06,0.00056958995386396992,1,0
6683.4391756862606,6.5469925541326276e-06,0.00058622218905654512,1,0
6878.5991230881946,6.603211144654274e-06,0.00060334008812545524,1,0
7079.4578438415028,6.6620379714318086e-06,0.00062095783207349376,1,0
7286.181745132405,6.7258959188633503e-06,0.00063909000984079705,1,0
7498.9420933246902,6.7931726763315922e-06,0.0006577516474549662,1,0
7717.9151558502599,6.8642219331111969e-06,0.00067695820316910509,1,0
7943.2823472429554,6.9401115759363289e-06,0.0006967255871372682,1,0
8175.2303794366453,7.0190228899128317e-06,0.00071707017889178755,1,0
8413.9514164521006,7.1042606671151139e-06,0.00073800882439403173,1,0
8659.6432336008074,7.193667045159886e-06,0.00075955887467888446,1,0
8912.5093813376134,7.2882229552773197e-06,0.00078173818162911727,1,0
9172.75935389796,7.3884201922843539e-06,0.00080456511605102494,1,0
9440.6087628594032,7.4957957497624728e-06,0.00082805858452107012,1,0
9716.2795157712371,7.6085980456889214e-06,0.00085223805425011087,1,0
10000.00000000018,7.7266665184508171e-06,0.00087712355738214841,1,0
10292.00527194447,7.8537073118837703e-06,0.00090273569551927943,1,0
10592.537251773079,7.9880690559526104e-06,0.00092909569361969294,1,0
10901.84492385148,8.1295160967025611e-06,0.00095622538827747484,1,0
11220.184543019839,8.2794810294850159e-06,0.00098414724760554056,1,0
11547.819846894799,8.4398728821720857e-06,0.0010128843966438321,1,0
11885.022274370411,8.607877692553294e-06,0.001042460649765668,1,0
12232.071190499541,8.7875590095152207e-06,0.0010729004937184679,1,0
12589.254117941909,8.9767537810814119e-06,0.001104229150610889,1,0
12956.86697517044,9.1777042842528454e-06,0.00113647256544935,1,0
13335.21432163349,9.3895985307866626e-06,0.0011696574482237591,1,0
13724.60961007588,9.614590659369388e-06,0.0012038112805725239,1,0
14125.37544622781,9.8522248995834313e-06,0.0012389623560048429,1,0
14537.84385607689,1.010501175340198e-05,0.001275139779771552,1,0
14962.35656094462,1.037268733612177e-05,0.001312373519205509,1,0
15399.26526059521,1.0655316886751489e-05,0.0013506944170067049,1,0
15848.931924611439,1.0955383956292851e-05,0.001390134202631121,1,0
16311.7290922787,1.127291004114114e-05,0.0014307255436156489,1,0
16788.04018122593,1.161028393941856e-05,0.0014725020497391109,1,0
17278.259805078971,1.1965212276583801e-05,0.0015154983350666249,1,0
17782.794100389568,1.234441074573352e-05,0.001559749977363012,1,0
18302.061063110919,1.2743193782479021e-05,0.0016052936522364481,1,0
18836.490894898368,1.3167017196218111e-05,0.001652167053629272,1,0
19386.52635952245,1.361642126813119e-05,0.0017004089969779709,1,0
19952.623149689189,1.40916333499762e-05,0.001750059436983573,1,0
20535.250264571871,1.45947997992956e-05,0.0018011594805821859,1,0
21134.89039836689,1.5129710454670411e-05,0.001853751424333922,1,0
21752.040340195661,1.5693575133419141e-05,0.001907878841428979,1,0
22387.21138568384,1.6292293118357439e-05,0.0019635865164074938,1,0
23040.92976055892,1.6926131725525809e-05,0.0020209205804197,1,0
23713.737056617028,1.759786172557777e-05,0.0020799284948731958,1,0
24406.190680420299,1.8309411021667639e-05,0.0021406591088749161,1,0
25118.864315096311,1.906154772447376e-05,0.002203162703301037,1,0
25852.34839562243,1.9861958198585769e-05,0.002267490976560445,1,0
26607.250597988641,2.0707487486691249e-05,0.002333697214936608,1,0
27384.19634264418,2.1601690388168009e-05,0.0024018362084743789,1,0
28183.829312645121,2.255029327465741e-05,0.0024719643257924738,1,0
29006.811986932142,2.355521490642667e-05,0.002544139609676073,1,0
29853.826189180221,2.4618722372128911e-05,0.002618421793554356,1,0
30725.57365267511,2.5747549096413591e-05,0.0026948723092297812,1,0
31622.776601684462,2.6942042555328562e-05,0.0027735544409661678,1,0
32546.178349805268,2.8205616713984559e-05,0.002854533289385256,1,0
33496.54391578347,2.9545821739773709e-05,0.002937875804994878,1,0
34474.660657315668,3.0964763287856081e-05,0.0030236509454304602,1,0
35481.3389233583,3.2467577822247643e-05,0.0031119296559544928,1,0
36517.412725484552,3.4059625426747921e-05,0.0032027849293843639,1,0
37583.740428845224,3.5746187101246158e-05,0.003296291895853354,1,0
38681.205463306047,3.7533014540388297e-05,0.0033925278642046399,1,0
39810.717055350578,3.9426572230113722e-05,0.0034915723868588992,1,0
40973.210981355027,4.1429913970435182e-05,0.0035935073728632309,1,0
42169.650342859139,4.3553780270370703e-05,0.0036984170128242168,1,0
43401.026364475329,4.5802871001856217e-05,0.0038063880380618349,1,0
44668.359215097284,4.8185535313630832e-05,0.0039175096384834783,1,0
45972.698853088223,5.0709161681388477e-05,0.0040318736247777608,1,0
47315.125896149082,5.3381341641313061e-05,0.0041495744642582981,1,0
48696.752516587381,5.6212863552050427e-05,0.0042707093305624439,1,0
50118.723362728328,5.9212673357879243e-05,0.0043953782446383661,1,0
51582.216507231708,6.2388284716787093e-05,0.0045236841559806668,1,0
53088.444423100009,6.5752931147540342e-05,0.004655732915946397,1,0
54638.65498818663,6.9316701939866894e-05,0.004791633494049605,1,0
56234.132519036153,7.309083705277248e-05,0.0049314980161792137,1,0
57876.198834913353,7.7089562830799063e-05,0.0050754417903437687,1,0
59566.214352902367,8.132551758062678e-05,0.0052235835115515628,1,0
61305.579214983431,8.5812602718403003e-05,0.0053760452900908978,1,0
63095.734448020718,9.0563700509263409e-05,0.0055329527909766226,1,0
64938.163157622577,9.5596973282979599e-05,0.0056944352182139004,1,0
66834.391756862955,0.0001009283566705649,0.0058606255576091277,1,0
68785.991230882297,0.0001065753657820275,0.0060316606187442272,1,0
70794.578438415381,0.00011255589171838299,0.0062076811575288039,1,0
72861.817451324416,0.0001188918199566921,0.0063888319024527924,1,0
74989.420933247282,0.00012560261261789659,0.006575261818662863,1,0
77179.151558502999,0.00013270993668227399,0.0067671241333349293,1,0
79432.823472429969,0.00014023930912783689,0.0069645763871349414,1,0
81752.303794366875,0.00014821309855779719,0.0071677807458559364,1,0
84139.514164521446,0.0001566585703531848,0.0073769039236008388,1,0
86596.43233600854,0.00016560618434455869,0.0075921173529343378,1,0
89125.093813376618,0.00017508059069526981,0.0078135975300750848,1,0
91727.593538980087,0.0001851193613924415,0.0080415257039719891,1,0
94406.087628594527,0.00019574942933642251,0.0082760885864520736,1,0
97162.79515771287,0.00020700847166803501,0.0085174779581333286,1,0
100000.0000000023,0.0002189344001759413,0.0087658910697141681,1,0
102920.0527194452,0.00023156517749089859,0.0090215308227116174,1,0
105925.3725177314,0.00024494412155203339,0.0092846057591913257,1,0
109018.4492385153,0.00025911380544813961,0.009555330337038417,1,0
112201.845430199,0.0002741209668185608,0.0098339250387007408,1,0
115478.1984689485,0.00029001719621522029,0.01012061644568198,1,0
118850.22274370459,0.00030685178305670202,0.01041563763768502,1,0
122320.711904996,0.00032468207607920768,0.01071922803771988,1,0
125892.5411794197,0.00034356810911001149,0.01103163370317973,1,0
129568.66975170501,0.00036356804480936638,0.011353107745024569,1,0
133352.14321633559,0.00038475230755297222,0.011683909915240711,1,0
137246.09610075949,0.00040718706038389872,0.01202430745323277,1,0
141253.7544622788,0.00043094845203816781,0.012374574651094041,1,0
145378.43856076969,0.00045611223527162022,0.01273499352315568,1,0
149623.5656094469,0.00048276209089532308,0.013105853606123281,1,0
153992.6526059529,0.00051098727581601095,0.013487452238692989,1,0
158489.31924611519,0.00054087580161267144,0.013880095066650319,1,0
163117.2909227878,0.00057253182666024984,0.01428409541075467,1,0
167880.4018122601,0.00060605429243411736,0.0146997755173738,1,0
172782.59805079049,0.00064155453344742406,0.015127465808517111,1,0
177827.94100389659,0.00067914750517209931,0.015567505600645799,1,0
183020.61063111009,0.0007189591490853732,0.01602024287768769,1,0
188364.9089489847,0.00076111702729444953,0.0164860349725672,1,0
193865.26359522549,0.0008057594839590308,0.016965248165249958,1,0
199526.2314968929,0.00085303104344381406,0.017458258322550779,1,0
205352.50264571971,0.00090308771539049186,0.017965450644825229,1,0
211348.90398366991,0.00095609037836341595,0.018487220274465869,1,0
217520.40340195771,0.0010122129356701329,0.01902397189489579,1,0
223872.11385683951,0.0010716356015420679,0.019576120500977429,1,0
230409.29760559031,0.0011345526985253439,0.020144090893389088,1,0
237137.37056617139,0.0012011679076712369,0.020728318209198768,1,0
244061.9068042041,0.0012716967911972289,0.02132924786803965,1,0
251188.64315096429,0.0013463662347216721,0.021947335898624829,1,0
258523.48395622551,0.0014254177210795539,0.022583048522788529,1,0
266072.50597988762,0.001509103695128028,0.023236862922566159,1,0
273841.96342644299,0.001597696374098541,0.02390926640085898,1,0
281838.29312645248,0.001691477713652863,0.024600757310234291,1,0
290068.11986932269,0.001790748852482271,0.025311844446208039,1,0
298538.26189180347,0.0018958268863448131,0.02604304714741796,1,0
307255.73652675247,0.00200704748349817,0.026794895302957891,1,0
316227.766016846,0.0021247621181359,0.027567929659201379,1,0
325461.7834980542,0.002249347152662336,0.028362700687801671,1,0
334965.43915783631,0.0023811944859351958,0.029179769475234391,1,0
344746.60657315818,0.0025207220909107741,0.030019706767406229,1,0
354813.38923358457,0.002668366982192639,0.03088309351575854,1,0
365174.12725484709,0.0028245949072131719,0.031770519353573591,1,0
375837.40428845392,0.0029898921343143679,0.032682583730101529,1,0
386812.05463306222,0.0031647749594826478,0.033619894418194823,1,0
398107.17055350757,0.0033497847182399989,0.034583067406266217,1,0
409732.10981355218,0.003545497545929734,0.035572725854037451,1,0
421696.50342859328,0.003752513620652596,0.036589500770149802,1,0
434010.26364475518,0.00397146490036159,0.037634029237770698,1,0
446683.5921509749,0.0042030249729898819,0.038706953127490562,1,0
459726.98853088432,0.0044478957546172718,0.039808919424233473,1,0
473151.25896149297,0.0047068168948410077,0.040940579026168829,1,0
486967.52516587602,0.0049805652900578954,0.042102585007075519,1,0
501187.23362728558,0.0052699577769017023,0.043295591962545787,1,0
515822.16507231939,0.0055758602312412277,0.044520253286585647,1,0
530884.44423100248,0.0058991723786843029,0.045777222118696052,1,0
546386.54988186876,0.0062408402325953259,0.047067148685349718,1,0
562341.32519036403,0.0066018599383463302,0.04839067649537597,1,0
578761.98834913608,0.0069832734872747066,0.04974844405804469,1,0
595662.14352902642,0.0073861723676580176,0.051141080160176808,1,0
613055.79214983713,0.0078117022536247603,0.05256920187265729,1,0
630957.34448021022,0.0082610595903900002,0.054033413747596383,1,0
649381.63157622877,0.0087354964262593808,0.055534303061339323,1,0
668343.91756863263,0.0092363218434731633,0.057072438207290327,1,0
687859.91230882623,0.0097649039085496245,0.058648365599274457,1,0
707945.78438415716,0.01032266730556892,0.060262606032651211,1,0
728618.17451324756,0.01091109786198555,0.06191565206646104,1,0
749894.20933247625,0.01153174399889746,0.063607963631367392,1,0
771791.51558503346,0.01218621565937111,0.065339963828664624,1,0
794328.23472430324,0.012876189192710561,0.067112035218899621,1,0
817523.03794367239,0.01360340163565666,0.06892451687126265,1,0
841395.14164521813,0.01436965905791858,0.070777697649235166,1,0
865964.3233600891,0.015176824695309791,0.072671813741781832,1,0
891250.93813377002,0.01602683390906974,0.074607041062193041,1,0
917275.93538980489,0.016921684764996461,0.076583494038998889,1,0
944060.87628594949,0.01786343411538802,0.07860121881511592,1,0
971627.95157713315,0.018854208180334509,0.080660183355321977,1,0
1000000.0000000281,0.019896182666686829,0.08276028256010276,1,0
1029200.527194457,0.02099160617315405,0.084901322302531043,1,0
1059253.725177319,0.022142772941156741,0.087083022058092388,1,0
1090184.4923851581,0.023352035496991091,0.08930500444778644,1,0
1122018.454301995,0.024621792633473159,0.091566793279100292,1,0
1154781.9846894911,0.02595449379697487,0.093867805695870485,1,0
1188502.2274370519,0.02735263153119518,0.096207349439396267,1,0
1223207.1190499661,0.028818731911290581,0.09858462016610714,1,0
1258925.4117942031,0.030355352248933012,0.10099869235534099,1,0
1295686.697517056,0.031965078824878493,0.1034485216721092,1,0
1333521.4321633619,0.033650517680446093,0.1059329358230069,1,0
1372460.9610076011,0.035414293246138921,0.1084506351497911,1,0
1412537.544622795,0.037259029680502431,0.11100019505798971,1,0
1453784.3856077041,0.039187355501014758,0.113580055422437,1,0
1496235.656094477,0.0412018824979574,0.1161885334847909,1,0
1539926.526059536,0.043305228786637992,0.1188238083407951,1,0
1584893.1924611591,0.045499971785744997,0.1214839391626845,1,0
1631172.909227886,0.047788671167360887,0.12416685731674371,1,0
1678804.018122609,0.050173849407203847,0.12687037571882881,1,0
1727825.980507914,0.052657993222167687,0.12959218866939459,1,0
1778279.4100389751,0.055243535773114583,0.13232988972706719,1,0
1830206.1063111089,0.057932870809978033,0.1350809633551189,1,0
1883649.089489856,0.060728335631255743,0.1378428047971636,1,0
1938652.6359522641,0.063632212801718976,0.14061272874194661,1,0
1995262.314968938,0.066646744198864502,0.1433879704629922,1,0
2053525.0264572061,0.069774106514768258,0.14616571055884231,1,0
2113489.0398367089,0.073016448306676474,0.14894307232423221,1,0
2175204.0340195871,0.076375866667264425,0.15171714508748541,1,0
2238721.138568406,0.0798544334252137,0.1544849895027097,1,0
2304092.9760559141,0.083454210456873318,0.15724364854505829,1,0
2371373.7056617248,0.087177259110109873,0.15999016043751529,1,0
2440619.068042052,0.091025653935411649,0.16272156613956559,1,0
2511886.431509655,0.095001508443493102,0.1654349243136613,1,0
2585234.839562268,0.099106999146040195,0.1681273029340844,1,0
2660725.0597988889,0.10334439949348589,0.17079579864375249,1,0
2738419.6342644431,0.10771610271409771,0.1734375233340037,1,0
2818382.9312645379,0.11222465528888589,0.1760496155253404,1,0
2900681.198693241,0.1168728027592026,0.17862922428868569,1,0
2985382.6189180501,0.12166351446687711,0.18117349793903459,1,0
3072557.3652675389,0.12660003536475689,0.18367958001241241,1,0
3162277.660168475,0.1316859310290322,0.1861445764974472,1,0
3254617.8349805572,0.13692512738284929,0.18856552972774579,1,0
3349654.3915783782,0.1423219623374235,0.19093939930303899,1,0
3447466.065731599,0.14788122900867859,0.19326301180596361,1,0
3548133.8923358619,0.1536082367679357,0.19553300963924031,1,0
3651741.2725484879,0.159508840302414,0.19774581835828511,1,0
3758374.042884557,0.1655895239963569,0.19989756378758461,1,0
3868120.5463306401,0.17185741144417649,0.20198402812322511,1,0
3981071.7055350952,0.17832035243749139,0.20400054239517981,1,0
4097321.0981355412,0.18498694858760009,0.20594192275536419,1,0
4216965.0342859523,0.19186663188507269,0.20780236831335769,1,0
4340102.6364475721,0.19896968600337719,0.20957534388471361,1,0
4466835.9215097688,0.20630730169057851,0.21125348118681639,1,0
4597269.8853088636,0.21389165502326851,0.21282841428740901,1,0
4731512.5896149511,0.22173591892814459,0.2142906637359786,1,0
4869675.2516587824,0.2298543406951648,0.21562945371254741,1,0
5011872.3362728786,0.23826227633922989,0.2168325231879096,1,0
5158221.6507232171,0.24697625027222311,0.21788593882113799,1,0
5308844.4423100492,0.2560139909271511,0.2187738320502588,1,0
5463865.4988187132,0.26539450162594269,0.21947815289250919,1,0
5623413.2519036671,0.27513807576448113,0.21997836644179561,1,0
5787619.8834913895,0.28526636209293282,0.220251089950917,1,0
5956621.4352902919,0.29580239104440398,0.22026969904846,1,0
6130557.9214984002,0.306770604360253,0.22000386291289231,1,0
6309573.4448021324,0.31819684141147031,0.21941900833607489,1,0
6493816.3157623187,0.33010835150934198,0.21847566532789409,1,0
6683439.1756863575,0.34253372546419658,0.2171287420211204,1,0
6878599.1230882937,0.35550279334830831,0.2153266347037972,1,0
7079457.843841604,0.36904643992589942,0.2130101885311767,1,0
7286181.7451325087,0.383196308576778,0.21011150728461239,1,0
7498942.0933247972,0.3979843837053596,0.2065524591723035,1,0
7717915.1558503704,0.4134423081960778,0.2022430168521672,1,0
7943282.3472430687,0.42960047071079388,0.19707922959708959,1,0
8175230.3794367621,0.44648663706346442,0.19094088987854341,1,0
8413951.4164522216,0.46412407635590808,0.18368880526993989,1,0
8659643.2336009331,0.48252888660012339,0.1751616911608587,1,0
8912509.3813377433,0.50170636516800293,0.1651726436817523,1,0
9172759.3538980931,0.52164595406826186,0.15350530517974131,1,0
9440608.7628595401,0.54231442660428952,0.1399097990196074,1,0
9716279.5157713778,0.56364664417712251,0.1240988083340259,1,0
10000000.00000033,0.58553329241573904,0.105744265442515,1,0
10292005.27194462,0.6078047128091959,0.084475566470793781,1,0
10592537.251773231,0.63021010491444573,0.059880753416374388,1,0
10901844.92385163,0.65239136250226071,0.031512860013580571,1,0
11220184.543020001,0.67385146826128484,-0.001095388871730462,1,0
11547819.846894961,0.69391838941717465,-0.038404028352631008,1,0
11885022.274370581,0.7117076764712339,-0.080819949345511163,1,0
12232071.190499719,0.72609051356907872,-0.12862638342947999,1,0
12589254.117942089,0.73567926705127606,-0.18188284409891051,1,0
12956866.975170629,0.73884900728621872,-0.24029537011356941,1,0
13335214.32163368,0.73381921526895943,-0.30306713215262632,1,0
13724609.610076079,0.71881963420631001,-0.36875728603924551,1,0
14125375.446228011,0.6923518812372732,-0.43519705215812321,1,0
14537843.856077099,0.6535267926953211,-0.49952859926637438,1,0
14962356.560944829,0.60240927722638327,-0.55842502615110723,1,0
15399265.260595441,0.54025716912524024,-0.60850397440796955,1,0
15848931.924611671,0.46953360147028361,-0.64686506328304427,1,0
16311729.092278929,0.39363180025943978,-0.67160144103504982,1,0
16788040.181226172,0.31636331157669412,-0.68211434043249175,1,0
17278259.805079222,0.24136455792913919,-0.67912690880083415,1,0
17782794.100389831,0.17160420621437791,-0.66441580211660245,1,0
18302061.063111179,0.10911231132418719,-0.64038147843239979,1,0
18836490.894898649,0.054948370101153297,-0.60960682686668177,1,0
19386526.35952273,0.0093445316106329866,-0.5745131071432964,1,0
19952623.149689481,-0.028068528364576049,-0.53715493667091718,1,0
20535250.264572158,-0.058030520777844867,-0.49914185450675358,1,0
21134890.398367189,-0.081459843008770599,-0.46164850717840178,1,0
21752040.340195969,-0.099316519169386164,-0.42547319064153022,1,0
22387211.38568417,-0.11251625599587831,-0.39111407180924562,1,0
23040929.76055925,-0.1218844508149648,-0.35884428026206039,1,0
23713737.056617372,-0.12813760829041251,-0.32877673586677097,1,0
24406190.680420648,-0.13188171309262781,-0.30091576398892822,1,0
25118864.315096669,-0.1336199331262056,-0.27519599813732759,1,0
25852348.395622801,-0.1337646406009059,-0.25151046840888969,1,0
26607250.597989019,-0.13265067121702079,-0.22973018518028041,1,0
27384196.342644569,-0.13054816012937989,-0.20971730193608529,1,0
28183829.312645521,-0.12767412383303511,-0.1913336626845531,1,0
29006811.98693255,-0.1242024785191443,-0.17444605583341699,1,0
29853826.189180639,-0.12027246728563119,-0.15892922773032081,1,0
30725573.65267555,-0.115995620565453,-0.1446673682101367,1,0
31622776.601684909,-0.1114614215115912,-0.1315546100782389,1,0
32546178.349805739,-0.1067418743538982,-0.11949489870919661,1,0
33496543.915783949,-0.10189515805730361,-0.1084014776885892,1,0
34474660.657316163,-0.09696851697350424,-0.098196177559085648,1,0
35481338.923358798,-0.092000551039771505,-0.088808600961279308,1,0
36517412.725485057,-0.087023000447035384,-0.080175292796685962,1,0
37583740.428845748,-0.082062139636095405,-0.072238933997409591,1,0
38681205.463306591,-0.077139853000766243,-0.064947597447206004,1,0
39810717.055351138,-0.072274463239367495,-0.058254070162079188,1,0
40973210.981355608,-0.067481365604062649,-0.052115260133385799,1,0
42169650.34285973,-0.062773511835398102,-0.046491681402449997,1,0
43401026.364475943,-0.058161782896594481,-0.0413470198888298,1,0
44668359.215097912,-0.053655282341573407,-0.036647770413207652,1,0
45972698.853088871,-0.049261567671133988,-0.032362939393675391,1,0
47315125.896149747,-0.044986848377731287,-0.028463800830507379,1,0
48696752.516588069,-0.040836157708712843,-0.024923693954463731,1,0
50118723.362729043,-0.036813512017461608,-0.02171785691079468,1,0
51582216.507232442,-0.032922062653612041,-0.01882327517588675,1,0
53088444.423100762,-0.029164241737868291,-0.016218543311137801,1,0
54638654.98818741,-0.025541899432211339,-0.013883726452185319,1,0
56234132.519036964,-0.022056430231368891,-0.01180021749372517,1,0
57876198.834914178,-0.01870888060951726,-0.0099505859379131947,1,0
59566214.352903217,-0.015500030884990249,-0.0083184225315845045,1,0
61305579.214984313,-0.01243044771547561,-0.0068881816843237211,1,0
63095734.448021643,-0.0095005032829960836,-0.0056450301245361684,1,0
64938163.157623507,-0.0067103612827072653,-0.0045747109818050011,1,0
66834391.756863907,-0.0040599346627524843,-0.0036634313492410571,1,0
68785991.230883285,-0.0015488219458549301,-0.0028977810902430152,1,0
70794578.438416392,0.00082376772753400449,-0.0022646867830621521,1,0
72861817.451325446,0.003059089790803209,-0.001751401479885668,1,0
74989420.933248341,0.0051589299632509057,-0.001345526931039918,1,0
77179151.55850409,0.0071256512264777517,-0.0010350619610308221,1,0
79432823.472431093,0.0089622170386750924,-0.00080846958877887334,1,0
81752303.794368029,0.0106721874670152,-0.00065475226981570513,1,0
84139514.164522633,0.01225969035972894,-0.00056352770562481354,1,0
86596432.336009756,0.013729368284821179,-0.00052509695487983022,1,0
89125093.813377872,0.01508630850037526,-0.00053049987164109364,1,0
91727593.538981378,0.016335958972522241,-0.00057155372595168075,1,0
94406087.628595859,0.017484038703764151,-0.00064087396055537214,1,0
97162795.157714248,0.018536445278368799,-0.00073187691738610546,1,0
100000000.0000037,0.019499166063500509,-0.0008387660305313239,1,0
102920052.7194467,0.020378194747870771,-0.00095650381481918233,1,0
105925372.5177329,0.02117945733809657,-0.001080772477353947,1,0
109018449.2385169,0.021908747580916928,-0.0012079257422004019,1,0
112201845.43020061,0.022571673322118579,-0.0013349347368858499,1,0
115478198.4689502,0.023173613675323949,-0.001459330533540112,1,0
118850222.7437063,0.023719686266473951,-0.0015791452293223371,1,0
122320711.9049978,0.024214724297699219,-0.001692853724797165,1,0
125892541.1794215,0.024663261665779292,-0.001799316990330109,1,0
129568669.7517069,0.02506952594269184,-0.001897728699854406,1,0
133352143.2163375,0.025437437426335599,-0.001987564903964862,1,0
137246096.10076141,0.025770613435451551,-0.002068538386390803,1,0
141253754.46228081,0.026072376890829418,-0.0021405571247859992,1,0
145378438.5607717,0.026345768056364929,-0.0022036872269282702,1,0
149623565.60944909,0.026593558655745291,-0.002258120457016372,1,0
153992652.60595509,0.02681826768336909,-0.0023041457996063352,1,0
158489319.24611741,0.02702217816701959,-0.0023421253474031922,1,0
163117290.92279011,0.02720735434682214,-0.0023724736159180001,1,0
167880401.81226251,0.02737565892968909,-0.002395640463842811,1,0
172782598.05079299,0.027528769868692481,-0.0024120968781813769,1,0
177827941.0038991,0.027668196675806878,-0.0024223235836555649,1,0
183020610.63111269,0.027795295772863039,-0.0024268019011852932,1,0
188364908.94898731,0.027911284999439338,-0.002426006561768584,1,0
193865263.5952282,0.028017257030151569,-0.0024204002343440928,1,0
199526231.4968957,0.028114191788061689,-0.0024104294422755751,1,0
205352502.6457226,0.028202967820642549,-0.0023965217359291579,1,0
211348903.98367289,0.028284372617757271,-0.002379083556800415,1,0
217520403.4019607,0.028359112005178658,-0.0023584990720206989,1,0
223872113.8568427,0.02842781861610828,-0.002335129546862266,1,0
230409297.60559359,0.028491059525669989,-0.0023093130766980549,1,0
237137370.56617481,0.028549343136612941,-0.0022813648615764731,1,0
244061906.80420759,0.028603125349895259,-0.002251577543784512,1,0
251188643.1509679,0.028652815095949628,-0.0022202219319847022,1,0
258523483.95622921,0.028698779337597829,-0.002187547748297831,1,0
266072505.97989139,0.028741347498757779,-0.0021537845284466178,1,0
273841963.42644691,0.028780815491534439,-0.0021191426252184561,1,0
281838293.1264565,0.028817449281671639,-0.002083814173407804,1,0
290068119.86932677,0.028851488119627011,-0.002047974155916195,1,0
298538261.89180779,0.028883147411624639,-0.0020117814324222549,1,0
307255736.52675688,0.02891262129086954,-0.001975379807841311,1,0
316227766.01685047,0.028940084932433229,-0.0019388989787587341,1,0
325461783.49805892,0.028965696607614978,-0.0019024556432004161,1,0
334965439.15784103,0.028989599520500699,-0.0018661543868893739,1,0
344746606.57316321,0.029011923446337819,-0.001830088643114571,1,0
354813389.23358959,0.02903278619164687,-0.0017943415856805859,1,0
365174127.25485241,0.029052294887857669,-0.001758986992163604,1,0
375837404.28845918,0.029070547140881101,-0.001724090038200868,1,0
386812054.63306773,0.02908763204716773,-0.0016897080701004819,1,0
398107170.55351329,0.029103631096422219,-0.001655891338779137,1,0
409732109.81355798,0.029118618966333689,-0.001622683636460926,1,0
421696503.4285993,0.02913266422285159,-0.001590122964976838,1,0
434010263.64476138,0.029145829932775161,-0.0015582420778706609,1,0
446683592.15098119,0.029158174218420679,-0.0015270690558557901,1,0
459726988.53089082,0.029169750722109419,-0.001496627769296944,1,0
473151258.96149969,0.029180609036493239,-0.001466938364673773,1,0
486967525.16588289,0.029190795065136148,-0.001438017653540733,1,0
501187233.62729269,0.029200351353524789,-0.0014098795049553329,1,0
515822165.07232672,0.029209317371648461,-0.001382535188775044,1,0
530884444.23101002,0.029217729766707359,-0.0013559936804668389,1,0
546386549.88187659,0.029225622585702569,-0.0013302619568110461,1,0
562341325.19037211,0.029233027471226351,-0.001305345218106374,1,0
578761988.34914434,0.029239973840582991,-0.001281247163630784,1,0
595662143.52903485,0.029246489039312481,-0.0012579701557051729,1,0
613055792.14984584,0.02925259848165147,-0.0012355154064531101,1,0
630957344.48021913,0.02925832577881584,-0.0012138831460907541,1,0
649381631.57623804,0.029263692852731619,-0.0011930727929664619,1,0
668343917.56864214,0.029268720037552039,-0.0011730830202282281,1,0
687859912.30883598,0.029273426179577681,-0.0011539119267431469,1,0
707945784.38416719,0.029277828720990769,-0.0011355571185245031,1,0
728618174.51325786,0.029281943780501831,-0.0011180157845194179,1,0
749894209.33248687,0.02928578623125529,-0.0011012847948669901,1,0
771791515.58504438,0.029289369767646688,-0.001085360764869417,1,0
794328234.72431445,0.029292706970878529,-0.0010702401132251229,1,0
817523037.94368398,0.02929580937020132,-0.0010559191258776191,1,0
841395141.64523005,0.029298687499760671,-0.001042394000533145,1,0
865964323.36010134,0.02930135095096275,-0.0010296608884821309,1,0
891250938.13378263,0.029303808423573181,-0.0010177159353543981,1,0
917275935.38981783,0.029306067772599531,-0.001006555327899971,1,0
944060876.28596282,0.029308136051506371,-0.00099617530787222833,1,0
971627951.57714677,0.02931001955378108,-0.00098657221648949757,1,0
1000000000.000042,0.029311723851620491,-0.00097774250574420539,1,0
