frequency_Hz,closed_supply_rejection_dB,input_referred_PSRR_dB
1,105.04730604154,105.047286582296
1.02920052719443,105.046735900504,105.04671644125099
1.05925372517729,105.04668661584201,105.04666715659
1.09018449238513,105.046634163115,105.046614703865
1.12201845430196,105.046578815741,105.04655935649301
1.15478198468946,105.046520139517,105.04650068027
1.1885022274370201,105.04645794388399,105.046438484639
1.2232071190499301,105.046362991991,105.04634353273001
1.2589254117941699,105.046293251094,105.046273791836
1.29568669751702,105.04621941179001,105.046199952533
1.33352143216333,105.046141131578,105.046121672323
1.37246096100756,105.046058314416,105.046038855164
1.4125375446227599,105.045970449991,105.04595099074101
1.45378438560766,105.04587753139,105.04585807214301
1.4962356560944301,105.045779062047,105.045759602803
1.5399265260594901,105.045674717791,105.045655258549
1.58489319246111,105.04553505401699,105.04551559476199
1.63117290922784,105.045417970142,105.045398510889
1.6788040181225601,105.045294011983,105.045274552734
1.72782598050787,105.04516264062801,105.045143181383
1.7782794100389201,105.044500302792,105.044480843541
1.83020610631106,105.044352998625,105.04433353937701
1.8836490894897999,105.044167782617,105.04414832335701
1.93865263595221,105.044002507877,105.043983048621
1.99526231496888,105.043827398536,105.043807939286
2.0535250264571498,105.043641980112,105.043622520867
2.1134890398366499,105.043416438813,105.04339697955599
2.1752040340195302,105.043208459212,105.04318899995999
2.2387211385683399,105.042987998184,105.04296853893899
2.3040929760558502,105.042231662099,105.04221220285
2.3713737056616599,105.041955378395,105.04193591913599
2.4406190680419799,105.041693485772,105.04167402652099
2.5118864315095899,105.041416135229,105.041396675985
2.5852348395622,105.041093268341,105.041073809088
2.6607250597988199,105.040782227135,105.04076276789
2.7384196342643699,105.039900833692,105.03988137443
2.8183829312644599,105.039551875114,105.039532415862
2.9006811986931602,105.039153177843,105.039133718584
2.9853826189179702,105.03876164117101,105.038742181922
3.0725573652674498,105.037795516193,105.037776056929
3.1622776601683902,105.03735632973201,105.03733687048
3.2546178349804702,105.03686212132401,105.036842662068
3.3496543915782899,105.03636950414,105.03635004489701
3.4474660657315002,105.03529659095901,105.035277131705
3.5481338923357599,105.03471500706701,105.03469554781
3.65174127254839,105.03410069913799,105.034081239881
3.7583740428844501,105.03295922344699,105.032939764197
3.8681205463305299,105.03227383423,105.03225437498099
3.98107170553499,105.031028079352,105.03100862009499
4.0973210981354304,105.03026300429801,105.030243545045
4.21696503428584,105.02945440046901,105.02943494122
4.3401026364474502,105.028078557334,105.028059098081
4.4668359215096496,105.02665432489501,105.02663486564001
4.5972698853087399,105.025699612465,105.025680153218
4.7315125896148196,105.024140537988,105.024121078725
4.8696752516586503,105.023073546346,105.02305408709501
5.0118723362727398,105.021395830516,105.02137637125099
5.1582216507230703,105.019682733217,105.01966327395699
5.3088444423099004,105.018392372864,105.01837291360501
5.46386549881856,105.016538601129,105.016519141879
5.6234132519035098,105.014579339265,105.014559880009
5.7876198834912298,105.01253915304299,105.012519693784
5.9566214352901303,105.010413359938,105.010393900678
6.1305579214982302,105.008196810513,105.008177351255
6.30957344480196,105.006116524544,105.006097065289
6.4938163157621398,105.003673518534,105.003654059269
6.6834391756861704,105.00115184744401,105.00113238819
6.8785991230881001,104.997970051989,104.99795059272201
7.0794578438414097,104.99518609888401,104.995166639617
7.2861817451323097,104.99227456585599,104.992255106592
7.4989420933245903,104.988712005566,104.9886925463
7.71791515585016,104.985495178419,104.985475719146
7.9432823472428504,104.981640617493,104.981621158227
8.1752303794365293,104.977598910208,104.977579450934
8.4139514164519902,104.973389619063,104.973370159788
8.6596432336006899,104.96900297271701,104.968983513445
8.9125093813374896,104.964400386815,104.964380927535
9.17275935389784,104.95959964509601,104.959580185813
9.4406087628592807,104.95407685702899,104.95405739773901
9.7162795157711095,104.948845842634,104.948826383354
10,104.942840159792,104.942820700502
10.2920052719443,104.936589331593,104.936569872299
10.5925372517729,104.9300787073,104.93005924801101
10.9018449238513,104.923265119669,104.923245660375
11.2201845430197,104.916136064922,104.916116605631
11.547819846894599,104.90718120586401,104.907161746558
11.885022274370201,104.89942216461,104.899402705309
12.232071190499401,104.890816481386,104.89079702209099
12.589254117941699,104.881320203985,104.88130074468
12.9568669751703,104.871922397966,104.871902938655
13.3352143216333,104.861623843079,104.861604383765
13.724609610075699,104.850878363191,104.850858903868
14.125375446227601,104.83966614604699,104.839646686729
14.5378438560767,104.82748743942599,104.82746798010101
14.9623565609444,104.814792810944,104.81477335161
15.399265260595,104.801583474539,104.80156401521199
15.8489319246112,104.787549405433,104.787529946102
16.311729092278501,104.772653082828,104.772633623479
16.7880401812257,104.757134152296,104.757114692946
17.278259805078701,104.74049478335699,104.740475324001
17.7827941003893,104.722683335512,104.72266387614501
18.302061063110699,104.704155783212,104.70413632383899
18.836490894898098,104.6848762755,104.684856816128
19.3865263595222,104.66430462148401,104.664285162111
19.9526231496889,104.642430533377,104.642411073988
20.535250264571602,104.61969883324301,104.619679373848
21.134890398366601,104.59580720698,104.595787747583
21.7520403401954,104.57027091259,104.570251453179
22.3872113856835,104.54373290063501,104.54371344121
23.040929760558601,104.515687153187,104.515667693757
23.713737056616701,104.485200313782,104.48518085434
24.40619068042,104.454025325621,104.454005866164
25.118864315096001,104.42124622077699,104.421226761306
25.852348395622101,104.38702307789499,104.387003618411
26.607250597988301,104.350842290055,104.35082283056001
27.384196342643801,104.312900969526,104.31288151000901
28.183829312644701,104.272710701419,104.272691241883
29.006811986931702,104.231099447519,104.231079987968
29.853826189179799,104.1874108036,104.18739134404299
30.725573652674701,104.140671235206,104.140651775626
31.622776601683999,104.09237891576601,104.092359456162
32.546178349804798,104.04229066066701,104.042271201052
33.496543915783001,103.98947010467801,103.989450645038
34.474660657315198,103.934118078785,103.934098619113
35.481338923357796,103.87642153032699,103.876402070636
36.517412725484,103.816312674435,103.81629321472199
37.583740428844699,103.752415107404,103.75239564766601
38.681205463305503,103.686809297964,103.686789838183
39.810717055349997,103.61834527571401,103.618325815909
40.973210981354399,103.54698568425501,103.546966224426
42.169650342858503,103.471968884863,103.471949425003
43.401026364474703,103.394361571818,103.394342111901
44.668359215096601,103.31386144858701,103.313841988644
45.9726988530876,103.230385949348,103.230366489372
47.315125896148402,103.142596666564,103.142577206531
48.696752516586699,103.052216194509,103.052196734422
50.1187233627276,102.958741236061,102.95872177592599
51.582216507231003,102.86105573277101,102.86103627257199
53.088444423099197,102.76049932153001,102.760479861275
54.638654988185799,102.65630586147201,102.656286401163
56.234132519035299,102.54882542842699,102.548805968051
57.876198834912501,102.43810226648399,102.43808280605801
59.566214352901497,102.32303002938301,102.323010568882
61.3055792149826,102.205124400061,102.205104939488
63.095734448019797,102.08281132966,102.082791869011
64.938163157621702,101.957000830247,101.95698136950899
66.834391756862004,101.82829636677501,101.828276905957
68.785991230881294,101.695619354315,101.695599893392
70.794578438414405,101.55916857545699,101.55914911443899
72.861817451323404,101.419605376622,101.41958591549999
74.989420933246194,101.276047615011,101.27602815377099
77.1791515585019,101.129212128791,101.12919266745
79.432823472428794,100.97888492397099,100.97886546251
81.752303794365702,100.825040354444,100.825020892835
84.139514164520193,100.66776415717401,100.667744695433
86.596432336007297,100.50736926368501,100.507349801776
89.125093813375301,100.34370013486701,100.343680672804
91.727593538978795,100.17682880296999,100.176809340753
94.406087628593198,100.00676973832,100.006750275931
97.1627951577115,99.833399111640702,99.8333796490694
100.00000000000099,99.657092458025005,99.657072995249493
102.920052719444,99.478030214306102,99.478010751315196
105.92537251773,99.295925137410606,99.295905674213202
109.01844923851399,99.1109276767735,99.110908213342896
112.201845430197,98.923503089943196,98.923483626256001
115.478198468947,98.733111712758102,98.733092248798997
118.850222743703,98.540297592865102,98.540278128643095
122.320711904994,98.344914199826604,98.344894735297402
125.892541179418,98.147212141211895,98.1471926763884
129.568669751703,97.946922432882502,97.946902967708994
133.35214321633401,97.744564023175499,97.7445445576422
137.246096100758,97.539958346262694,97.539938880372901
141.25375446227699,97.333252981920594,97.333233515641197
145.37843856076799,97.124547931818896,97.124528465112903
149.623565609445,96.913872773037696,96.913853305879499
153.99265260595101,96.701416960870304,96.701397493247995
158.48931924611301,96.487284043674194,96.4872645755718
163.117290922785,96.271199865862201,96.271180397232399
167.88040181225799,96.053522569906903,96.053503100716199
172.78259805078801,95.834190124794901,95.834170655012798
177.82794100389401,95.613344626559595,95.613325156142395
183.02061063110699,95.391186627062396,95.391167156000293
188.36490894898199,95.167566451448806,95.167546979685
193.86526359522301,94.942592158326804,94.942572685806894
199.52623149689001,94.716370563224402,94.716351089945107
205.35250264571701,94.488858412732398,94.488838938597794
211.34890398366699,94.260341535210003,94.260322060210896
217.52040340195401,94.030675747575501,94.030656271639401
223.87211385683599,93.799953304820093,93.799933827891607
230.409297605587,93.568148453423206,93.568128975452296
237.13737056616799,93.335452594195004,93.335433115106298
244.06190680420099,93.101867681468406,93.101848201187096
251.18864315096101,92.867434512431203,92.867415030931099
258.52348395622198,92.632161886474094,92.632142403639804
266.072505979884,92.396123383512304,92.396103899288605
273.84196342643901,92.159336448925401,92.159316963222196
281.83829312644798,91.921842936247202,91.921823448964403
290.06811986931802,91.683683340585603,91.683663851652298
298.53826189179898,91.4448994542132,91.4448799635162
307.25573652674802,91.205512000063493,91.205492507506804
316.22776601684097,90.965540847332306,90.965521352807102
325.46178349804899,90.725022688741404,90.725003192116503
334.96543915783099,90.484041904558396,90.484022405719699
344.74660657315297,90.2425222798025,90.242502778617293
354.81338923357998,90.0005886319029,90.000569128248202
365.17412725484201,89.758166368620607,89.758146862296798
375.83740428844902,89.515375448648797,89.515355939545699
386.81205463305702,89.272176319553097,89.272156807514605
398.10717055350199,89.028606680621294,89.0285871654429
409.732109813546,88.784683524300107,88.784664005805993
421.69650342858699,88.540425842378099,88.540406320381393
434.01026364474899,88.295858685454505,88.295839159716607
446.68359215096802,88.051018326864195,88.050998797207896
459.72698853087797,87.805845454347306,87.805825920512106
473.15125896148601,87.5604355067467,87.560415968493103
486.96752516586901,87.314767273780504,87.314747730851295
501.18723362727798,87.0688889578351,87.068869409955994
515.82216507231203,86.822749228306805,86.822729675173207
530.88444423099497,86.576419157633694,86.576399598953302
546.38654988186101,86.329861147145195,86.329841582551694
562.34132519035597,86.083125460733498,86.083105889923601
578.76198834912805,85.8362010692897,85.836181491854006
595.66214352901795,85.5891162226376,85.589096638185794
613.05579214982799,85.341871192061305,85.341851600207306
630.95734448020096,85.094476795664605,85.094457195959905
649.38163157622,84.846922407485593,84.846902799438794
668.34391756862306,84.5992408505399,84.599221233685697
687.85991230881598,84.351438715907904,84.351419089726605
707.94578438414703,84.103512175759406,84.103492539660294
728.61817451323702,83.855471666270503,83.855452019687903
749.89420933246595,83.607315710741702,83.607296053066605
771.79151558502201,83.359056272780094,83.359036603346098
794.32823472429197,83.110707800170601,83.110688118271398
817.52303794366105,82.862262399612106,82.862242704532406
841.39514164520597,82.613731325077595,82.613711616022997
865.96432336007695,82.365116704986406,82.365096981141406
891.25093813375702,82.116426347716498,82.116406608194893
917.27593538979204,81.867668249604506,81.867648493476594
944.06087628593605,81.618837265990294,81.618817492269301
971.62795157711901,81.369941488913298,81.3699216965625
1000.00000000001,81.120980994388901,81.120961182302295
1029.2005271944399,80.871962039628002,80.871942206628802
1059.2537251773001,80.622891727837299,80.6228718726869
1090.1844923851399,80.373766840317998,80.373746961710793
1122.01845430198,80.124596606657306,80.124576703189803
1154.7819846894699,79.875376795035194,79.875356865243603
1188.5022274370299,79.626111946984295,79.626091989301401
1223.2071190499501,79.376817185601098,79.376797198422295
1258.92541179418,79.127473396092896,79.127453377612497
1295.6866975170401,78.878093978390496,78.8780739267672
1333.52143216334,78.628681381499902,78.628661294786696
1372.46096100758,78.3792350170893,78.379214893197499
1412.5375446227699,78.129755488923394,78.129735325640397
1453.78438560768,77.880252490978705,77.880232285990999
1496.23565609445,77.630717761884398,77.630697512708394
1539.92652605951,77.381155138979196,77.381134842991699
1584.89319246114,77.131575129153305,77.131554783606106
1631.1729092278599,76.881967464480795,76.881947066380803
1678.8040181225799,76.632339369695799,76.632318915995
1727.8259805078901,76.382689318096695,76.382668805465102
1778.2794100389499,76.133016849269694,76.132996274212204
1830.20610631108,75.883330514778606,75.883309873618501
1883.64908948983,75.633624579195796,75.633603867977598
1938.65263595223,75.383901123158296,75.383880337758598
1995.26231496891,75.134163571786303,75.134142707815997
2053.52502645718,74.884412112215003,74.8843911650075
2113.4890398366801,74.634647564725199,74.6346265293447
2175.2040340195499,74.384868897888097,74.384847769152003
2238.72113856837,74.135075928124607,74.135054700448805
2304.0929760558802,73.885273912872805,73.885252580402707
2371.3737056616901,73.635459662911103,73.635438219457299
2440.61906804202,73.385634652935806,73.385613091897397
2511.8864315096198,73.135802567485896,73.135780881928397
2585.2348395622298,72.885957465194707,72.885935647701103
2660.72505979885,72.636104515212807,72.6360825579942
2738.4196342644,72.386244717920306,72.386222612684307
2818.3829312644998,72.136376875828404,72.136354613810397
2900.6811986931998,71.886501037347003,71.886478609245799
2985.3826189180099,71.6366186013598,71.636595997360601
3072.5573652674898,71.386729354066702,71.386706563758096
3162.27766016843,71.136833946015102,71.136810958306299
3254.61783498051,70.8869328786149,70.886909681830105
3349.65439157833,70.637026148970605,70.637002730711899
3447.4660657315499,70.387114166836199,70.387090514008506
3548.1338923358098,70.137197334551104,70.137173433243206
3651.7412725484401,69.887276623278893,69.887252458766199
3758.3740428844999,69.637350839056793,69.637326395755494
3868.1205463305801,69.387421316843799,69.387396578198405
3981.0717055350401,69.137486733954702,69.137461682490994
4097.3210981354796,68.887549658196605,68.887524275366204
4216.9650342858904,68.637608218655302,68.637582484813905
4340.1026364475101,68.387664657949898,68.387638552322201
4466.8359215096998,68.137717275683102,68.137690776238003
4597.2698853088004,67.887767007641003,67.887740091022195
4731.5125896148802,67.637813789272997,67.637786430779599
4869.6752516587103,67.387858577737106,67.387830751175301
5011.8723362728097,67.137900438748801,67.137872116399805
5158.2216507231396,66.887940140136706,66.887911292603903
5308.84444230997,66.637977819634699,66.637948415849806
5463.8654988186299,66.388013265156701,66.387983272108798
5623.4132519035902,66.138046892275497,66.138016275054795
5787.6198834913002,65.888078495797501,65.888047217422297
5956.6214352902098,65.638108398598902,65.638076419880093
6130.55792149831,65.388137048644595,65.388104328138397
6309.5734448020403,65.138163762516598,65.138130256209493
6493.8163157622203,64.888189303184305,64.888154964547695
6683.4391756862597,64.638213295613099,64.638178075308005
6878.59912308819,64.388236183365606,64.388200029178293
7079.4578438415001,64.138257955683599,64.138220812254403
7286.1817451324096,63.888278434002899,63.888240242762301
7498.9420933246902,63.638297894523902,63.638258593342599
7717.9151558502599,63.388316395504603,63.388275918630796
7943.28234724296,63.138333899833398,63.138292177555002
8175.2303794366499,62.888350670349197,62.888307628930903
8413.9514164521006,62.638366486119402,62.638322047367197
8659.6432336008093,62.3883816205662,62.388335701705799
8912.5093813376097,62.138396041406899,62.138348554686701
9172.75935389796,61.8884098017963,61.8883606543817
9440.6087628593996,61.638422861837199,61.638371955304002
9716.2795157712408,61.388435408406302,61.388382638484302
10000.0000000002,61.138447494790398,61.138392751079998
10292.005271944499,60.888458993700802,60.888402159299801
10592.537251773099,60.6384700384951,60.638410989483198
10901.8449238515,60.3884807049008,60.388419310044497
11220.184543019799,60.138490990374997,60.1384271107205
11547.819846894799,59.888500857753698,59.888434346035901
11885.0222743704,59.638510488425098,59.638441188705997
12232.071190499501,59.388519765730102,59.388447512782498
12589.2541179419,59.138528836106303,59.138453455005198
12956.8669751704,58.888537656733703,58.888458962035799
13335.214321633501,58.638546322112497,58.638464117564801
13724.6096100759,58.388554804220902,58.388468881805501
14125.375446227799,58.138563161873002,58.138473301310903
14537.843856076899,57.888571384973197,57.888477352907501
14962.3565609446,57.638579533105599,57.638481082374902
15399.265260595201,57.3885876404117,57.3884845092105
15848.931924611399,57.1385957047912,57.138487615782203
16311.7290922787,56.888603774626702,56.8884904340783
16788.040181225901,56.638611851820301,56.638492948509999
17278.259805079,56.388620020545297,56.3884952249227
17782.794100389601,56.138628219620202,56.138497182529498
18302.061063110901,55.888636568051297,55.888498919699401
18836.490894898401,55.638645022336,55.6385003709457
19386.526359522399,55.388653639207703,55.388501569894501
19952.6231496892,55.138662453210799,55.138502526427601
20535.2502645719,54.888671489801602,54.888503239985099
21134.890398366901,54.638680759001197,54.638503693002697
21752.040340195701,54.388690326132199,54.3885039215657
22387.2113856838,54.138700201469199,54.138503905065001
23040.929760558902,53.888710427918198,53.888503653591798
23713.737056616999,53.638721025475597,53.638503152379599
24406.190680420299,53.388732032444402,53.388502402985999
25118.8643150963,53.138743500653398,53.1385014182856
25852.348395622401,52.888755438622901,52.8885001654671
26607.250597988601,52.638767914969897,52.638498669523102
27384.196342644202,52.388780964946498,52.388496919359802
28183.829312645099,52.138794622961697,52.138494900376699
29006.811986932102,51.888808939216801,51.888492610751697
29853.826189180199,51.638823960665597,51.638490042470899
30725.573652675099,51.388839738168301,51.388487188127201
31622.776601684502,51.138856321583397,51.138484035765401
32546.178349805301,50.888873759991696,50.888480569109802
33496.543915783499,50.638892122629599,50.6384767881489
34474.660657315697,50.388911474294098,50.388472684333699
35481.3389233583,50.138931856160099,50.1384682210238
36517.412725484603,49.888953358578497,49.888463406340598
37583.740428845202,49.638976044430898,49.638458215926903
38681.205463306003,49.388999990105098,49.388452633870997
39810.7170553506,49.139025272769203,49.138446639427002
40973.210981354998,48.889051968404097,48.888440205036197
42169.650342859102,48.639080189647999,48.638433333606301
43401.026364475299,48.389110002880997,48.388425975146603
44668.359215097298,48.139141527775202,48.1384181262951
45972.698853088201,47.889174853389903,47.888409745664198
47315.125896149097,47.639210096920301,47.638400812293298
48696.752516587403,47.389247376273197,47.388391297834801
50118.723362728299,47.139286813948999,47.138381169677402
51582.2165072317,46.889328532795801,46.888370386606802
53088.444423100002,46.639372679721802,46.638358921650998
54638.654988186601,46.389419403241298,46.388346739137098
56234.132519036197,46.139468840727503,46.1383337813838
57876.198834913397,45.889521182381102,45.888320032044703
59566.214352902403,45.639576589799802,45.638305433827398
61305.579214983401,45.389635242638001,45.388289934623799
63095.734448020703,45.139697329191797,45.138273477275703
64938.163157622599,44.8897630682686,44.888256020583299
66834.391756862999,44.639832677027698,44.638237506264197
68785.991230882297,44.389906377290998,44.388217864609501
70794.578438415396,44.1399844055898,44.138197023114998
72861.817451324401,43.890067039150999,43.8881749318614
74989.420933247296,43.640154546719401,43.638151513115901
77179.151558502999,43.390247204096497,43.3881266757041
79432.823472429998,43.140345336600902,43.138100356148499
81752.303794366904,42.890449253009002,42.888072451663
84139.514164521403,42.6405593023714,42.638042875227598
86596.432336008496,42.390675855764798,42.3880115362903
89125.093813376603,42.140799287856503,42.137978320547099
91727.593538980102,41.8909300197463,41.887943131004299
94406.087628594498,41.641068464487702,41.637905832550402
97162.795157712899,41.391215088127304,41.387866310214697
100000.00000000199,41.141370383970099,41.137824442313303
102920.052719445,40.891534851251897,40.887780076674197
105925.372517731,40.641709025559798,40.637733059095901
109018.44923851499,40.3918935088642,40.387683261075601
112201.845430199,40.142088897641599,40.137630505560601
115478.198468948,39.892295840619497,39.887574622100999
118850.222743705,39.642515009384702,39.637515415077502
122320.711904996,39.392747124409603,39.387452686399399
125892.54117942,39.142992974558702,39.137386252511298
129568.66975170501,38.8932533387269,38.887315862530301
133352.143216336,38.643529102834599,38.637241312099398
137246.09610075899,38.393821145753897,38.387162325633199
141253.754462279,38.144130458194098,38.137078671742699
145378.43856077001,37.894458038264702,37.886990054423997
149623.56560944699,37.644804966675203,37.636896184338703
153992.65260595299,37.395172391815798,37.386796759622499
158489.31924611499,37.145561496236198,37.136691427366202
163117.290922788,36.895973599925398,36.886579882150897
167880.40181226001,36.646410011969202,36.636461712499298
172782.59805078999,36.396872191902503,36.386336556634198
177827.94100389699,36.147361641319698,36.136203988283
183020.61063111,35.897879968838097,35.886063575686102
188364.90894898499,35.648428845617502,35.635914830468202
193865.263595225,35.399010110786001,35.385757306104402
199526.23149689299,35.149625641832003,35.135590461375202
205352.50264572,34.900277455953301,34.885413753995898
211348.90398367,34.6509676600934,34.635226582273198
217520.403401958,34.401698537953003,34.385028364234799
223872.11385684001,34.152472433110702,34.134818411289402
230409.29760558999,33.903291875466003,33.884596045653197
237137.37056617101,33.6541595275053,33.634360536178697
244061.90680420399,33.405078218768097,33.384111122870003
251188.643150964,33.156050889197502,33.1338469488839
258523.483956226,32.907080735566701,32.883567195482399
266072.50597988802,32.658171046522597,32.633270904724398
273841.96342644299,32.409325358289699,32.382957122523401
281838.29312645202,32.1605473824835,32.132624812964202
290068.11986932298,31.911841037098899,31.882272874627802
298538.26189180301,31.6632105051184,31.631900184763701
307255.73652675201,31.414660182079398,31.3815055311224
316227.766016846,31.166194655124301,31.131087574510001
325461.78349805402,30.917818845779799,30.880644974215301
334965.43915783602,30.669537936516502,30.630176296587798
344746.606573158,30.4213573919377,30.3796800174994
354813.38923358498,30.173282935326998,30.129154478671602
365174.12725484697,29.925320710035798,29.878598028751899
375837.40428845398,29.677477101428199,29.628008823463698
386812.05463306198,29.4297588597166,29.377384925742501
398107.17055350798,29.182173164158002,29.1267243466772
409732.109813552,28.934727559563601,28.8760249571658
421696.50342859299,28.6874299462743,28.625284452498299
434010.263644755,28.440288720374401,28.3745004663988
446683.59215097502,28.193312693301799,28.123670462364299
459726.98853088397,27.946511184568301,27.872791798212798
473151.25896149297,27.699893914085401,27.621861589287999
486967.52516587602,27.453471212377099,27.370876888286102
501187.23362728598,27.207253895424401,27.119834526144601
515822.16507231898,26.9612533800818,26.868731199990101
530884.44423100201,26.715481629506801,26.617563379539298
546386.549881869,26.469951142465401,26.3663272678852
562341.32519036403,26.224675290809401,26.115019100466899
578761.98834913597,25.979667818669999,25.863634610681402
595662.14352902595,25.734943304659101,25.612169455203901
613055.79214983701,25.4905170511745,25.360619068109401
630957.34448020998,25.246404961193502,25.108978501001399
649381.631576229,25.0026238351765,24.8572426805909
668343.91756863298,24.759191194571098,24.605406200180699
687859.91230882599,24.516125308758301,24.353463307644802
707945.78438415704,24.2734453675079,24.1014080440344
728618.17451324803,24.031171306849,23.849234032565601
749894.20933247602,23.789323930290099,23.596934570271898
771791.51558503299,23.547925015697,23.344502697661198
794328.23472430301,23.3069971785851,23.091931038322699
817523.03794367204,23.066563873254498,22.839211770614799
841395.14164521801,22.826649496160599,22.586336707983499
865964.32336008898,22.587279409130399,22.3332972932416
891250.93813377002,22.348479905431201,22.080084564974101
917275.935389805,22.110277985174999,21.826688905107801
944060.87628594902,21.872701630185698,21.573100320865102
971627.95157713303,21.635779989535202,21.3193086125669
1000000.00000003,21.399542698608101,21.065302721134699
1029200.52719446,21.1640203560804,20.8110712067542
1059253.72517732,20.929244268083799,20.556602021072202
1090184.4923851599,20.695246548249699,20.301882641494998
1122018.4543019901,20.462059958218699,20.046899947252701
1154781.9846894899,20.229717905766101,19.791640295137601
1188502.2274370501,19.998254253522301,19.536089366950101
1223207.1190499701,19.767703201303799,19.2802321638706
1258925.4117942001,19.538099530397801,19.024053323384202
1295686.69751706,19.309477910820899,18.767536564280199
1333521.4321633601,19.0818733266469,18.5106652196826
1372460.9610076,18.855320552785901,18.253421882578799
1412537.5446227901,18.629853978854701,17.995788373744301
1453784.3856077001,18.4055078544406,17.737746188942399
1496235.6560944801,18.182315505081,17.479275925969301
1539926.52605954,17.960309536038299,17.220357716443502
1584893.19246116,17.739521436567799,16.9609710447033
1631172.90922789,17.519981362179799,16.701094844707001
1678804.0181226099,17.301717837381201,16.440707469899799
1727825.98050791,17.084757635524198,16.179786908216499
1778279.41003898,16.869125115612899,15.918310403352599
1830206.1063111101,16.654842420308899,15.656255071386999
1883649.08948986,16.441928836584498,15.3935975746836
1938652.6359522601,16.230400475299501,15.1303142095248
1995262.3149689401,16.0202701076674,14.8663811834155
2053525.0264572101,15.8115467498159,14.6017745397738
2113489.0398367099,15.604235298293201,14.3364703022357
2175204.0340195899,15.398336330726201,14.0704446436862
2238721.1385684102,15.193845721718199,13.803673992658201
2304092.9760559099,14.990754276207101,13.5361350733517
2371373.7056617201,14.7890474687136,13.2678051238635
2440619.0680420501,14.588705365692199,12.998662208770201
2511886.4315096498,14.3897019983643,12.7286850592254
2585234.8395622699,14.1920057441684,12.4578538159823
2660725.0597988898,13.995578365580499,12.186149542448399
2738419.6342644398,13.800375591656101,11.9135550751213
2818382.9312645402,13.6063464815842,11.640054863330199
2900681.1986932401,13.4134335102805,11.3656352762259
2985382.6189180501,13.2215728657063,11.0902852118579
3072557.3652675399,13.0306938478441,10.8139957971201
3162277.6601684801,12.840719312134,10.536761022436799
3254617.83498056,12.651565871053201,10.2585780937595
3349654.39157838,12.4631435272522,9.9794473199682301
3447466.0657315999,12.275356331802501,9.6993727693544791
3548133.8923358601,12.088102482281901,9.4183624454565997
3651741.2725484902,11.9012744470473,9.1364285064647905
3758374.0428845598,11.714759128236,8.8535873986935201
3868120.5463306401,11.5284383715288,8.5698603040724493
3981071.7055350998,11.3421892732602,8.2852733029895393
4097321.0981355398,11.155884416579701,7.9998576961444696
4216965.0342859495,10.969391730203199,7.7136495655030197
4340102.6364475703,10.7825756024051,7.4266908037657799
4466835.9215097697,10.5952965610559,7.13902854659095
4597269.8853088599,10.4074116164117,6.8507154841300899
4731512.5896149501,10.218774553931601,6.5618098445051398
4869675.2516587796,10.0292359030864,6.2723751468389599
5011872.3362728804,9.8386434144507504,5.9824805469386497
5158221.6507232198,9.6468415182473297,5.6922000240707504
5308844.4423100501,9.4536721061424593,5.4016129582938399
5463865.4988187104,9.2589736432307994,5.1108030748927398
5623413.2519036699,9.0625816717326906,4.8198586790406903
5787619.8834913904,8.8643284289967497,4.5288720111196197
5956621.43529029,8.6640427025649203,4.2379388863161003
6130557.9214984002,8.4615495431615404,3.9471580277107798
6309573.4448021296,8.2566704470153898,3.6566307673243301
6493816.3157623196,8.0492230088742804,3.36646031966538
6683439.1756863603,7.8390210195842203,3.0767510563567702
6878599.12308829,7.6258748563368997,2.78760790834149
7079457.8438416002,7.4095921862331702,2.4991358182090599
7286181.7451325096,7.1899788397883899,2.2114387034578602
7498942.0933248,6.96684067782917,1.92461893314738
7717915.1558503704,6.7399863348475204,1.6387766212589601
7943282.3472430697,6.5092307707021204,1.35400870900291
8175230.3794367602,6.2744010135186903,1.07040849008775
8413951.4164522197,6.0353434037057099,0.78806466362886396
8659643.2336009294,5.7919343158930801,0.50706101798709202
8912509.3813377395,5.5440937203312801,0.22747550726096599
9172759.3538980894,5.2918042975324102,-0.050619976565158903
9440608.7628595401,5.0351360106381398,-0.32716023393649002
9716279.5157713797,4.7742790486583404,-0.602086825560748
10000000.0000003,4.5095860245752899,-0.87534862771006094
10292005.271944599,4.2416271199859397,-1.1469015170302499
10592537.251773201,3.9712594774923899,-1.41670854870579
10901844.9238516,3.6997146255942099,-1.6847394964110201
11220184.543020001,3.4287049440945898,-1.9509704904142799
11547819.846895,3.1605502673079302,-2.2153831545346798
11885022.2743706,2.8983211324262999,-2.4779637017463698
12232071.190499701,2.6459898854256401,-2.7387016266726798
12589254.1179421,2.4085713575724399,-2.9975881506103201
12956866.975170599,2.1922219067979301,-3.25461421652451
13335214.3216337,2.00424907123314,-3.5097682184363999
13724609.6100761,1.8529729801532799,-3.7630335617428199
14125375.446227999,1.7473776248508399,-4.0143852764190102
14537843.856077099,1.6965126011645899,-4.26378698198066
14962356.560944799,1.7086647365327901,-4.5111868666577699
15399265.2605954,1.7904040563236701,-4.7565137529660602
15848931.924611701,1.9456968609785601,-4.9996726491494101
16311729.0922789,2.1753132479547199,-5.24054021344645
16788040.181226201,2.4767052904270099,-5.4789598864454296
17278259.805079199,2.8443935443351802,-5.7147372144856998
17782794.100389801,3.2707466505288498,-5.9476349221542701
18302061.063111201,3.7469379139560499,-6.1773682924557498
18836490.894898601,4.2638607925999397,-6.40360098195411
19386526.3595227,4.8128523805778602,-6.6259407790899498
19952623.149689499,5.3861663763838203,-6.8439364714697
20535250.264572199,5.9772119062543299,-7.0570747420468596
21134890.3983672,6.5806113559380597,-7.2647782890965003
21752040.340195999,7.1921407615180497,-7.4664043617502696
22387211.3856842,7.8086067030072499,-7.6612443776769803
23040929.760559201,8.4276984694508901,-7.8485240377959604
23713737.056617402,9.0478394713587704,-8.0274046384199398
24406190.6804206,9.6680518099031705,-8.1969847275184904
25118864.315096699,10.2878389907598,-8.3563026788679995
25852348.395622801,10.907088278303499,-8.5043394427018093
26607250.597989,11.5259912745572,-8.6400221204885792
27384196.342644598,12.1449812700619,-8.7622269460507098
28183829.312645499,12.7646837516522,-8.8697830076243402
29006811.986932501,13.385879010088001,-8.9614749733009003
29853826.189180601,14.0094740053091,-9.0360457402434502
30725573.652675599,14.6364825736675,-9.0921977013596305
31622776.601684898,15.2680123550684,-9.1285930742205306
32546178.349805702,15.9052577188589,-9.14385250323914
33496543.915783901,16.549498344248398,-9.1365512660351609
34474660.6573162,17.2021029909037,-9.1052128992822894
35481338.923358798,17.864538488735999,-9.0482993982782993
36517412.725485101,18.5383845725637,-8.9641966785047504
37583740.428845704,19.225354941363999,-8.8511946751355808
38681205.463306598,19.927325435317101,-8.7074606358322697
39810717.055351101,20.646371169036001,-8.5310032493234402
40973210.9813556,21.384814174286099,-8.3196258696820902
42169650.3428597,22.1452849220762,-8.0708650152063797
43401026.364475898,22.9308013060683,-7.7819103373360399
44668359.215097897,23.744870789362501,-7.4495000575714503
45972698.8530889,24.591624482132701,-7.0697829515181203
47315125.896149702,25.475994668372699,-6.6381351885303799
48696752.516588099,26.403955143669801,-6.1489127403709096
50118723.362728998,27.382852299448299,-5.5951116083149097
51582216.507232398,28.421873898797099,-4.9678891243934604
53088444.423100799,29.532730618102299,-4.2558718920904299
54638654.988187402,30.7306800951532,-3.4441209497729099
56234132.519037001,32.036121569028303,-2.5125273370515502
57876198.8349142,33.477184775689999,-1.4332147188112201
59566214.352903202,35.094135677390597,-0.16612758145449999
61305579.214984298,36.947280205552801,1.34887562418993
63095734.448021598,39.131921241158302,3.2069791904267801
64938163.1576235,41.807395728724998,5.5674433809292703
66834391.7568639,45.2427363920768,8.6992590305135096
68785991.2308833,49.667377409246697,12.831843370501501
70794578.438416407,52.360182975754803,15.2440568982167
72861817.451325402,49.056883110862699,11.6716266019304
74989420.933248296,45.462995100189097,7.8200551267492902
77179151.558504105,42.852825777504201,4.9636120080112898
79432823.472431093,40.916492722011,2.7923457776795302
81752303.794367999,39.418615027874097,1.0707681693580799
84139514.164522603,38.221243599657299,-0.339219448013797
86596432.3360098,37.2406407863254,-1.5215476218005299
89125093.813377902,36.422973449210602,-2.5302846333240101
91727593.538981393,35.7317942746974,-3.4021520656973898
94406087.628595904,35.141333662755201,-4.1632284221353002
97162795.157714203,34.632705909398901,-4.8327375132621997
100000000.00000399,34.191650778092502,-5.4253009803492596
102920052.719447,33.807128244477703,-5.9523376313376897
105925372.51773299,33.470409156991799,-6.42296708675355
109018449.238517,33.174467295788702,-6.8446125204946604
112201845.43020099,32.913560714451499,-7.2234146776110002
115478198.46895,32.682935993404897,-7.56452368771832
118850222.743706,32.4786146176586,-7.8723093759880101
122320711.904998,32.297235325714702,-8.1505162759654706
125892541.17942099,32.135935832589098,-8.4023798052345899
129568669.751707,31.992262299160299,-8.6307152453811096
133352143.21633799,31.864099139808499,-8.8379867514012496
137246096.100761,31.749613704861201,-9.0263618890259103
141253754.46228099,31.647212070508001,-9.1977553312650304
145378438.560772,31.555503292781999,-9.3538643188045203
149623565.609449,31.473270139082,-9.4961978257132902
153992652.605955,31.399444848797501,-9.6261008128975494
158489319.246117,31.333088874250102,-9.7447746448475794
163117290.92278999,31.273375815378799,-9.8532943675273295
167880401.81226301,31.219576894597498,-9.9526235279000499
172782598.05079299,31.17104858047,-10.0436268840377
177827941.00389901,31.127221902340501,-10.127081493100899
183020610.63111299,31.087593272936601,-10.2036863071261
188364908.94898701,31.051716512397402,-10.2740706097405
193865263.59522799,31.019195941731098,-10.338801407281
199526231.496896,30.989680358769501,-10.3983899613971
205352502.64572299,30.962857779171799,-10.453297576638899
211348903.98367301,30.938450860699,-10.503940704265
217520403.401961,30.916212881909502,-10.550695506561199
223872113.85684299,30.8959242231963,-10.593901922686699
230409297.60559401,30.877389279373201,-10.633867290933001
237137370.56617501,30.8604337338612,-10.670869610977
244061906.80420801,30.844902166008499,-10.705160445454201
251188643.15096799,30.8306559367057,-10.7369675500643
258523483.956229,30.817571309008599,-10.7664972269167
266072505.979891,30.805537799592901,-10.793936442999501
273841963.42644697,30.794456698597799,-10.8194547475854
281838293.12645602,30.7842397698913,-10.843205991886
290068119.86932701,30.7748080829118,-10.8653298864461
298538261.89180797,30.766090981043899,-10.8859534036696
307255736.526757,30.758025162018999,-10.9051920405399
316227766.01684999,30.750553856880199,-10.923150956672099
325461783.49805897,30.743626099769099,-10.9399260044665
334965439.15784103,30.737196081180301,-10.955604648422
344746606.57316297,30.7312225706007,-10.970266795201701
354813389.23359001,30.7256684037539,-10.983985539885101
365174127.254852,30.720500028734499,-10.996827835067799
375837404.288459,30.715687103855299,-11.0088550887879
386812054.63306803,30.711202142143499,-11.0201237010555
398107170.55351299,30.707020195944899,-11.0306855466433
409732109.81355798,30.703118580267201,-11.040588400953199
421696503.428599,30.699476627958902,-11.0498763268895
434010263.64476103,30.696075476831201,-11.0585900126929
446683592.15098101,30.692897876699501,-11.0667670840201
459726988.530891,30.6899280279039,-11.0744423711722
473151258.96149999,30.687151432070099,-11.0816481572745
486967525.165883,30.684554767265698,-11.0884143934019
501187233.62729299,30.682125773748201,-11.094768895142099
515822165.07232702,30.679853156467999,-11.1007375162232
530884444.23101002,30.6777264984092,-11.1063443051218
546386549.88187695,30.675736184230502,-11.1116116463986
562341325.19037199,30.673873333937799,-11.1165603852898
578761988.34914398,30.672129741696299,-11.1212099444675
595662143.52903497,30.670497824534799,-11.1255784251607
613055792.14984596,30.6689705752738,-11.1296827008974
630957344.48021901,30.667541519894101,-11.133538503089
649381631.57623804,30.666204679717701,-11.1371604993347
668343917.56864202,30.664954538901799,-11.1405623617358
687859912.30883598,30.6637860114832,-11.143756835062501
707945784.38416696,30.6626944146313,-11.146755794579001
728618174.51325798,30.6616754431207,-11.1495703011897
749894209.33248699,30.660725144576201,-11.1522106532456
771791515.58504403,30.659839898586601,-11.1546864333346
794328234.72431397,30.6590163964044,-11.1570065517069
817523037.94368398,30.658251621990399,-11.159179287455601
841395141.64523005,30.657542834677098,-11.161212326282399
865964323.36010098,30.656887553272,-11.1631127952492
891250938.13378298,30.656283540614702,-11.164887295887601
917275935.38981795,30.655728789378799,-11.1665419352223
944060876.28596306,30.655221509342301,-11.168082353615899
971627951.57714701,30.654760114861499,-11.1695137517746
1000000000.0000401,30.654343213558398,-11.170840915046
