frequency_Hz,real_T,imag_T
1,76929.1471297346,-2100.35699870527
1.03912230383517,76924.5761010461,-2182.39812033599
1.07977516232771,76919.6410301039,-2267.6330740524
1.12201845430196,76914.3129733591,-2356.18488496516
1.16591440117983,76908.5606946259,-2448.18115709247
1.21152765862859,76902.3505000907,-2543.75422509989
1.25892541179417,76895.6460062777,-2643.04130508442
1.30817747426019,76888.4079763822,-2746.18465288008
1.35935639087852,76880.5940565985,-2853.33171862639
1.41253754462275,76872.1585725941,-2964.63530800913
1.46779926762207,76863.0522170523,-3080.25373772881
1.52522295653902,76853.2218229,-3200.3509990361
1.58489319246111,76842.6100320733,-3325.09691455058
1.64689786548287,76831.1549756139,-3454.66729626964
1.71132830416178,76818.789920911,-3589.24410060346
1.77827941003892,76805.4429144809,-3729.01558207121
1.84784979742229,76791.0363537692,-3874.17643843939
1.9201419386388,76775.4865711071,-4024.92795367323
1.99526231496888,76758.7033728913,-4181.47813222345
2.07332157348595,76740.5895345767,-4344.04182277122
2.15443469003188,76721.0402506762,-4512.84082921126
2.23872113856834,76699.9426033,-4688.10401427777
2.32630506715362,76677.1749159032,-4870.06737831872
2.4173154808041,76652.6061026461,-5058.9741227389
2.51188643150958,76626.0949788875,-5255.07469163044
2.61015721568253,76597.4895146948,-5458.62678586018
2.71227257933202,76566.6260127192,-5669.89534270712
2.81838293126445,76533.3282857079,-5889.15248735891
2.92864456462523,76497.4067299838,-6116.67743689288
3.04321988710772,76458.6573696166,-6352.75636179206
3.16227766016837,76416.8608281511,-6597.6821926392
3.28599324760065,76371.781241288,-6851.75436706535
3.4145488738336,76323.165103438,-7115.27850818613
3.54813389233575,76270.7400561689,-7388.5660275104
3.68694506451957,76214.213603816,-7671.93364032556
3.83118684955728,76153.271742894,-7965.702779963
3.98107170553496,76087.5775773412,-8270.19891407351
4.1368204023885,76016.7697983402,-8585.750725483
4.29866234708227,75940.46114466,-8912.68916686404
4.46683592150962,75858.2367943916,-9251.34636421308
4.64158883361277,75769.6526778142,-9602.05434891649
4.8231784822393,75674.2337619072,-9965.14361157938
5.01187233627271,75571.4722704502,-10340.9414485947
5.20794832859545,75460.8258833393,-10729.7700900525
5.41169526546462,75341.7158898281,-11131.9445779117
5.62341325190348,75213.5253642074,-11547.7703873959
5.84341413373516,75075.597325022,-11977.5407526867
6.07202195690987,74927.2329511001,-12421.5336886012
6.30957344480191,74767.6898138835,-12880.0086630977
6.55641849417977,74596.1802425254,-13353.2029243044
6.81292069057959,74411.8697994002,-13841.3274406608
7.07945784384136,74213.8759025172,-14344.5624284155
7.35642254459639,74001.2666964835,-14863.0524662775
7.64422274252598,73773.0601530298,-15396.9011513599
7.94328234724279,73528.2235570003,-15946.16532044
8.25404185268016,73265.6733216594,-16510.8487751965
8.57695898590891,72984.2753436252,-17090.895565375
8.91250938133743,72682.8458924268,-17686.1827978122
9.2611872812879,72360.1531531606,-18296.5129971151
9.62350626398085,72014.9195354164,-18921.606052973
9.99999999999996,71645.8248289023,-19561.0907829198
10.3912230383517,71251.5103337914,-20214.4961771124
10.7977516232771,70830.5840830645,-20881.2424049456
11.2201845430196,70381.6272646962,-21560.6316785706
11.6591440117983,69903.2019580221,-22251.839096561
12.1152765862858,69393.8602777274,-22953.903605934
12.5892541179416,68852.1550624165,-23665.7192861408
13.0817747426019,68276.6521664262,-24386.0271476198
13.5935639087852,67665.9443850463,-25113.4076547961
14.1253754462275,67018.6671278579,-25846.2743038941
14.6779926762206,66333.5157343119,-26582.8684660078
15.2522295653901,65609.2644792477,-27321.2558904064
15.8489319246111,64844.7870988396,-28059.3251432447
16.4689786548286,64039.0787466558,-28794.7883948004
17.1132830416177,63191.2790272023,-29525.1847697385
17.7827941003892,62300.6959942753,-30247.8867928173
18.4784979742228,61366.8305859559,-30960.1100851108
19.2014193863879,60389.4011010543,-31658.926638996
19.9526231496887,59368.3671825546,-32341.2818778612
20.7332157348595,58303.9527176996,-33004.0156475937
21.5443469003187,57196.6669813928,-33643.8871551957
22.3872113856833,56047.3233234572,-34257.6037731383
23.2630506715361,54857.054698298,-34841.8535392153
24.1731548080409,53627.3252827688,-35393.3409397645
25.1188643150957,52359.9375033456,-35908.8254714608
26.1015721568252,51057.0339354184,-36385.1625455469
27.1227257933201,49721.0933709118,-36819.3455108346
28.1838293126444,48354.9208539311,-37208.5483105144
29.2864456462522,46961.6313708321,-37550.1675725255
30.4321988710771,45544.6271561135,-37841.8629960548
31.6227766016836,44107.5688352089,-38081.5950957009
32.8599324760064,42654.3407563529,-38267.6590699553
34.1454887383358,41189.0111400625,-38398.7138414254
35.4813389233573,39715.787853459,-38473.8053618676
36.8694506451955,38238.9707936164,-38492.3834652047
38.3118684955727,36762.9020000389,-38454.3116457195
39.8107170553495,35291.9147258908,-38359.8694693151
41.3682040238848,33830.2827225795,-38209.7476481137
42.9866234708225,32382.1710056947,-38005.0357006644
44.668359215096,30951.5892808733,-37747.2028698782
46.4158883361275,29542.3491175641,-37438.0727498559
48.2317848223928,28158.0258064737,-37079.7924414153
50.1187233627269,26801.9256410142,-36674.7972144872
52.0794832859543,25477.0591333013,-36225.7717907829
54.116952654646,24186.1205211947,-35735.6091978141
56.2341325190346,22931.4736511017,-35207.3683842316
58.4341413373514,21715.1441199095,-34644.2316823495
60.7202195690985,20538.8174170403,-34049.4630329055
63.0957344480189,19403.8426445051,-33426.3678336625
65.5641849417975,18311.2411892249,-32778.2552821783
68.1292069057957,17261.7197819124,-32108.4036460594
70.7945784384133,16255.6871946272,-31420.0290086549
73.5642254459636,15293.273842943,-30716.2577959165
76.4422274252595,14374.3536285492,-30000.1031691692
79.4328234724276,13498.5672697662,-29274.4454170661
82.5404185268013,12665.3465154051,-28542.0162203426
85.7695898590888,11873.9386913612,-27805.3866040101
89.1250938133739,11123.4309993081,-27066.958431477
92.6118728128787,10412.7742286107,-26328.9590519098
96.2350626398082,9740.80546393456,-25593.4388554075
99.9999999999993,9106.26956996726,-24862.2713373171
103.912230383516,8507.83917693081,-24137.1553915034
107.97751623277,7944.13315662859,-23419.619377543
112.201845430196,7413.7333531687,-22711.0267678614
116.591440117982,6915.19964409276,-22012.5829708403
121.152765862858,6447.08331861731,-21325.3430699429
125.892541179416,6007.93879943504,-20650.2202354252
130.817747426018,5596.33377762472,-19987.994580168
135.935639087852,5210.85788202823,-19339.322242666
141.253754462274,4850.12993951743,-18704.7445595283
146.779926762206,4512.80397497687,-18084.6971631038
152.522295653901,4197.57402744069,-17479.5189120389
158.48931924611,3903.17795748785,-16889.4605307507
164.689786548286,3628.40028951215,-16314.6929256305
171.132830416177,3372.07423775863,-15755.3151029051
177.827941003891,3133.08302154621,-15211.3616519146
184.784979742228,2910.36055971897,-14682.8097745979
192.014193863879,2702.89162506829,-14169.5858529024
199.526231496886,2509.71154074896,-13671.5715504873
207.332157348594,2329.90553208299,-13188.6094384517
215.443469003187,2162.6077347494,-12720.5081822845
223.872113856832,2006.99997464378,-12267.0472827478
232.630506715361,1862.31033801798,-11827.9814026804
241.731548080408,1727.8116047205,-11403.0442910552
251.188643150956,1602.81955106381,-10991.9523384333
261.015721568252,1486.69119562015,-10594.4077743521
271.227257933201,1378.82297965975,-10210.1015427184
281.838293126443,1278.64893146629,-9838.71587106894
292.864456462521,1185.63882395127,-9479.92656042681
304.32198871077,1099.29636104437,-9133.40501334724
316.227766016835,1019.15736406275,-8798.82003460694
328.599324760063,944.788027684508,-8475.83940551606
341.454887383357,875.783204108593,-8164.1312702702
354.813389233572,811.764749612977,-7863.36534101063
368.694506451955,752.379931197021,-7573.21394233911
383.118684955726,697.299896416273,-7293.35291088264
398.107170553494,646.218208285274,-7023.4623645642
413.682040238847,598.849450659012,-6763.22735417796
429.866234708224,554.927896330041,-6512.33841122274
446.683592150959,514.206250994649,-6270.49200076002
464.158883361274,476.45445075872,-6037.39089337919
482.317848223926,441.458542424723,-5812.74446034146
501.187233627268,409.019609696437,-5596.26890649383
520.794832859542,378.952774440964,-5387.68744305203
541.169526546459,351.086249054871,-5186.73041126476
562.341325190344,325.260450039039,-4993.13536082774
584.341413373512,301.327165748389,-4806.64708911849
607.202195690983,279.148769879227,-4627.01764939615
630.957344480187,258.59749773464,-4454.00632445506
655.641849417973,239.554754062814,-4287.37958023916
681.292069057955,221.910480534797,-4126.91099459919
707.945784384131,205.562550567456,-3972.38116951736
735.642254459634,190.416215326768,-3823.5776264975
764.422274252593,176.383579478461,-3680.29468978483
794.328234724274,163.383118079968,-3542.33335815077
825.40418526801,151.339221554747,-3409.50116842265
857.695898590886,140.181774956435,-3281.61205160292
891.250938133737,129.845764492933,-3158.4861840742
926.118728128784,120.270910959754,-3039.94983363203
962.350626398079,111.401331533801,-2925.83520349323
999.99999999999,103.185222305892,-2815.98027394195
1039.12230383516,95.5745632396776,-2710.22864327972
1079.7751623277,88.5248459106837,-2608.42936826603
1122.01845430195,81.9948166892384,-2510.43680482447
1165.91440117982,75.9462455680515,-2416.11044992529
1211.52765862858,70.343701445395,-2325.31478532173
1258.92541179415,65.1543527088917,-2237.91912246235
1308.17747426018,60.3477751810748,-2153.7974507617
1359.35639087851,55.8957775874927,-2072.8282870678
1412.53754462274,51.7722400373562,-1994.8945286762
1467.79926762205,47.9529600201335,-1919.88330994939
1525.222956539,44.4155154421495,-1847.68586071307
1584.8931924611,41.1391311535524,-1778.19736922024
1646.89786548285,38.1045615421693,-1711.31684753505
1711.32830416176,35.2939764929944,-1646.94700106641
1778.2794100389,32.6908577403405,-1584.99410157981
1847.84979742227,30.2799037420512,-1525.36786259323
1920.14193863878,28.0469393554341,-1467.98132018918
1995.26231496886,25.9788337432232,-1412.7507155032
2073.32157348593,24.0634230367042,-1359.59538214959
2154.43469003186,22.2894402497787,-1308.43763579867
2238.72113856831,20.646448910753,-1259.20266841355
2326.3050671536,19.1247812533226,-1211.81844480185
2417.31548080408,17.7154824956065,-1166.21560337933
2511.88643150955,16.4102585445502,-1122.32735929193
2610.15721568251,15.2014267008786,-1080.08941140126
2712.272579332,14.0818711243177,-1039.43985197188
2818.38293126442,13.0450005572563,-1000.31907971821
2928.6445646252,12.0847103669421,-962.669715487302
3043.21988710769,11.1953465216894,-926.436520879323
3162.27766016834,10.3716716899856,-891.56632002973
3285.99324760062,9.60883529531243,-858.007923674191
3414.54887383356,8.90234447871531,-825.712055896995
3548.13389233571,8.24803852486053,-794.631283996259
3686.94506451953,7.64206370888291,-764.719949796746
3831.18684955724,7.08085047314596,-735.934104647532
3981.07170553493,6.56109303893646,-708.231445797068
4136.82040238846,6.07972976823653,-681.571255432118
4298.66234708223,5.63392485494138,-655.914341809472
4466.83592150958,5.22105197011616,-631.222982596093
4641.58883361272,4.83867891167128,-607.460870194724
4823.17848223925,4.48455253351709,-584.593059126031
5011.87233627266,4.15658644521173,-562.585915258358
5207.9483285954,3.8528484842387,-541.407066759787
5411.69526546457,3.57154888443718,-521.025357255862
5623.41325190342,3.3110302827331,-501.410800225222
5843.4141337351,3.06975747676085,-482.534535438767
6072.02195690981,2.8463089738598,-464.368786731423
6309.57344480185,2.63936794263384,-446.886821533066
6556.41849417971,2.44771497816781,-430.062911821148
6812.92069057953,2.27022071320513,-413.872296489682
7079.45784384129,2.10583917203839,-398.291145057985
7356.42254459632,1.95360178758185,-383.296522934135
7644.22274252591,1.81261131064267,-368.866357772825
7943.28234724271,1.68203690476737,-354.979407134528
8254.04185268008,1.56110914909865,-341.615227369443
8576.95898590883,1.44911535138148,-328.754143639067
8912.50938133734,1.34539548601578,-316.37722111597
9261.18728128781,1.24933831256103,-304.466237125474
9623.50626398076,1.16037774297899,-293.003654517597
9999.99999999987,1.07798954085906,-281.972595750793
10391.2230383516,1.00168805464232,-271.356818343191
10797.751623277,0.931023737717899,-261.140690814424
11220.1845430195,0.865579990765222,-251.309169879671
11659.1440117982,0.804971270462615,-241.847778229494
12115.2765862857,0.748840305977109,-232.742583329629
12589.2541179415,0.696856241391072,-223.98017690734
13081.7747426018,0.648712747221418,-215.547655303865
13593.5639087851,0.604126110311908,-207.432600426316
14125.3754462274,0.562833521292242,-199.623061532434
14677.9926762205,0.524591623292634,-192.107537651177
15252.22956539,0.489175084103216,-184.874960658196
15848.9319246109,0.456375051460784,-177.914679002956
16468.9786548285,0.425998309015737,-171.216442056599
17113.2830416176,0.397865776541051,-164.770384992265
17782.794100389,0.37181169911278,-158.567014297657
18478.4979742226,0.347682466216536,-152.597193828181
19201.4193863878,0.325335892580591,-146.852131303567
19952.6231496885,0.304640286798367,-141.32336542129
20733.2157348593,0.285473630803311,-136.002753384221
21544.3469003185,0.267723007157144,-130.882458895699
22387.2113856831,0.251283774466531,-125.954940682162
23263.0506715359,0.236059045033683,-121.212941329857
24173.1548080407,0.2219591009231,-116.649476637477
25118.8643150954,0.208900818490144,-112.257825328345
26101.572156825,0.196807235251302,-108.031519152939
27122.7257933199,0.185607086120467,-103.964333349749
28183.8293126441,0.175234355062561,-100.050277530121
29286.4456462519,0.165627911998601,-96.2835867898704
30432.1988710768,0.1567311303968,-92.6587132804803
31622.7766016833,0.148491585496102,-89.1703180085585
32859.9324760061,0.140860698046211,-85.8132629806614
34145.4887383355,0.133793503152982,-82.5826036483902
35481.338923357,0.127248345651044,-79.4735816042829
36869.4506451952,0.121186649247488,-76.4816176051531
38311.8684955723,0.115572694819181,-73.6023047967465
39810.7170553491,0.110373385371911,-70.831402257296
41368.2040238844,0.105558075533131,-68.1648287236636
42986.6234708221,0.101098387911322,-65.5986566018841
44668.3592150956,0.0969680417680321,-63.1291061550192
46415.8883361271,0.0931426857615738,-60.7525399786349
48231.7848223923,0.0895997800726761,-58.4654576139911
50118.7233627265,0.0863184409121103,-56.2644903831853
52079.4832859538,0.0832793249771922,-54.1463964741813
54116.9526546455,0.0804645264143839,-52.1080561097273
56234.132519034,0.0778574498167683,-50.1464669963581
58434.1413373508,0.0754427341989422,-48.2587398746544
60720.2195690979,0.0732061445856453,-46.4420942860294
63095.7344480184,0.0711344968218103,-44.6938544643265
65564.1849417969,0.0692155855236202,-43.011445389547
68129.2069057951,0.0674380985054857,-41.3923890210664
70794.5784384127,0.0657915590589722,-39.8343006040969
73564.225445963,0.0642662633476722,-38.334885209211
76442.2274252588,0.0628532211275764,-36.8919343150084
79432.8234724269,0.0615441043426417,-35.5033225585636
82540.4185268005,0.0603311973454385,-34.1670046329412
85769.589859088,0.0592073523304154,-32.8810122374633
89125.0938133731,0.0581659432167784,-31.6434512077121
92611.8728128779,0.0572008330298817,-30.452498707714
96235.0626398073,0.0563063334080031,-29.306400552267
99999.9999999984,0.0554771731502941,-28.203468629454
103912.230383515,0.0547084650602084,-27.1420783991155
107977.516232769,0.0539956783002997,-26.1206665122262
112201.845430195,0.0533346109080032,-25.1377285056612
116591.440117981,0.0527213675499953,-24.1918165801058
121152.765862857,0.052152332989005,-23.281537480998
125892.541179415,0.0516241546724931,-22.4055504306794
130817.747426017,0.0511337186926157,-21.5625651623338
135935.63908785,0.0506781343025385,-20.7513400201731
141253.754462273,0.0502547169359246,-19.9706801266604
146779.926762205,0.0498609706182654,-19.219435626699
152522.295653899,0.0494945745084402,-18.4964999855744
158489.319246109,0.0491533698997142,-17.8008083751969
164689.786548284,0.048835344722449,-17.1313360856297
171132.830416175,0.0485386248664284,-16.4870970354136
177827.941003889,0.0482614616074824,-15.8671422987678
184784.979742226,0.0480022212127573,-15.2705587278103
192014.193863877,0.0477593758158836,-14.6964675932387
199526.231496885,0.0475314939140263,-14.1440232963827
207332.157348592,0.0473172324478042,-13.6124121250588
215443.469003185,0.0471153285162475,-13.1008510463303
223872.11385683,0.0469245917473061,-12.6085865690157
232630.506715359,0.046743898130329,-12.1348936126751
241731.548080406,0.0465721822766383,-11.6790744574754
251188.643150954,0.0464084321622719,-11.2404577081835
261015.721568249,0.0462516822517014,-10.8183973072216
271227.257933198,0.0461010087804855,-10.4122715809684
281838.29312644,0.0459555230822656,-10.0214823290854
292864.456462518,0.0458143677078504,-9.64545393458958
304321.988710767,0.0456767100377044,-9.28363252483577
316227.766016832,0.0455417385042033,-8.93548515265198
328599.32476006,0.0454086570180891,-8.600499004755
341454.887383354,0.0452766807530872,-8.27818065840237
354813.389233569,0.0451450311894231,-7.96805534428249
368694.506451951,0.0450129315923566,-7.66966625139206
383118.684955722,0.0448796024738597,-7.38257385233708
398107.17055349,0.044744257019489,-7.10635525857628
413682.040238843,0.0446060962172231,-6.84060359400979
429866.23470822,0.0444643045034746,-6.58492739407348
446683.592150955,0.0443180444379006,-6.33895003280901
464158.883361269,0.0441664520451571,-6.10230916892015
482317.848223922,0.0440086317105677,-5.87465620250076
501187.233627263,0.0438436506387112,-5.6556557737018
520794.832859537,0.0436705334478066,-5.44498525583281
541169.526546454,0.0434882562874652,-5.24233428937073
562341.325190339,0.0432957406954367,-5.04740431692778
584341.413373507,0.0430918473243669,-4.85990814701763
607202.195690977,0.0428753688789768,-4.67956952911546
630957.344480182,0.0426450230716618,-4.50612274350515
655641.849417967,0.0423994446476582,-4.33931220954369
681292.069057949,0.0421371776979223,-4.17889211224297
707945.784384125,0.0418566660536906,-4.02462602965581
735642.254459628,0.0415562447343989,-3.87628659119265
764422.274252586,0.0412341293720851,-3.73365513563121
794328.234724267,0.0408884054515066,-3.59652138980217
825404.185268003,0.0405170168719006,-3.46468315358926
857695.898590878,0.0401177531096757,-3.33794600022977
891250.938133729,0.0396882358863339,-3.21612298722841
926118.728128776,0.0392259048239203,-3.09903437628063
962350.62639807,0.0387280010145446,-2.98650736451821
999999.999999981,0.0381915508670337,-2.8783758245622
1039122.30383515,0.0376133472213326,-2.77448005564675
1079775.16232769,0.036989929576882,-2.67466654018996
1122018.45430194,0.0363175623821635,-2.57878771214051
1165914.40117981,0.0355922124041175,-2.4867017297092
1211527.65862857,0.0348095225868948,-2.3982722598897
1258925.41179414,0.0339647851730768,-2.31336826355617
1308177.47426017,0.0330529117546162,-2.23186379478742
1359356.3908785,0.0320684016257325,-2.15363779683459
1412537.54462273,0.0310053060283182,-2.07857391232842
1467799.26762204,0.0298571907874369,-2.00656029154708
1525222.95653899,0.0286170947899574,-1.93748940902619
1584893.19246108,0.027277485527199,-1.87125788040477
1646897.86548284,0.0258302105024557,-1.80776628499384
1711328.30416175,0.0242664441721647,-1.74691898742076
1778279.41003889,0.0225766313063073,-1.68862396303771
1847849.79742225,0.0207504242732058,-1.63279262068892
1920141.93863876,0.0187766163303847,-1.5793396273924
1995262.31496884,0.0166430677327639,-1.52818272848957
2073321.57348591,0.0143366276229274,-1.47924256485619
2154434.69003184,0.0118430471005543,-1.43244248689866
2238721.13856829,0.00914688813004011,-1.387708356597
2326305.06715358,0.00623142205102324,-1.34496834640028
2417315.48080405,0.00307852349046976,-1.30415272187524
2511886.43150953,-0.000331446426201386,-1.26519361293114
2610157.21568248,-0.00401976286883943,-1.2280247649374
2712272.57933197,-0.00800946973978381,-1.19258126971375
2818382.9312644,-0.0123255189110202,-1.15879927017461
2928644.56462518,-0.0169949174902849,-1.12661563231473
3043219.88710766,-0.0220468812604966,-1.09596758075228
3162277.66016831,-0.0275129922197213,-1.06679228839766
3285993.24760059,-0.0334273592915411,-1.03902641242136
3414548.87383353,-0.0398267762495421,-1.01260556541456
3548133.89233568,-0.04675087305146,-0.987463711666375
3686945.0645195,-0.0542422531755808,-0.963532472477278
3831186.84955721,-0.0623466048152076,-0.940740324765873
3981071.70553489,-0.0711127724882307,-0.919011674297913
4136820.40238842,-0.0805927704300165,-0.898265780677353
4298662.34708219,-0.0908417076149242,-0.878415510880077
4466835.92150954,-0.101917590262612,-0.859365889940226
4641588.83361268,-0.113880951404762,-0.841012423210738
4823178.4822392,-0.126794241186586,-0.823239156860749
5011872.33627262,-0.140720889369674,-0.805916444829624
5207948.32859535,-0.155723923184844,-0.788898403419067
5411695.26546452,-0.171863986075494,-0.772020040822552
5623413.25190337,-0.189196559453983,-0.755094075588353
5843414.13373505,-0.207768132517251,-0.737907505754264
6072021.95690975,-0.227611004258783,-0.720218059035856
6309573.4448018,-0.24873633809942,-0.701750763331728
6556418.49417965,-0.271125030503984,-0.682195056497499
6812920.69057946,-0.294715937751658,-0.661203084164653
7079457.84384122,-0.319391048964063,-0.638390185336987
7356422.54459625,-0.344957385674388,-0.613338992526529
7644222.74252583,-0.371125826289193,-0.585609098054002
7943282.34724264,-0.397487835383618,-0.55475474673879
8254041.85268,-0.423492352501596,-0.520353367523583
8576958.98590875,-0.448426939573429,-0.482047577353548
8912509.38133726,-0.471409613397635,-0.439602128434388
9261187.28128773,-0.491400117297135,-0.392974471533144
9623506.26398067,-0.507240667854893,-0.342392745485264
9999999.99999978,-0.51773476146805,-0.288428272039221
10391223.0383515,-0.521766557819684,-0.232042642740015
10797751.6232769,-0.518451794579227,-0.174585625109012
11220184.5430194,-0.507295997504514,-0.117723873666609
11659144.0117981,-0.488322726917776,-0.0632948751459359
12115276.5862856,-0.462131916106303,-0.01310373387054
12589254.1179414,-0.429861855018981,0.0312963396753997
13081774.7426016,-0.393055815601115,0.0687877545555961
13593563.9087849,-0.353464308623165,0.0987929868810503
14125375.4462272,-0.312832186692439,0.121281725399424
14677992.6762204,-0.272718394464388,0.136692602503459
15252229.5653898,-0.234378441143908,0.145802204101796
15848931.9246108,-0.198716384330839,0.149579299218905
16468978.6548283,-0.166294696537491,0.149054418364913
17113283.0416174,-0.137381634015311,0.145221317437445
17782794.1003888,-0.112015693811813,0.138974208841687
18478497.9742225,-0.0900716694681393,0.131076353307125
19201419.3863876,-0.0713190256624246,0.122151981743001
19952623.1496883,-0.0554685721965418,0.112693238671336
20733215.7348591,-0.0422069446814031,0.103075282036443
21544346.9003183,-0.0312203003158007,0.0935746403248244
22387211.3856829,-0.0222093730652128,0.0843877300358709
23263050.6715357,-0.0148980773253019,0.075647822501308
24173154.8080405,-0.00903756203251999,0.0674396886699351
25118864.3150952,-0.00440722145257614,0.059811728057843
26101572.1568247,-0.000813785094510455,0.052785702364532
27122725.7933196,0.00191071460994262,0.0463643418888454
28183829.3126439,0.00391154467541219,0.0405371372971361
29286445.6462517,0.00531407128804249,0.0352846241225075
30432198.8710765,0.00622650587960076,0.0305814389113837
31622776.601683,0.00674242747490043,0.0263983950148601
32859932.4760058,0.00694296718809325,0.0227038020882239
34145488.7383352,0.0068985835184897,0.0194642381701879
35481338.9233567,0.0066704000849673,0.0166449743237032
36869450.6451949,0.00631112529190661,0.0142102400984289
38311868.4955719,0.00586562510648074,0.0121234935811393
39810717.0553488,0.00537126753305993,0.0103478151153668
41368204.0238841,0.00485818507826751,0.00884647941880807
42986623.4708217,0.00434959874485092,0.0075836878604573
44668359.2150952,0.0038623097510452,0.00652537957064496
46415888.3361267,0.00340740313867847,0.00564000496259843
48231784.8223919,0.00299113992231993,0.00489914714034878
50118723.362726,0.0026159623548735,0.00427791082966709
52079483.2859534,0.00228151301153858,0.00375504967179077
54116952.654645,0.0019855739382248,0.00331285259411279
56234132.5190335,0.00172485859374213,0.0029368448628573
58434141.3373503,0.00149562366907403,0.00261537433456882
60720219.5690974,0.00129409939860271,0.0023391507194761
63095734.4480178,0.00111675927744307,0.00210079186389681
65564184.9417963,0.00096046169066691,0.00189441313375773
68129206.9057944,0.000822498722829561,0.00171527894822873
70794578.438412,0.000700584282438282,0.00155952217835057
73564225.4459623,0.000592807630517693,0.00142392816103452
76442227.4252581,0.000497571635661661,0.00130577503526124
79432823.4724262,0.000413528809106315,0.00120272002222451
82540418.5267998,0.000339523079367715,0.00111272109776344
85769589.8590873,0.000274541380194725,0.00103398450484834
89125093.8133723,0.00021767642092106,0.000964930046277622
92611872.812877,0.000168100229747391,0.000904167781907437
96235062.6398064,0.000125047027992236,0.000850481360995973
99999999.9999975,8.78034977497213e-05,0.000802814664222856
103912230.383514,5.57043948788496e-05,0.000760259617978552
107977516.232768,2.81316099562331e-05,0.000722043989636902
112201845.430193,4.51506857166985e-06,0.000687518667596124
116591440.11798,-1.56657637697673e-05,0.000656144395837318
121152765.862856,-3.28806422517196e-05,0.000627478214003617
125892541.179413,-4.75480910694701e-05,0.000601159984312658
130817747.426016,-6.00359856411496e-05,0.000576899405273729
135935639.087849,-7.06632022231983e-05,0.000554463865951236
141253754.462272,-7.97022242528246e-05,0.000533667404810195
146779926.762203,-8.73825123574123e-05,0.000514360939513254
152522295.653898,-9.3894411653962e-05,0.000496423837981343
158489319.246107,-9.93933685398807e-05,0.000479756818806558
164689786.548283,-0.000104004256150329,0.000464276111304085
171132830.416174,-0.000107825640089533,0.000449908761285805
177827941.003888,-0.000110933859752404,0.000436588948265681
184784979.742224,-0.000113386836081235,0.000424255169236407
192014193.863875,-0.000115227554885612,0.000412848151022895
199526231.496883,-0.000116487198578202,0.000402309358700721
207332157.34859,-0.000117187924925964,0.000392579988338737
215443469.003183,-0.00011734530324863,0.000383600344047493
223872113.856828,-0.000116970429597238,0.000375309518623521
232630506.715356,-0.000116071745748436,0.000367645313137968
241731548.080404,-0.000114656590849174,0.000360544343718978
251188643.150951,-0.000112732509421016,0.000353942294750217
261015721.568247,-0.000110308340998247,0.000347774288765602
271227257.933196,-0.000107395109217088,0.000341975347707719
281838293.126438,-0.000104006726856146,0.000336480927107367
292864456.462516,-0.000100160528463228,0.000331227504538038
304321988.710764,-9.58776388006342e-05,0.000326153208326986
316227766.016829,-9.11831849590324e-05,0.000321198469431315
328599324.760057,-8.61063560625456e-05,0.000316306680092726
341454887.383351,-8.0680317974729e-05,0.000311424842116896
354813389.233566,-7.49419878557449e-05,0.000306504184986389
368694506.451948,-6.89316789233876e-05,0.000301500734943088
383118684.955719,-6.26926260306418e-05,0.00029637581486215
398107170.553487,-5.62704079475042e-05,0.000291096456816729
413682040.23884,-4.97122841345015e-05,0.000285635709859256
429866234.708216,-4.30664687469911e-05,0.000279972829691134
446683592.150951,-3.63813653648081e-05,0.000274093340699786
464158883.361265,-2.97047896636353e-05,0.000267988965079162
482317848.223917,-2.3083206534699e-05,0.000261657420142422
501187233.627259,-1.65610077462281e-05,0.000255102089937399
520794832.859532,-1.01798545899435e-05,0.000248331582183672
541169526.546449,-3.9781063895554e-06,0.000241359187899907
562341325.190334,2.009648606317e-06,0.000234202262831514
584341413.373502,7.75294854226805e-06,0.000226881554290605
607202195.690972,1.32256930548854e-05,0.000219420497388563
630957344.480176,1.84062579822822e-05,0.000211844504919157
655641849.417961,2.32774942268891e-05,0.000204180274038204
681292069.057943,2.78266199065782e-05,0.000196455130321026
707945784.384118,3.20450188177885e-05,0.000188696426462759
735642254.459621,3.59279606879941e-05,0.000180931009239064
764422274.252579,3.94742607500338e-05,0.000173184764298346
794328234.724259,4.26858959556511e-05,0.000165482243711315
825404185.267995,4.55675957816149e-05,0.000157846377680455
857695898.59087,4.81264232015036e-05,0.000150298268743693
891250938.133721,5.03713613208321e-05,0.000142857062622692
926118728.128768,5.23129166789422e-05,0.000135539889489487
962350626.398062,5.39627500822362e-05,0.000128361865770784
999999999.999972,5.5333341938871e-05,0.000121336147651715
