case,corner,temperature_C,supply_V,command_V,load_demand_mA,load_pF,rc_network,output_V,signed_error_mV,absolute_error_mV,supply_current_uA,reference_current_uA,gain_dB,unity_frequency_Hz,phase_margin_deg,gain_margin_dB,closed_peak_dB,physical_MOS_checked,physically_valid_DC
tt_mid_0_reduced,tt,27,3.3,1.65,0,20,reduced,1.649973377420036,-0.026622579963886395,0.026622579963886395,260.3418880874655,4.98569538636612,98.8775983535644,3100650.529127684,79.55455516422266,9.364168381075894,-0.0023592708141024397,225,True
tt_mid_source_reduced,tt,27,3.3,1.65,1.0,20,reduced,1.649556281208947,-0.4437187910528717,0.4437187910528717,1207.1379246292108,4.985492561619306,101.64720011574454,3094298.488618135,85.29477542825059,7.826008536532034,-0.006181624629266895,225,True
tt_mid_sink_reduced,tt,27,3.3,1.65,-1.0,20,reduced,1.650682236479284,0.6822364792840041,0.6822364792840041,214.6132467348743,4.988995847269989,98.18023017587541,3029645.0486327787,84.14512676950189,7.735799104551842,0.0038164033400355777,225,True
tt_low_sink_reduced,tt,27,3.3,0.3,-1.0,20,reduced,0.3008793141324329,0.8793141324329179,0.8793141324329179,218.6834821942609,4.989006558064205,55.63848126539503,2241516.5583001664,77.69427405997351,16.743316305060127,-0.01470544204572553,225,True
tt_high_source_reduced,tt,27,3.3,3.0,1.0,20,reduced,2.999320290371842,-0.6797096281578874,0.6797096281578874,1206.0640004328009,4.985491317021077,58.35296187969513,1585631.4815467596,85.32745343260632,20.86386113558787,-0.011930877529549787,225,True
tt_low_0_reduced,tt,27,3.3,0.1,0,20,reduced,0.1001142370696602,0.11423706966019742,0.11423706966019742,241.1095844602282,4.985625534627239,53.26624054741124,2155100.8712993194,74.31700740365409,14.609359837256367,-0.01889189017360688,225,True
tt_high_0_reduced,tt,27,3.3,3.2,0,20,reduced,3.199866615123202,-0.1333848767983703,0.1333848767983703,235.4851701260902,4.985617462548763,56.615367364680765,1802774.5095401213,79.89448640996419,18.09330992531254,-0.012930759105571895,225,True
ss_cold_mid_0_reduced,ss,-40,3.0,1.5,0,20,reduced,1.499976165616095,-0.02383438390496373,0.02383438390496373,184.4067368400293,3.8993271699895793,102.05226545469682,2883018.600274198,78.23796982975684,8.312869382496602,-0.002451847511228535,225,True
ss_cold_mid_source_reduced,ss,-40,3.0,1.5,1.0,20,reduced,1.499676868530969,-0.32313146903106826,0.32313146903106826,1143.836276421223,3.899171747729637,104.28989816491443,2868990.583127411,86.09171951629007,6.428134688397178,-0.007502481205514523,225,True
ss_cold_mid_sink_reduced,ss,-40,3.0,1.5,-1.0,20,reduced,1.500503160669573,0.5031606695728996,0.5031606695728996,149.0000747002459,3.902603681714861,101.18945490714567,2784844.3872971497,83.62131928782954,7.432323511738006,0.6717831558126143,225,True
ss_cold_low_sink_reduced,ss,-40,3.0,0.3,-1.0,20,reduced,0.3005686817347061,0.5686817347060891,0.5686817347060891,152.776245227547,3.902613601282327,62.99991671815875,2392472.4771630713,76.71525654902416,14.818977218525541,-0.006269746323447541,225,True
ss_cold_high_source_reduced,ss,-40,3.0,2.7,1.0,20,reduced,2.699559411805952,-0.4405881940483525,0.4405881940483525,1143.1350760726061,3.899168957184659,65.58614496255126,1855473.7371913488,87.11563690227752,16.92872828842941,-0.00517997686180282,225,True
ss_cold_low_0_reduced,ss,-40,3.0,0.1,0,20,reduced,0.1000315579869687,0.031557986968688834,0.031557986968688834,176.35992901583518,3.8992967275364783,63.47881228156648,2402088.451392464,71.52468792872658,11.45946845582034,-0.005821761134491305,225,True
ss_cold_high_0_reduced,ss,-40,3.0,2.9,0,20,reduced,2.899929917410373,-0.07008258962670766,0.07008258962670766,173.7172713861834,3.899292018929341,66.18975774614499,2214999.7061521793,78.98076208234885,13.406283642555712,-0.004265174019448747,225,True
ss_hot_mid_0_reduced,ss,125,3.0,1.5,0,20,reduced,1.49999003167269,-0.009968327310039271,0.009968327310039271,308.9645018869685,6.4466316214741335,96.23091421670534,2939818.672788796,78.39374655550903,8.972719402839646,-0.0023801810476064313,225,True
ss_hot_mid_source_reduced,ss,125,3.0,1.5,1.0,20,reduced,1.499450177079535,-0.5498229204650151,0.5498229204650151,1246.645150303762,6.446418040300435,98.54950851269044,2927025.6976493574,83.38504252727964,8.02781505084184,-0.009626035043187547,225,True
ss_hot_mid_sink_reduced,ss,125,3.0,1.5,-1.0,20,reduced,1.500887961664083,0.8879616640828925,0.8879616640828925,256.4904330709428,6.449512799922908,94.02219895551082,2864086.241515608,83.26020194069116,7.658655154918013,0.00903977193792545,225,True
ss_hot_low_sink_reduced,ss,125,3.0,0.3,-1.0,20,reduced,0.3013239478409291,1.3239478409290961,1.3239478409290961,247.21811782000572,6.449481906253304,49.66078418512815,1605300.8459491844,76.98050918970085,19.160988872259978,-0.029545203341469074,225,True
ss_hot_high_source_reduced,ss,125,3.0,2.7,1.0,20,reduced,2.69897855381376,-1.0214461862401158,1.0214461862401158,1240.539018017336,6.446399080199773,51.795449007451765,973940.1500253711,85.43521045530106,25.00435285975769,-0.024583797301773257,225,True
ss_hot_low_0_reduced,ss,125,3.0,0.1,0,20,reduced,0.1002997499703394,0.2997499703393941,0.2997499703393941,278.2222298721589,6.446535664992612,46.03069298237514,1598304.2593222975,74.63856090122052,16.90821881520763,-0.04354286372496823,225,True
ss_hot_high_0_reduced,ss,125,3.0,2.9,0,20,reduced,2.899763224942909,-0.2367750570910765,0.2367750570910765,269.20612593419906,6.446512464722328,50.21939902690307,1143300.410262291,81.62477556106731,21.60038344336269,-0.02706688712058066,225,True
ff_hot_mid_0_reduced,ff,125,3.6,1.8,0,20,reduced,1.799985716869595,-0.014283130405079447,0.014283130405079447,369.86859605675403,6.540181561283228,94.99768397465859,3308369.29893038,80.33460828230918,10.12836267917254,-0.0022421614776574486,225,True
ff_hot_mid_source_reduced,ff,125,3.6,1.8,1.0,20,reduced,1.799344155074925,-0.6558449250750886,0.6558449250750886,1296.0739643196312,6.539911024085242,97.80000617012016,3309641.506815973,84.53452151045417,8.90426864650034,-0.004718309532791281,225,True
ff_hot_mid_sink_reduced,ff,125,3.6,1.8,-1.0,20,reduced,1.800963455235489,0.9634552354889081,0.9634552354889081,309.2492224507941,6.543366964298766,94.66226913905021,3254736.7678744234,84.1707731568141,8.199785314211317,0.0009265744604284099,225,True
ff_hot_low_sink_reduced,ff,125,3.6,0.3,-1.0,20,reduced,0.3015833266563241,1.5833266563241022,1.5833266563241022,309.7367788731748,6.54336515598849,47.897105743693366,1834228.2417354404,79.43161462036822,19.70708940978695,-0.03667212197012984,225,True
ff_hot_high_source_reduced,ff,125,3.6,3.3,1.0,20,reduced,3.298741704427318,-1.2582955726818668,1.2582955726818668,1293.344045207841,6.539913175509126,50.023350457459486,1272710.1643295416,85.31676707153127,24.417657332280005,-0.03162816046627962,225,True
ff_hot_low_0_reduced,ff,125,3.6,0.1,0,20,reduced,0.1004649937823553,0.46499378235528854,0.46499378235528854,332.1345203390731,6.540050474680245,42.30728816006592,1569526.0260943782,78.72444730854983,19.496220413733234,-0.0669829660413303,225,True
ff_hot_high_0_reduced,ff,125,3.6,3.5,0,20,reduced,3.499658115134508,-0.3418848654921369,0.3418848654921369,318.5467305635,6.540033484046202,46.31162435562351,1273778.1350020838,82.53909775793419,22.976309948844786,-0.04283007176800181,225,True
sf_hot_mid_0_reduced,sf,125,3.0,1.5,0,20,reduced,1.499976679434118,-0.023320565881945754,0.023320565881945754,293.5036830475447,5.829571648177,94.93593478343186,2871198.450865234,78.29530757467609,9.49011565640108,-0.0022987404946190775,225,True
sf_hot_mid_source_reduced,sf,125,3.0,1.5,1.0,20,reduced,1.49934460669465,-0.6553933053499161,0.6553933053499161,1235.992420693824,5.829369478371527,97.14101505411273,2866724.8690649327,83.93597250871336,8.275566570953922,-0.00731467919128325,225,True
sf_hot_mid_sink_reduced,sf,125,3.0,1.5,-1.0,20,reduced,1.501086639830684,1.086639830683911,1.086639830683911,237.8919581750553,5.832531174659201,92.93800713268398,2803000.40027699,83.4046478340982,8.137522019829534,0.0057736751504874765,225,True
sf_hot_low_sink_reduced,sf,125,3.0,0.3,-1.0,20,reduced,0.3015707961576362,1.5707961576362228,1.5707961576362228,236.60510891849322,5.832524518697954,48.78907181196874,1634067.8976002985,77.5995257297241,18.567959400249002,-0.032503714327206834,225,True
sf_hot_high_source_reduced,sf,125,3.0,2.7,1.0,20,reduced,2.698742277813513,-1.2577221864873422,1.2577221864873422,1228.3239569455911,5.829345421691349,49.97977146078571,972412.002108551,85.52587040324553,25.155686517757875,-0.03185176881296212,225,True
sf_hot_low_0_reduced,sf,125,3.0,0.1,0,20,reduced,0.1002981257875717,0.2981257875716986,0.2981257875716986,260.244454382981,5.829465177045755,45.58435087097461,1599314.2382486,75.34812047949663,16.47797177265662,-0.045757590890565726,225,True
sf_hot_high_0_reduced,sf,125,3.0,2.9,0,20,reduced,2.899710309630836,-0.2896903691640418,0.2896903691640418,259.6312581293935,5.829467320742327,48.227577550508876,1122009.2294580648,81.57332961004988,21.95777726692147,-0.03438402279514156,225,True
fs_hot_mid_0_reduced,fs,125,3.0,1.5,0,20,reduced,1.500003029990636,0.0030299906359498863,0.0030299906359498863,335.75598826833686,6.755105489306841,94.88650743304206,3022163.165092212,80.55130120620397,9.329504590049108,-0.0021186673963339837,225,True
fs_hot_mid_source_reduced,fs,125,3.0,1.5,1.0,20,reduced,1.499379455799208,-0.6205442007920503,0.6205442007920503,1261.867422076854,6.754859037482458,97.17704232791283,3010486.6397254295,84.79639595134157,8.132574320657314,-0.008164750842591648,225,True
fs_hot_mid_sink_reduced,fs,125,3.0,1.5,-1.0,20,reduced,1.500920229768172,0.9202297681720761,0.9202297681720761,280.2161220958093,6.757932748024599,93.28238835438216,2959252.0714666164,84.21365692424118,7.611859637324785,0.006088110961911478,225,True
fs_hot_low_sink_reduced,fs,125,3.0,0.3,-1.0,20,reduced,0.3014647543262064,1.4647543262064078,1.4647543262064078,272.06555668359806,6.757905388282522,48.379080665580304,1685489.8769018657,78.37813249813355,19.878993729698035,-0.034936683345680564,225,True
fs_hot_high_source_reduced,fs,125,3.0,2.7,1.0,20,reduced,2.698930227250906,-1.0697727490942555,1.0697727490942555,1258.9871534916729,6.7548498222441635,51.82733334860118,1160877.6323697174,85.46511226267361,24.13730425984705,-0.024532312224247576,225,True
fs_hot_low_0_reduced,fs,125,3.0,0.1,0,20,reduced,0.1003988107306643,0.3988107306642924,0.3988107306642924,304.2194092913405,6.755008363705582,44.019423832633976,1545084.5451074776,76.8839095232706,18.787776988397667,-0.05517136836852575,225,True
fs_hot_high_0_reduced,fs,125,3.0,2.9,0,20,reduced,2.899760137270655,-0.2398627293449529,0.2398627293449529,288.19602024858733,6.754965073623377,49.445934172174276,1304213.0127737203,82.03947469046888,21.401292928395392,-0.029555954953065705,225,True
